-- --------------------------------------------------------
-- Host:                         127.0.0.1
-- Server version:               8.0.30 - MySQL Community Server - GPL
-- Server OS:                    Win64
-- HeidiSQL Version:             12.11.0.7065
-- --------------------------------------------------------

/*!40101 SET @OLD_CHARACTER_SET_CLIENT=@@CHARACTER_SET_CLIENT */;
/*!40101 SET NAMES utf8 */;
/*!50503 SET NAMES utf8mb4 */;
/*!40103 SET @OLD_TIME_ZONE=@@TIME_ZONE */;
/*!40103 SET TIME_ZONE='+00:00' */;
/*!40014 SET @OLD_FOREIGN_KEY_CHECKS=@@FOREIGN_KEY_CHECKS, FOREIGN_KEY_CHECKS=0 */;
/*!40101 SET @OLD_SQL_MODE=@@SQL_MODE, SQL_MODE='NO_AUTO_VALUE_ON_ZERO' */;
/*!40111 SET @OLD_SQL_NOTES=@@SQL_NOTES, SQL_NOTES=0 */;


-- Dumping database structure for ppm_dies_monitoring
CREATE DATABASE IF NOT EXISTS `ppm_dies_monitoring` /*!40100 DEFAULT CHARACTER SET utf8mb4 COLLATE utf8mb4_0900_ai_ci */ /*!80016 DEFAULT ENCRYPTION='N' */;
USE `ppm_dies_monitoring`;

-- Dumping structure for table ppm_dies_monitoring.cache
CREATE TABLE IF NOT EXISTS `cache` (
  `key` varchar(255) CHARACTER SET utf8mb4 COLLATE utf8mb4_unicode_ci NOT NULL,
  `value` mediumtext CHARACTER SET utf8mb4 COLLATE utf8mb4_unicode_ci NOT NULL,
  `expiration` int NOT NULL,
  PRIMARY KEY (`key`)
) ENGINE=InnoDB DEFAULT CHARSET=utf8mb4 COLLATE=utf8mb4_unicode_ci;

-- Dumping data for table ppm_dies_monitoring.cache: ~8 rows (approximately)
INSERT INTO `cache` (`key`, `value`, `expiration`) VALUES
	('ppm_orange_alert_242_2026-03-16', 'b:1;', 1773680400),
	('ppm_orange_alert_83_2026-03-12', 'b:1;', 1773360000),
	('ppm_red_alert_242_2026-03-16', 'b:1;', 1773680400),
	('ppm_red_alert_243_2026-03-16', 'b:1;', 1773680400),
	('ppm_red_alert_55_2026-03-10', 'b:1;', 1773187200),
	('ppm_red_alert_83_2026-03-12', 'b:1;', 1773360000);

-- Dumping structure for table ppm_dies_monitoring.cache_locks
CREATE TABLE IF NOT EXISTS `cache_locks` (
  `key` varchar(255) CHARACTER SET utf8mb4 COLLATE utf8mb4_unicode_ci NOT NULL,
  `owner` varchar(255) CHARACTER SET utf8mb4 COLLATE utf8mb4_unicode_ci NOT NULL,
  `expiration` int NOT NULL,
  PRIMARY KEY (`key`)
) ENGINE=InnoDB DEFAULT CHARSET=utf8mb4 COLLATE=utf8mb4_unicode_ci;

-- Dumping data for table ppm_dies_monitoring.cache_locks: ~0 rows (approximately)

-- Dumping structure for table ppm_dies_monitoring.customers
CREATE TABLE IF NOT EXISTS `customers` (
  `id` bigint unsigned NOT NULL AUTO_INCREMENT,
  `code` varchar(20) CHARACTER SET utf8mb4 COLLATE utf8mb4_unicode_ci NOT NULL,
  `name` varchar(100) CHARACTER SET utf8mb4 COLLATE utf8mb4_unicode_ci NOT NULL,
  `contact_person` varchar(255) CHARACTER SET utf8mb4 COLLATE utf8mb4_unicode_ci DEFAULT NULL,
  `email` varchar(255) CHARACTER SET utf8mb4 COLLATE utf8mb4_unicode_ci DEFAULT NULL,
  `phone` varchar(255) CHARACTER SET utf8mb4 COLLATE utf8mb4_unicode_ci DEFAULT NULL,
  `address` text CHARACTER SET utf8mb4 COLLATE utf8mb4_unicode_ci,
  `is_active` tinyint(1) NOT NULL DEFAULT '1',
  `created_at` timestamp NULL DEFAULT NULL,
  `updated_at` timestamp NULL DEFAULT NULL,
  PRIMARY KEY (`id`),
  UNIQUE KEY `customers_code_unique` (`code`)
) ENGINE=InnoDB AUTO_INCREMENT=8 DEFAULT CHARSET=utf8mb4 COLLATE=utf8mb4_unicode_ci;

-- Dumping data for table ppm_dies_monitoring.customers: ~7 rows (approximately)
INSERT INTO `customers` (`id`, `code`, `name`, `contact_person`, `email`, `phone`, `address`, `is_active`, `created_at`, `updated_at`) VALUES
	(1, 'HMMI', 'Hyundai Motor Manufacturing Indonesia', NULL, NULL, NULL, NULL, 1, '2026-01-21 10:41:16', '2026-02-22 18:55:20'),
	(2, 'ATS', 'Asteer Thai Summit', NULL, NULL, NULL, NULL, 1, '2026-01-21 10:41:16', '2026-03-16 05:52:30'),
	(3, 'UPIN', 'Unipress Indonesia', NULL, NULL, NULL, NULL, 1, '2026-01-21 10:41:16', '2026-03-16 05:53:36'),
	(4, 'G-TIM', 'G-TEKT Indonesia Manufacturing', NULL, NULL, NULL, NULL, 1, '2026-01-21 10:41:16', '2026-03-16 05:57:19'),
	(5, 'SIM', 'Suzuki Indomobil Motor', NULL, NULL, NULL, NULL, 1, '2026-01-21 10:41:16', '2026-01-21 10:41:16'),
	(6, 'TMMIN', 'Toyota Motor Manufacturing Indonesia', NULL, NULL, NULL, NULL, 1, '2026-01-21 10:41:16', '2026-01-21 10:41:16'),
	(7, 'ASI', 'Adyawinsa Stamping Induestries', NULL, NULL, NULL, NULL, 1, '2026-03-03 20:47:59', '2026-03-03 20:47:59');

-- Dumping structure for table ppm_dies_monitoring.dies
CREATE TABLE IF NOT EXISTS `dies` (
  `id` bigint unsigned NOT NULL AUTO_INCREMENT,
  `part_number` varchar(50) CHARACTER SET utf8mb4 COLLATE utf8mb4_unicode_ci NOT NULL,
  `part_name` varchar(200) CHARACTER SET utf8mb4 COLLATE utf8mb4_unicode_ci NOT NULL,
  `model` varchar(50) CHARACTER SET utf8mb4 COLLATE utf8mb4_unicode_ci DEFAULT NULL,
  `machine_model_id` bigint unsigned NOT NULL,
  `customer_id` bigint unsigned NOT NULL,
  `lot_size` int NOT NULL DEFAULT '600',
  `ppm_standard` int NOT NULL DEFAULT '6000',
  `qty_die` int NOT NULL DEFAULT '1',
  `line` varchar(20) CHARACTER SET utf8mb4 COLLATE utf8mb4_unicode_ci DEFAULT NULL,
  `process_type` varchar(30) CHARACTER SET utf8mb4 COLLATE utf8mb4_unicode_ci DEFAULT NULL COMMENT 'Process type: blank_pierce, draw, embos, trim, form, flang, restrike, pierce, cam_pierce',
  `die_group` varchar(10) CHARACTER SET utf8mb4 COLLATE utf8mb4_unicode_ci DEFAULT NULL,
  `is_4lot_check` tinyint(1) NOT NULL DEFAULT '0',
  `accumulation_stroke` int NOT NULL DEFAULT '0',
  `ppm_count` int NOT NULL DEFAULT '0',
  `stroke_at_last_ppm` int NOT NULL DEFAULT '0',
  `last_stroke` int NOT NULL DEFAULT '0',
  `control_stroke` int DEFAULT NULL,
  `last_ppm_date` date DEFAULT NULL,
  `location` varchar(100) CHARACTER SET utf8mb4 COLLATE utf8mb4_unicode_ci DEFAULT NULL,
  `status` enum('active','inactive','maintenance','disposed') CHARACTER SET utf8mb4 COLLATE utf8mb4_unicode_ci NOT NULL DEFAULT 'active',
  `ppm_alert_status` varchar(50) CHARACTER SET utf8mb4 COLLATE utf8mb4_unicode_ci DEFAULT NULL,
  `ppm_scheduled_date` date DEFAULT NULL,
  `ppm_scheduled_by` varchar(100) CHARACTER SET utf8mb4 COLLATE utf8mb4_unicode_ci DEFAULT NULL,
  `schedule_remark` text COLLATE utf8mb4_unicode_ci,
  `schedule_change_reason` text COLLATE utf8mb4_unicode_ci,
  `schedule_cancelled_at` timestamp NULL DEFAULT NULL,
  `schedule_cancelled_by` varchar(255) COLLATE utf8mb4_unicode_ci DEFAULT NULL,
  `schedule_approved_at` datetime DEFAULT NULL,
  `schedule_approved_by` varchar(100) CHARACTER SET utf8mb4 COLLATE utf8mb4_unicode_ci DEFAULT NULL,
  `red_alerted_at` timestamp NULL DEFAULT NULL,
  `ppm_started_at` timestamp NULL DEFAULT NULL,
  `ppm_finished_at` timestamp NULL DEFAULT NULL,
  `returned_to_production_at` timestamp NULL DEFAULT NULL,
  `ppm_total_days` int DEFAULT NULL,
  `last_lot_date` date DEFAULT NULL,
  `last_lot_date_set_by` varchar(100) CHARACTER SET utf8mb4 COLLATE utf8mb4_unicode_ci DEFAULT NULL,
  `transferred_at` timestamp NULL DEFAULT NULL,
  `transferred_by` varchar(100) CHARACTER SET utf8mb4 COLLATE utf8mb4_unicode_ci DEFAULT NULL,
  `transfer_from_location` varchar(100) CHARACTER SET utf8mb4 COLLATE utf8mb4_unicode_ci DEFAULT NULL,
  `transfer_to_location` varchar(100) CHARACTER SET utf8mb4 COLLATE utf8mb4_unicode_ci DEFAULT NULL,
  `notes` text CHARACTER SET utf8mb4 COLLATE utf8mb4_unicode_ci,
  `mtn_remark` text COLLATE utf8mb4_unicode_ci,
  `ppic_remark` text COLLATE utf8mb4_unicode_ci,
  `created_at` timestamp NULL DEFAULT NULL,
  `updated_at` timestamp NULL DEFAULT NULL,
  PRIMARY KEY (`id`),
  KEY `dies_machine_model_id_foreign` (`machine_model_id`),
  KEY `dies_customer_id_foreign` (`customer_id`),
  KEY `dies_part_number_index` (`part_number`),
  KEY `dies_status_index` (`status`),
  CONSTRAINT `dies_customer_id_foreign` FOREIGN KEY (`customer_id`) REFERENCES `customers` (`id`),
  CONSTRAINT `dies_machine_model_id_foreign` FOREIGN KEY (`machine_model_id`) REFERENCES `machine_models` (`id`)
) ENGINE=InnoDB AUTO_INCREMENT=595 DEFAULT CHARSET=utf8mb4 COLLATE=utf8mb4_unicode_ci;

-- Dumping data for table ppm_dies_monitoring.dies: ~194 rows (approximately)
INSERT INTO `dies` (`id`, `part_number`, `part_name`, `model`, `machine_model_id`, `customer_id`, `lot_size`, `ppm_standard`, `qty_die`, `line`, `process_type`, `die_group`, `is_4lot_check`, `accumulation_stroke`, `ppm_count`, `stroke_at_last_ppm`, `last_stroke`, `control_stroke`, `last_ppm_date`, `location`, `status`, `ppm_alert_status`, `ppm_scheduled_date`, `ppm_scheduled_by`, `schedule_remark`, `schedule_change_reason`, `schedule_cancelled_at`, `schedule_cancelled_by`, `schedule_approved_at`, `schedule_approved_by`, `red_alerted_at`, `ppm_started_at`, `ppm_finished_at`, `returned_to_production_at`, `ppm_total_days`, `last_lot_date`, `last_lot_date_set_by`, `transferred_at`, `transferred_by`, `transfer_from_location`, `transfer_to_location`, `notes`, `mtn_remark`, `ppic_remark`, `created_at`, `updated_at`) VALUES
	(400, '5211A428', 'BAR, FR END UPR, SIDE RH', '20QX', 9, 2, 600, 6000, 4, '800T', NULL, NULL, 0, 0, 0, 0, 0, NULL, '2026-03-10', NULL, 'active', NULL, NULL, NULL, NULL, NULL, NULL, NULL, NULL, NULL, NULL, NULL, NULL, NULL, NULL, NULL, NULL, NULL, NULL, NULL, NULL, NULL, NULL, NULL, '2026-03-16 04:32:56', '2026-03-16 04:32:56'),
	(401, '5211A429', 'BAR, FR END UPR, SIDE LH', '20QX', 9, 2, 600, 6000, 4, '800T', NULL, NULL, 0, 0, 0, 0, 0, NULL, '2026-03-04', NULL, 'active', NULL, NULL, NULL, NULL, NULL, NULL, NULL, NULL, NULL, NULL, NULL, NULL, NULL, NULL, NULL, NULL, NULL, NULL, NULL, NULL, NULL, NULL, NULL, '2026-03-16 04:32:56', '2026-03-16 04:32:56'),
	(402, '76452-W100P', 'SILL-INR,RH', 'RNE', 10, 2, 600, 6000, 4, '800T', NULL, NULL, 0, 0, 0, 0, 1964, NULL, '2026-03-11', NULL, 'active', NULL, NULL, NULL, NULL, NULL, NULL, NULL, NULL, NULL, NULL, NULL, NULL, NULL, NULL, NULL, NULL, NULL, NULL, NULL, NULL, NULL, NULL, NULL, '2026-03-16 04:32:56', '2026-03-16 04:32:56'),
	(403, '76452-B000P', 'SILL-INR,RH', '5H45 (RV)', 19, 2, 600, 6000, 4, '800T', NULL, NULL, 1, 800, 0, 0, 1964, NULL, '2026-03-11', NULL, 'active', NULL, NULL, NULL, NULL, NULL, NULL, NULL, NULL, NULL, NULL, NULL, NULL, NULL, NULL, NULL, NULL, NULL, NULL, NULL, NULL, NULL, NULL, NULL, '2026-03-16 04:32:56', '2026-03-31 06:21:29'),
	(404, '76452-C000P', 'SILL-INR,RH', '5H45 (RX)', 20, 2, 600, 6000, 4, '800T', NULL, NULL, 0, 1600, 0, 0, 1964, NULL, '2026-03-11', NULL, 'active', NULL, NULL, NULL, NULL, NULL, NULL, NULL, NULL, NULL, NULL, NULL, NULL, NULL, NULL, NULL, NULL, NULL, NULL, NULL, NULL, NULL, NULL, NULL, '2026-03-16 04:32:57', '2026-03-31 06:21:30'),
	(405, '76453-B000P', 'SILL-INR,LH', '5H45 (RV)', 19, 2, 600, 6000, 3, '800T', NULL, NULL, 1, 0, 0, 0, 469, NULL, '2026-03-12', NULL, 'active', NULL, NULL, NULL, NULL, NULL, NULL, NULL, NULL, NULL, NULL, NULL, NULL, NULL, NULL, NULL, NULL, NULL, NULL, NULL, NULL, NULL, NULL, NULL, '2026-03-16 04:32:57', '2026-03-16 04:32:57'),
	(406, '76453-C000P', 'SILL-INR,LH', '5H45 (RX)', 20, 2, 600, 6000, 1, '800T', NULL, NULL, 0, 0, 0, 0, 469, NULL, '2026-03-12', NULL, 'active', NULL, NULL, NULL, NULL, NULL, NULL, NULL, NULL, NULL, NULL, NULL, NULL, NULL, NULL, NULL, NULL, NULL, NULL, NULL, NULL, NULL, NULL, NULL, '2026-03-16 04:32:57', '2026-03-16 04:32:57'),
	(407, '76452-B010P', 'SILL-INR,RH', '5H45 (RVE)', 21, 2, 600, 6000, 5, '800T', NULL, NULL, 0, 800, 0, 0, 1964, NULL, '2026-03-11', NULL, 'active', NULL, NULL, NULL, NULL, NULL, NULL, NULL, NULL, NULL, NULL, NULL, NULL, NULL, NULL, NULL, NULL, NULL, NULL, NULL, NULL, NULL, NULL, NULL, '2026-03-16 04:32:57', '2026-03-31 06:21:29'),
	(408, '76453-B020P', 'SILL-INR,LH', '5H45 (RVE)', 21, 2, 600, 6000, 3, '800T', NULL, NULL, 0, 0, 0, 0, 469, NULL, '2026-03-12', NULL, 'active', NULL, NULL, NULL, NULL, NULL, NULL, NULL, NULL, NULL, NULL, NULL, NULL, NULL, NULL, NULL, NULL, NULL, NULL, NULL, NULL, NULL, NULL, NULL, '2026-03-16 04:32:57', '2026-03-16 04:32:57'),
	(409, '764B0-B000P', 'REINF-SILL OTR,FR RH', '5H45 (RV)', 19, 2, 600, 6000, 5, '800T', NULL, NULL, 1, 1200, 0, 0, 1050, NULL, '2026-03-13', NULL, 'active', NULL, NULL, NULL, NULL, NULL, NULL, NULL, NULL, NULL, NULL, NULL, NULL, NULL, NULL, NULL, NULL, NULL, NULL, NULL, NULL, NULL, NULL, NULL, '2026-03-16 04:32:57', '2026-03-31 06:21:30'),
	(410, '764B0-C000P', 'REINF-SILL OTR,FR RH', '5H45 (RX)', 20, 2, 600, 6000, 3, '800T', NULL, NULL, 0, 0, 0, 0, 1050, NULL, '2026-03-13', NULL, 'active', NULL, NULL, NULL, NULL, NULL, NULL, NULL, NULL, NULL, NULL, NULL, NULL, NULL, NULL, NULL, NULL, NULL, NULL, NULL, NULL, NULL, NULL, NULL, '2026-03-16 04:32:57', '2026-03-16 04:32:57'),
	(411, '764B1-B000P', 'REINF-SILL OTR,FR LH', '5H45 (RV)', 19, 2, 600, 6000, 5, '800T', NULL, NULL, 1, 1800, 0, 0, 1200, NULL, '2026-03-05', NULL, 'active', NULL, NULL, NULL, NULL, NULL, NULL, NULL, NULL, NULL, NULL, NULL, NULL, NULL, NULL, NULL, NULL, NULL, NULL, NULL, NULL, NULL, NULL, NULL, '2026-03-16 04:32:57', '2026-03-31 06:21:30'),
	(412, '764B1-C000P', 'REINF-SILL OTR,FR LH', '5H45 (RX)', 20, 2, 600, 6000, 5, '800T', NULL, NULL, 0, 1200, 0, 0, 1200, NULL, '2026-03-05', NULL, 'active', NULL, NULL, NULL, NULL, NULL, NULL, NULL, NULL, NULL, NULL, NULL, NULL, NULL, NULL, NULL, NULL, NULL, NULL, NULL, NULL, NULL, NULL, NULL, '2026-03-16 04:32:57', '2026-03-31 06:21:29'),
	(413, '67412-C000P', 'C/ MBR DASH', '5H45 (RX)', 20, 2, 600, 6000, 5, '800T', NULL, NULL, 0, 0, 0, 0, 4800, NULL, '2026-03-03', NULL, 'active', NULL, NULL, NULL, NULL, NULL, NULL, NULL, NULL, NULL, NULL, NULL, NULL, NULL, NULL, NULL, NULL, NULL, NULL, NULL, NULL, NULL, NULL, NULL, '2026-03-16 04:32:57', '2026-03-16 04:32:57'),
	(414, '65176-I6000', 'MBR FR SEAT CROSS RR LH/RH', 'KS', 1, 1, 600, 6000, 3, '800T', NULL, NULL, 0, 1200, 0, 0, 1200, NULL, '2026-02-06', NULL, 'active', NULL, NULL, NULL, NULL, NULL, NULL, NULL, NULL, NULL, NULL, NULL, NULL, NULL, NULL, NULL, NULL, NULL, NULL, NULL, NULL, NULL, NULL, NULL, '2026-03-16 04:32:57', '2026-03-31 06:21:31'),
	(415, '65212/22-I6000', 'MBR CTR FLR SIDE LH/RH', 'KS', 1, 1, 600, 6000, 3, '800T', NULL, NULL, 0, 1128, 0, 0, 1200, NULL, '2026-02-25', NULL, 'active', NULL, NULL, NULL, NULL, NULL, NULL, NULL, NULL, NULL, NULL, NULL, NULL, NULL, NULL, NULL, NULL, NULL, NULL, NULL, NULL, NULL, NULL, NULL, '2026-03-16 04:32:57', '2026-03-31 06:21:30'),
	(416, '71234/44-I6000', 'SUPPORT-FR PILLAR INR,LH/RH', 'KS', 1, 1, 600, 6000, 4, '800T', NULL, NULL, 0, 0, 0, 0, 4013, NULL, '2025-11-10', NULL, 'active', NULL, NULL, NULL, NULL, NULL, NULL, NULL, NULL, NULL, NULL, NULL, NULL, NULL, NULL, NULL, NULL, NULL, NULL, NULL, NULL, NULL, NULL, NULL, '2026-03-16 04:32:57', '2026-03-16 04:32:57'),
	(417, '71328-I6000', 'REINF S/SILL OTR CTR,RH', 'KS', 1, 1, 600, 6000, 4, '800T', NULL, NULL, 0, 0, 0, 0, 600, NULL, '2026-02-20', NULL, 'active', NULL, NULL, NULL, NULL, NULL, NULL, NULL, NULL, NULL, NULL, NULL, NULL, NULL, NULL, NULL, NULL, NULL, NULL, NULL, NULL, NULL, NULL, NULL, '2026-03-16 04:32:57', '2026-03-16 04:32:57'),
	(418, '71232-I6000', 'PILLAR FR INR UPR,LH', 'KS', 1, 1, 600, 6000, 3, '800T', NULL, NULL, 0, 1214, 0, 0, 4101, NULL, '2025-11-07', NULL, 'active', NULL, NULL, NULL, NULL, NULL, NULL, NULL, NULL, NULL, NULL, NULL, NULL, NULL, NULL, NULL, NULL, NULL, NULL, NULL, NULL, NULL, NULL, NULL, '2026-03-16 04:32:57', '2026-03-31 06:21:30'),
	(419, '71454-I6000', 'REINF ASSY ROOF SIDE OTR,LH', 'KS', 1, 1, 600, 6000, 3, '800T', NULL, NULL, 0, 800, 0, 0, 1170, NULL, '2026-02-10', NULL, 'active', NULL, NULL, NULL, NULL, NULL, NULL, NULL, NULL, NULL, NULL, NULL, NULL, NULL, NULL, NULL, NULL, NULL, NULL, NULL, NULL, NULL, NULL, NULL, '2026-03-16 04:32:57', '2026-03-31 06:21:31'),
	(420, '71464-I6000', 'REINF ASSY ROOF SIDE OTR,RH', 'KS', 1, 1, 600, 6000, 3, '800T', NULL, NULL, 0, 1100, 0, 0, 1101, NULL, '2026-02-11', NULL, 'active', NULL, NULL, NULL, NULL, NULL, NULL, NULL, NULL, NULL, NULL, NULL, NULL, NULL, NULL, NULL, NULL, NULL, NULL, NULL, NULL, NULL, NULL, NULL, '2026-03-16 04:32:57', '2026-03-31 06:21:31'),
	(421, '71242-I6000', 'PILLAR FR INR UPR,RH', 'KS', 1, 1, 600, 6000, 3, '800T', NULL, NULL, 0, 1200, 0, 0, 1200, NULL, '2026-02-09', NULL, 'active', NULL, NULL, NULL, NULL, NULL, NULL, NULL, NULL, NULL, NULL, NULL, NULL, NULL, NULL, NULL, NULL, NULL, NULL, NULL, NULL, NULL, NULL, NULL, '2026-03-16 04:32:57', '2026-03-31 06:21:31'),
	(422, '71318-I6000', 'REINF S/SILL OTR CTR,LH', 'KS', 1, 1, 600, 6000, 4, '800T', NULL, NULL, 0, 0, 0, 0, 0, NULL, '2026-02-26', NULL, 'active', NULL, NULL, NULL, NULL, NULL, NULL, NULL, NULL, NULL, NULL, NULL, NULL, NULL, NULL, NULL, NULL, NULL, NULL, NULL, NULL, NULL, NULL, NULL, '2026-03-16 04:32:57', '2026-03-16 04:32:57'),
	(423, '71236/46-I6000', 'REINF FR PILLAR INR UPR,LH/RH', 'KS', 1, 1, 600, 6000, 5, '800T', NULL, NULL, 0, 0, 0, 0, 4643, NULL, '2025-11-06', NULL, 'active', NULL, NULL, NULL, NULL, NULL, NULL, NULL, NULL, NULL, NULL, NULL, NULL, NULL, NULL, NULL, NULL, NULL, NULL, NULL, NULL, NULL, NULL, NULL, '2026-03-16 04:32:57', '2026-03-16 04:32:57'),
	(424, '66114/164-T86-K000-50 (Auto)', 'GST R/L, RR PLR LWR', '2JX', 7, 4, 600, 6000, 5, '800T', NULL, NULL, 0, 450, 0, 0, 4646, NULL, '2025-12-19', NULL, 'active', NULL, NULL, NULL, NULL, NULL, NULL, NULL, NULL, NULL, NULL, NULL, NULL, NULL, NULL, NULL, NULL, NULL, NULL, NULL, NULL, NULL, NULL, NULL, '2026-03-16 04:32:57', '2026-03-31 06:21:30'),
	(425, '65701-TSV-K000-50 (OP10-50)', 'C/ MBR MID FLOOR', '3K6A', 12, 4, 600, 6000, 5, '800T', NULL, NULL, 1, 0, 0, 0, 2980, NULL, '2025-12-02', NULL, 'active', NULL, NULL, NULL, NULL, NULL, NULL, NULL, NULL, NULL, NULL, NULL, NULL, NULL, NULL, NULL, NULL, NULL, NULL, NULL, NULL, NULL, NULL, NULL, '2026-03-16 04:32:57', '2026-03-31 06:53:56'),
	(426, '66114/154-3M0-3000', 'STIFF R/L, RR PANEL SIDE', '2GN', 13, 4, 600, 6000, 5, '800T', NULL, NULL, 0, 0, 0, 0, 2576, NULL, '2025-10-24', NULL, 'active', NULL, NULL, NULL, NULL, NULL, NULL, NULL, NULL, NULL, NULL, NULL, NULL, NULL, NULL, NULL, NULL, NULL, NULL, NULL, NULL, NULL, NULL, NULL, '2026-03-16 04:32:57', '2026-03-16 04:32:57'),
	(427, '5253AH62', 'SILL F/FLR SIDE INR RH', '4L45W', 2, 2, 600, 5000, 4, '1200T', NULL, NULL, 0, 3640, 0, 0, 4520, NULL, '2026-02-19', NULL, 'active', NULL, NULL, NULL, NULL, NULL, NULL, NULL, NULL, NULL, NULL, NULL, NULL, NULL, NULL, NULL, NULL, NULL, NULL, NULL, NULL, NULL, NULL, NULL, '2026-03-16 04:32:57', '2026-03-31 06:21:31'),
	(428, '5253AH61', 'SILL F/FLR SIDE INR LH', '4L45W', 2, 2, 600, 5000, 4, '1200T', NULL, NULL, 0, 2400, 0, 0, 4785, NULL, '2026-02-18', NULL, 'active', NULL, NULL, NULL, NULL, NULL, NULL, NULL, NULL, NULL, NULL, NULL, NULL, NULL, NULL, NULL, NULL, NULL, NULL, NULL, NULL, NULL, NULL, NULL, '2026-03-16 04:32:57', '2026-03-31 06:21:31'),
	(429, '5240B908/909', 'BRACE DASH SIDE RH/LH', '4L45W', 2, 2, 600, 5000, 3, '1200T', NULL, NULL, 0, 600, 0, 0, 3600, NULL, '2026-02-26', NULL, 'active', NULL, NULL, NULL, NULL, NULL, NULL, NULL, NULL, NULL, NULL, NULL, NULL, NULL, NULL, NULL, NULL, NULL, NULL, NULL, NULL, NULL, NULL, NULL, '2026-03-16 04:32:57', '2026-03-30 06:18:14'),
	(430, '5253AT11/AT12 (A2)', 'REINF ,F/FLR SIDE SILL INR LH', '4L45W', 2, 2, 600, 5000, 4, '1200T', NULL, NULL, 0, 1200, 0, 0, 2419, NULL, '2026-02-27', NULL, 'active', NULL, NULL, NULL, NULL, NULL, NULL, NULL, NULL, NULL, NULL, NULL, NULL, NULL, NULL, NULL, NULL, NULL, NULL, NULL, NULL, NULL, NULL, NULL, '2026-03-16 04:32:57', '2026-03-31 06:21:30'),
	(431, '5240C305', 'PANEL, DASH (RHD)', 'QX', 22, 2, 600, 5000, 4, '1200T', NULL, NULL, 0, 0, 0, 0, 1223, NULL, '2025-11-21', NULL, 'active', NULL, NULL, NULL, NULL, NULL, NULL, NULL, NULL, NULL, NULL, NULL, NULL, NULL, NULL, NULL, NULL, NULL, NULL, NULL, NULL, NULL, NULL, NULL, '2026-03-16 04:32:57', '2026-03-16 04:32:57'),
	(432, '71378-I6000', 'REINF SIDE SILL OTR,LH', 'KS', 1, 1, 600, 5000, 4, '1200T', NULL, NULL, 0, 1200, 0, 0, 4102, NULL, '2025-11-11', NULL, 'active', NULL, NULL, NULL, NULL, NULL, NULL, NULL, NULL, NULL, NULL, NULL, NULL, NULL, NULL, NULL, NULL, NULL, NULL, NULL, NULL, NULL, NULL, NULL, '2026-03-16 04:32:58', '2026-03-31 06:21:31'),
	(433, '65132-I6000', 'REINF-CTR FLOOR', 'KS', 1, 1, 600, 5000, 4, '1200T', NULL, NULL, 0, 0, 0, 0, 1200, NULL, '2026-02-02', NULL, 'active', NULL, NULL, NULL, NULL, NULL, NULL, NULL, NULL, NULL, NULL, NULL, NULL, NULL, NULL, NULL, NULL, NULL, NULL, NULL, NULL, NULL, NULL, NULL, '2026-03-16 04:32:58', '2026-03-16 04:32:58'),
	(434, '71188-I6000', 'REINF FR PILLAR OTR UPR,RH', 'KS', 1, 1, 600, 5000, 4, '1200T', NULL, NULL, 0, 0, 0, 0, 600, NULL, '2026-02-23', NULL, 'active', NULL, NULL, NULL, NULL, NULL, NULL, NULL, NULL, NULL, NULL, NULL, NULL, NULL, NULL, NULL, NULL, NULL, NULL, NULL, NULL, NULL, NULL, NULL, '2026-03-16 04:32:58', '2026-03-16 04:32:58'),
	(435, '71148-I6000', 'REINF ROOF SIDE OTR RR,RH', 'KS', 1, 1, 600, 5000, 3, '1200T', NULL, NULL, 0, 0, 0, 0, 596, NULL, '2026-02-24', NULL, 'active', NULL, NULL, NULL, NULL, NULL, NULL, NULL, NULL, NULL, NULL, NULL, NULL, NULL, NULL, NULL, NULL, NULL, NULL, NULL, NULL, NULL, NULL, NULL, '2026-03-16 04:32:58', '2026-03-16 04:32:58'),
	(436, '71132-I6000', 'REINF-FR PILLAR OTR LWR,LH', 'KS', 1, 1, 600, 5000, 4, '1200T', NULL, NULL, 0, 988, 0, 0, 2816, NULL, '2025-11-20', NULL, 'active', NULL, NULL, NULL, NULL, NULL, NULL, NULL, NULL, NULL, NULL, NULL, NULL, NULL, NULL, NULL, NULL, NULL, NULL, NULL, NULL, NULL, NULL, NULL, '2026-03-16 04:32:58', '2026-03-31 06:21:30'),
	(437, '71142-I6000', 'REINF-FR PILLAR OTR LWR,RH', 'KS', 1, 1, 600, 5000, 4, '1200T', NULL, NULL, 0, 1200, 0, 0, 3458, NULL, '2025-11-03', NULL, 'active', NULL, NULL, NULL, NULL, NULL, NULL, NULL, NULL, NULL, NULL, NULL, NULL, NULL, NULL, NULL, NULL, NULL, NULL, NULL, NULL, NULL, NULL, NULL, '2026-03-16 04:32:58', '2026-03-31 06:21:31'),
	(438, '71222-I6000/I6900', 'PILLAR-FR INR LWR,RH', 'KS', 1, 1, 600, 5000, 4, '1200T', NULL, NULL, 0, 0, 0, 0, 3356, NULL, '2026-11-05', NULL, 'active', NULL, NULL, NULL, NULL, NULL, NULL, NULL, NULL, NULL, NULL, NULL, NULL, NULL, NULL, NULL, NULL, NULL, NULL, NULL, NULL, NULL, NULL, NULL, '2026-03-16 04:32:58', '2026-03-16 04:32:58'),
	(439, '65112-I6000', 'PNL-CTR FLOOR SIDE,LH', 'KS', 1, 1, 600, 5000, 4, '1200T', NULL, NULL, 0, 0, 0, 0, 3882, NULL, '2025-11-17', NULL, 'active', NULL, NULL, NULL, NULL, NULL, NULL, NULL, NULL, NULL, NULL, NULL, NULL, NULL, NULL, NULL, NULL, NULL, NULL, NULL, NULL, NULL, NULL, NULL, '2026-03-16 04:32:58', '2026-03-16 04:32:58'),
	(440, '65122-I6000', 'PNL-CTR FLOOR SIDE,RH', 'KS', 1, 1, 600, 5000, 4, '1200T', NULL, NULL, 0, 0, 0, 0, 4350, NULL, '2025-11-18', NULL, 'active', NULL, NULL, NULL, NULL, NULL, NULL, NULL, NULL, NULL, NULL, NULL, NULL, NULL, NULL, NULL, NULL, NULL, NULL, NULL, NULL, NULL, NULL, NULL, '2026-03-16 04:32:58', '2026-03-16 04:32:58'),
	(441, '65114-I6000', 'PNL-CTR FLOOR CTR', 'KS', 1, 1, 600, 5000, 4, '1200T', NULL, NULL, 0, 1200, 0, 0, 600, NULL, '2026-02-27', NULL, 'active', NULL, NULL, NULL, NULL, NULL, NULL, NULL, NULL, NULL, NULL, NULL, NULL, NULL, NULL, NULL, NULL, NULL, NULL, NULL, NULL, NULL, NULL, NULL, '2026-03-16 04:32:58', '2026-03-31 06:21:30'),
	(442, '71178-I6000', 'REINF FR PILLAR OTR UPR,LH', 'KS', 1, 1, 600, 5000, 4, '1200T', NULL, NULL, 0, 0, 0, 0, 3289, NULL, '2025-10-20', NULL, 'active', NULL, NULL, NULL, NULL, NULL, NULL, NULL, NULL, NULL, NULL, NULL, NULL, NULL, NULL, NULL, NULL, NULL, NULL, NULL, NULL, NULL, NULL, NULL, '2026-03-16 04:32:58', '2026-03-16 04:32:58'),
	(443, '71138-I6000', 'REINF ROOF SIDE OTR RR,LH', 'KS', 1, 1, 600, 5000, 3, '1200T', NULL, NULL, 0, 180, 0, 0, 594, NULL, '2026-02-13', NULL, 'active', NULL, NULL, NULL, NULL, NULL, NULL, NULL, NULL, NULL, NULL, NULL, NULL, NULL, NULL, NULL, NULL, NULL, NULL, NULL, NULL, NULL, NULL, NULL, '2026-03-16 04:32:58', '2026-03-31 06:21:31'),
	(444, '71412-I6000', 'PILLAR CTR INR, LH', 'KS', 1, 1, 600, 5000, 4, '1200T', NULL, NULL, 0, 0, 0, 0, 1200, NULL, '2026-02-23', NULL, 'active', NULL, NULL, NULL, NULL, NULL, NULL, NULL, NULL, NULL, NULL, NULL, NULL, NULL, NULL, NULL, NULL, NULL, NULL, NULL, NULL, NULL, NULL, NULL, '2026-03-16 04:32:58', '2026-03-16 04:32:58'),
	(445, '71422-I6000', 'PILLAR CTR INR, RH', 'KS', 1, 1, 600, 5000, 4, '1200T', NULL, NULL, 0, 1176, 0, 0, 0, NULL, '2026-03-09', NULL, 'active', NULL, NULL, NULL, NULL, NULL, NULL, NULL, NULL, NULL, NULL, NULL, NULL, NULL, NULL, NULL, NULL, NULL, NULL, NULL, NULL, NULL, NULL, NULL, '2026-03-16 04:32:58', '2026-03-31 06:21:30'),
	(446, '71362-I6000', 'REINF CTR PLR OTR UPR,RH', 'KS', 1, 1, 600, 5000, 4, '1200T', NULL, NULL, 0, 600, 0, 0, 0, NULL, '2026-03-02', NULL, 'active', NULL, NULL, NULL, NULL, NULL, NULL, NULL, NULL, NULL, NULL, NULL, NULL, NULL, NULL, NULL, NULL, NULL, NULL, NULL, NULL, NULL, NULL, NULL, '2026-03-16 04:32:58', '2026-03-30 06:18:14'),
	(447, '71352-I6000', 'REINF CTR PLR OTR UPR,LH', 'KS', 1, 1, 600, 5000, 4, '1200T', NULL, NULL, 0, 0, 0, 0, 401, NULL, '2026-02-25', NULL, 'active', NULL, NULL, NULL, NULL, NULL, NULL, NULL, NULL, NULL, NULL, NULL, NULL, NULL, NULL, NULL, NULL, NULL, NULL, NULL, NULL, NULL, NULL, NULL, '2026-03-16 04:32:58', '2026-03-16 04:32:58'),
	(448, '71388-I6000', 'REINF SIDE SILL OTR,RH', 'KS', 1, 1, 600, 5000, 4, '1200T', NULL, NULL, 0, 0, 0, 0, 2800, NULL, '2025-11-12', NULL, 'active', NULL, NULL, NULL, NULL, NULL, NULL, NULL, NULL, NULL, NULL, NULL, NULL, NULL, NULL, NULL, NULL, NULL, NULL, NULL, NULL, NULL, NULL, NULL, '2026-03-16 04:32:58', '2026-03-16 04:32:58'),
	(449, '65182-I6000', 'PNL-SIDE SILL INR,RH', 'KS', 1, 1, 600, 5000, 4, '1200T', NULL, NULL, 0, 0, 0, 0, 1800, NULL, '2026-02-04', NULL, 'active', NULL, NULL, NULL, NULL, NULL, NULL, NULL, NULL, NULL, NULL, NULL, NULL, NULL, NULL, NULL, NULL, NULL, NULL, NULL, NULL, NULL, NULL, NULL, '2026-03-16 04:32:59', '2026-03-16 04:32:59'),
	(450, '71354/64-I6000', 'REINF CTR PILLAR OTR LWR,LH/RH', 'KS', 1, 1, 600, 5000, 4, '1200T', NULL, NULL, 0, 0, 0, 0, 600, NULL, '2026-02-12', NULL, 'active', NULL, NULL, NULL, NULL, NULL, NULL, NULL, NULL, NULL, NULL, NULL, NULL, NULL, NULL, NULL, NULL, NULL, NULL, NULL, NULL, NULL, NULL, NULL, '2026-03-16 04:32:59', '2026-03-16 04:32:59'),
	(451, '71376/86-I6000', 'REINF SIDE SILL OTR RR LH/RH', 'KS', 1, 1, 600, 5000, 4, '1200T', NULL, NULL, 0, 0, 0, 0, 513, NULL, '2026-02-24', NULL, 'active', NULL, NULL, NULL, NULL, NULL, NULL, NULL, NULL, NULL, NULL, NULL, NULL, NULL, NULL, NULL, NULL, NULL, NULL, NULL, NULL, NULL, NULL, NULL, '2026-03-16 04:32:59', '2026-03-16 04:32:59'),
	(452, '71176/86-I6000', 'BRKT-FR PILLAR OTR.LH/LH', 'KS', 1, 1, 600, 5000, 4, '1200T', NULL, NULL, 0, 0, 0, 0, 3494, NULL, '2025-11-19', NULL, 'active', NULL, NULL, NULL, NULL, NULL, NULL, NULL, NULL, NULL, NULL, NULL, NULL, NULL, NULL, NULL, NULL, NULL, NULL, NULL, NULL, NULL, NULL, NULL, '2026-03-16 04:32:59', '2026-03-16 04:32:59'),
	(453, '71212-I6000 (LHD)', 'PILLAR-FR INR LWR,LH', 'KS', 1, 1, 600, 5000, 4, '1200T', NULL, NULL, 0, 400, 0, 0, 3375, NULL, '2025-11-04', NULL, 'active', NULL, NULL, NULL, NULL, NULL, NULL, NULL, NULL, NULL, NULL, NULL, NULL, NULL, NULL, NULL, NULL, NULL, NULL, NULL, NULL, NULL, NULL, NULL, '2026-03-16 04:32:59', '2026-03-31 06:21:30'),
	(454, '65188-I6000', 'MEMBER-CTR FLOOR SIDE UPR,RH', 'KS', 1, 1, 600, 5000, 4, '1200T', NULL, NULL, 0, 0, 0, 0, 1705, NULL, '2026-02-05', NULL, 'active', NULL, NULL, NULL, NULL, NULL, NULL, NULL, NULL, NULL, NULL, NULL, NULL, NULL, NULL, NULL, NULL, NULL, NULL, NULL, NULL, NULL, NULL, NULL, '2026-03-16 04:32:59', '2026-03-16 04:32:59'),
	(455, '65172-I6000', 'PNL-SIDE SILL INR,LH', 'KS', 1, 1, 600, 5000, 4, '1200T', NULL, NULL, 0, 0, 0, 0, 1756, NULL, '2026-02-03', NULL, 'active', NULL, NULL, NULL, NULL, NULL, NULL, NULL, NULL, NULL, NULL, NULL, NULL, NULL, NULL, NULL, NULL, NULL, NULL, NULL, NULL, NULL, NULL, NULL, '2026-03-16 04:32:59', '2026-03-16 04:32:59'),
	(456, '64312-I6000 (LHD)', 'PANEL DASH LHD A/T', 'KS', 1, 7, 600, 5000, 4, '1200T', NULL, NULL, 0, 325, 0, 0, 1000, NULL, '2025-10-16', NULL, 'active', NULL, NULL, NULL, NULL, NULL, NULL, NULL, NULL, NULL, NULL, NULL, NULL, NULL, NULL, NULL, NULL, NULL, NULL, NULL, NULL, NULL, NULL, NULL, '2026-03-16 04:32:59', '2026-03-31 06:21:30'),
	(457, '63131-TG4-U000-50', 'STIFF R, FR PILLAR LWR', '2VF', 15, 3, 600, 5000, 4, '1200T', NULL, NULL, 0, 0, 0, 0, 5708, NULL, '2025-12-17', NULL, 'active', NULL, NULL, NULL, NULL, NULL, NULL, NULL, NULL, NULL, NULL, NULL, NULL, NULL, NULL, NULL, NULL, NULL, NULL, NULL, NULL, NULL, NULL, NULL, '2026-03-16 04:32:59', '2026-03-16 04:32:59'),
	(458, '65112-TG1-T000-50', 'BRKT FR SEAT CTR RR', '2VF', 15, 3, 600, 5000, 4, '1200T', NULL, NULL, 0, 0, 0, 0, 5065, NULL, '2025-12-22', NULL, 'active', NULL, NULL, NULL, NULL, NULL, NULL, NULL, NULL, NULL, NULL, NULL, NULL, NULL, NULL, NULL, NULL, NULL, NULL, NULL, NULL, NULL, NULL, NULL, '2026-03-16 04:32:59', '2026-03-16 04:32:59'),
	(459, '63323-T86-K000-50 (OP10-50)', 'ADPT R,RR COMBI', '2JX (T86A)', 23, 4, 600, 7000, 5, '250T', NULL, NULL, 1, 0, 0, 0, 2816, NULL, '2025-11-06', NULL, 'active', NULL, NULL, NULL, NULL, NULL, NULL, NULL, NULL, NULL, NULL, NULL, NULL, NULL, NULL, NULL, NULL, NULL, NULL, NULL, NULL, NULL, NULL, NULL, '2026-03-16 04:32:59', '2026-03-31 07:00:27'),
	(460, '63723-T86-K000-50 (OP10-50)', 'ADPT L,RR COMBI', '2JX (T86A)', 23, 4, 600, 7000, 5, '250T', NULL, NULL, 1, 0, 0, 0, 1213, NULL, '2025-12-15', NULL, 'active', NULL, NULL, NULL, NULL, NULL, NULL, NULL, NULL, NULL, NULL, NULL, NULL, NULL, NULL, NULL, NULL, NULL, NULL, NULL, NULL, NULL, NULL, NULL, '2026-03-16 04:32:59', '2026-03-31 06:59:15'),
	(461, '65317-T86-K000-H1', 'ADPT L,RR COMBI', '2JX (T86A)', 23, 4, 600, 7000, 3, '250T', NULL, NULL, 0, 0, 0, 0, 2641, NULL, '2025-10-13', NULL, 'active', NULL, NULL, NULL, NULL, NULL, NULL, NULL, NULL, NULL, NULL, NULL, NULL, NULL, NULL, NULL, NULL, NULL, NULL, NULL, NULL, NULL, NULL, NULL, '2026-03-16 04:32:59', '2026-03-16 04:32:59'),
	(462, '65317-T86-K000-H1 Blank', 'STIFF R, FRM CTR TNL', '2JX (T86A & 3K6A)', 24, 4, 600, 7000, 1, '250T', NULL, NULL, 0, 0, 0, 0, 2641, NULL, '2025-10-13', NULL, 'active', NULL, NULL, NULL, NULL, NULL, NULL, NULL, NULL, NULL, NULL, NULL, NULL, NULL, NULL, NULL, NULL, NULL, NULL, NULL, NULL, NULL, NULL, NULL, '2026-03-16 04:32:59', '2026-03-16 04:32:59'),
	(463, '63323-3K6-K000-50 (OP10-50)', 'ADPT R, RR COMBI', '3K6A', 12, 4, 600, 7000, 5, '250T', NULL, NULL, 1, 1200, 0, 0, 1181, NULL, '2025-12-03', NULL, 'active', NULL, NULL, NULL, NULL, NULL, NULL, NULL, NULL, NULL, NULL, NULL, NULL, NULL, NULL, NULL, NULL, NULL, NULL, NULL, NULL, NULL, NULL, NULL, '2026-03-16 04:32:59', '2026-03-31 07:03:42'),
	(464, '63325/725-3K6-K000-H1 (OP10-50)', 'GTR R/L, RR PLR MID', '3K6A', 12, 4, 600, 7000, 5, '250T', NULL, NULL, 0, 0, 0, 0, 2383, NULL, '2025-12-05', NULL, 'active', NULL, NULL, NULL, NULL, NULL, NULL, NULL, NULL, NULL, NULL, NULL, NULL, NULL, NULL, NULL, NULL, NULL, NULL, NULL, NULL, NULL, NULL, NULL, '2026-03-16 04:32:59', '2026-03-31 07:12:39'),
	(465, '63723-3K6-K000-50 (OP10-50)', 'ADPT L, RR COMBI', '3K6A', 27, 4, 600, 7000, 5, '250T', NULL, NULL, 1, 0, 0, 0, 1938, NULL, '2025-12-18', NULL, 'active', NULL, NULL, NULL, NULL, NULL, NULL, NULL, NULL, NULL, NULL, NULL, NULL, NULL, NULL, NULL, NULL, NULL, NULL, NULL, NULL, NULL, NULL, NULL, '2026-03-16 04:32:59', '2026-03-31 07:02:00'),
	(466, '63212/612-TG2-K000-H1 Bl', 'R/L RNFCT CTR PLR STIFF TG2', 'T64', 5, 4, 600, 7000, 1, '250T', NULL, NULL, 0, 0, 0, 0, 5850, NULL, '2025-11-24', NULL, 'active', NULL, NULL, NULL, NULL, NULL, NULL, NULL, NULL, NULL, NULL, NULL, NULL, NULL, NULL, NULL, NULL, NULL, NULL, NULL, NULL, NULL, NULL, NULL, '2026-03-16 04:32:59', '2026-03-16 04:32:59'),
	(467, '63212-TG2-K000-H1', 'R RNFCT CTR PLR STIFF TG2', 'T64', 5, 4, 600, 7000, 3, '250T', NULL, NULL, 0, 0, 0, 0, 5850, NULL, '2025-11-24', NULL, 'active', NULL, NULL, NULL, NULL, NULL, NULL, NULL, NULL, NULL, NULL, NULL, NULL, NULL, NULL, NULL, NULL, NULL, NULL, NULL, NULL, NULL, NULL, NULL, '2026-03-16 04:32:59', '2026-03-16 04:32:59'),
	(468, '63612-TG2-K000-H1', 'L RNFCT CTR PLR STIFF TG2', 'T64', 5, 4, 600, 7000, 3, '250T', NULL, NULL, 0, 0, 0, 0, 4865, NULL, '2025-11-25', NULL, 'active', NULL, NULL, NULL, NULL, NULL, NULL, NULL, NULL, NULL, NULL, NULL, NULL, NULL, NULL, NULL, NULL, NULL, NULL, NULL, NULL, NULL, NULL, NULL, '2026-03-16 04:32:59', '2026-03-16 04:32:59'),
	(469, '65318-T86-P000-H1 (blank)', 'STIFF L, FRM CTR TNL', '2JX (LHD)', 26, 4, 600, 7000, 1, '250T', NULL, NULL, 0, 0, 0, 0, 1080, NULL, '2026-01-21', NULL, 'active', NULL, NULL, NULL, NULL, NULL, NULL, NULL, NULL, NULL, NULL, NULL, NULL, NULL, NULL, NULL, NULL, NULL, NULL, NULL, NULL, NULL, NULL, NULL, '2026-03-16 04:32:59', '2026-03-16 04:32:59'),
	(470, '65318-T86-P000-H1', 'STIFF L, FRM CTR TNL', '2JX (LHD)', 26, 4, 600, 7000, 4, '250T', NULL, NULL, 0, 0, 0, 0, 1080, NULL, '2026-01-21', NULL, 'active', NULL, NULL, NULL, NULL, NULL, NULL, NULL, NULL, NULL, NULL, NULL, NULL, NULL, NULL, NULL, NULL, NULL, NULL, NULL, NULL, NULL, NULL, NULL, '2026-03-16 04:32:59', '2026-03-16 04:32:59'),
	(471, '63323-3M0-3000-50', 'ADPT R,RR COMBI', '2GN (3N1A)', 25, 4, 600, 7000, 5, '250T', NULL, NULL, 0, 0, 0, 0, 4802, NULL, '2025-12-29', NULL, 'active', NULL, NULL, NULL, NULL, NULL, NULL, NULL, NULL, NULL, NULL, NULL, NULL, NULL, NULL, NULL, NULL, NULL, NULL, NULL, NULL, NULL, NULL, NULL, '2026-03-16 04:32:59', '2026-03-16 04:32:59'),
	(472, '63723-3M0-3000-50', 'ADPT L,RR COMBI', '2GN (3N1A)', 25, 4, 600, 7000, 5, '250T', NULL, NULL, 0, 0, 0, 0, 4830, NULL, '2025-12-30', NULL, 'active', NULL, NULL, NULL, NULL, NULL, NULL, NULL, NULL, NULL, NULL, NULL, NULL, NULL, NULL, NULL, NULL, NULL, NULL, NULL, NULL, NULL, NULL, NULL, '2026-03-16 04:32:59', '2026-03-16 04:32:59'),
	(473, '77751-VT010-Z2', 'BRACKET, CHARCOAL CANISTER BASE', '560B', 8, 6, 600, 7000, 2, '250T', NULL, NULL, 0, 450, 0, 0, 1188, NULL, '2026-03-05', NULL, 'active', NULL, NULL, NULL, NULL, NULL, NULL, NULL, NULL, NULL, NULL, NULL, NULL, NULL, NULL, NULL, NULL, NULL, NULL, NULL, NULL, NULL, NULL, NULL, '2026-03-16 04:32:59', '2026-03-31 06:21:30'),
	(474, '77751-VT010-Z2 (Blank)', 'BRACKET, CHARCOAL CANISTER BASE', '560B', 8, 6, 600, 7000, 1, '250T', NULL, NULL, 0, 0, 0, 0, 1188, NULL, '2026-03-05', NULL, 'active', NULL, NULL, NULL, NULL, NULL, NULL, NULL, NULL, NULL, NULL, NULL, NULL, NULL, NULL, NULL, NULL, NULL, NULL, NULL, NULL, NULL, NULL, NULL, '2026-03-16 04:32:59', '2026-03-31 04:32:38'),
	(475, '77751-VT020-00 (Blank)', 'BRACKET, CHARCOAL CANISTER BASE', '560B', 8, 6, 600, 7000, 1, '250T', NULL, NULL, 0, 0, 0, 0, 4518, NULL, '2025-10-31', NULL, 'active', NULL, NULL, NULL, NULL, NULL, NULL, NULL, NULL, NULL, NULL, NULL, NULL, NULL, NULL, NULL, NULL, NULL, NULL, NULL, NULL, NULL, NULL, NULL, '2026-03-16 04:32:59', '2026-03-16 04:32:59'),
	(476, '77751-VT020-00', 'BRACKET, CHARCOAL CANISTER BASE', '560B', 8, 6, 600, 7000, 3, '250T', NULL, NULL, 0, 1260, 0, 0, 4518, NULL, '2025-10-31', NULL, 'active', NULL, NULL, NULL, NULL, NULL, NULL, NULL, NULL, NULL, NULL, NULL, NULL, NULL, NULL, NULL, NULL, NULL, NULL, NULL, NULL, NULL, NULL, NULL, '2026-03-16 04:32:59', '2026-03-31 06:21:30'),
	(477, '77697-VT010-00', 'INSULATOR, FUEL TANK HEAT NO. 1', '560B', 8, 6, 600, 7000, 3, '250T', NULL, NULL, 0, 2520, 0, 0, 1690, NULL, '2026-03-05', NULL, 'active', NULL, NULL, NULL, NULL, NULL, NULL, NULL, NULL, NULL, NULL, NULL, NULL, NULL, NULL, NULL, NULL, NULL, NULL, NULL, NULL, NULL, NULL, NULL, '2026-03-16 04:33:00', '2026-03-31 06:21:30'),
	(478, '71136-I6000 (OP10-50)', 'REINF-FR PILLAR OTR,LH', 'KS', 1, 1, 600, 7000, 5, '250T', NULL, NULL, 0, 600, 0, 0, 1200, NULL, '2026-03-02', NULL, 'active', NULL, NULL, NULL, NULL, NULL, NULL, NULL, NULL, NULL, NULL, NULL, NULL, NULL, NULL, NULL, NULL, NULL, NULL, NULL, NULL, NULL, NULL, NULL, '2026-03-16 04:33:00', '2026-03-31 06:21:31'),
	(479, '71146-I6000', 'REINF-FR PILLAR OTR,RH', 'KS', 1, 1, 600, 7000, 6, '250T', NULL, NULL, 0, 0, 0, 0, 2184, NULL, '2026-02-28', NULL, 'active', NULL, NULL, NULL, NULL, NULL, NULL, NULL, NULL, NULL, NULL, NULL, NULL, NULL, NULL, NULL, NULL, NULL, NULL, NULL, NULL, NULL, NULL, NULL, '2026-03-16 04:33:00', '2026-03-16 04:33:00'),
	(480, '71134-I6000', 'REINF-FR DR HINGE MTG UPR,LH', 'KS', 1, 1, 600, 7000, 4, '250T', NULL, NULL, 0, 0, 0, 0, 2145, NULL, '2026-01-28', NULL, 'active', NULL, NULL, NULL, NULL, NULL, NULL, NULL, NULL, NULL, NULL, NULL, NULL, NULL, NULL, NULL, NULL, NULL, NULL, NULL, NULL, NULL, NULL, NULL, '2026-03-16 04:33:00', '2026-03-16 04:33:00'),
	(481, '71144-I6000', 'REINF-FR DR HINGE MTG UPR,RH', 'KS', 1, 1, 600, 7000, 4, '250T', NULL, NULL, 0, 0, 0, 0, 600, NULL, '2026-02-16', NULL, 'active', NULL, NULL, NULL, NULL, NULL, NULL, NULL, NULL, NULL, NULL, NULL, NULL, NULL, NULL, NULL, NULL, NULL, NULL, NULL, NULL, NULL, NULL, NULL, '2026-03-16 04:33:00', '2026-03-16 04:33:00'),
	(482, '71154-I6000', 'REINF-FR DR HINGE LWR,LH', 'KS', 1, 1, 600, 7000, 3, '250T', NULL, NULL, 0, 1200, 0, 0, 2708, NULL, '2025-11-20', NULL, 'active', NULL, NULL, NULL, NULL, NULL, NULL, NULL, NULL, NULL, NULL, NULL, NULL, NULL, NULL, NULL, NULL, NULL, NULL, NULL, NULL, NULL, NULL, NULL, '2026-03-16 04:33:00', '2026-03-31 06:21:30'),
	(483, '71164-I6000', 'REINF-FR DR HINGE LWR,RH', 'KS', 1, 1, 600, 7000, 3, '250T', NULL, NULL, 0, 800, 0, 0, 3510, NULL, '2025-11-14', NULL, 'active', NULL, NULL, NULL, NULL, NULL, NULL, NULL, NULL, NULL, NULL, NULL, NULL, NULL, NULL, NULL, NULL, NULL, NULL, NULL, NULL, NULL, NULL, NULL, '2026-03-16 04:33:00', '2026-03-31 06:21:31'),
	(484, '71172-I6000', 'REINF-FR DR CHECKER MTG,LH', 'KS', 1, 1, 600, 7000, 4, '250T', NULL, NULL, 0, 0, 0, 0, 3565, NULL, '2025-11-21', NULL, 'active', NULL, NULL, NULL, NULL, NULL, NULL, NULL, NULL, NULL, NULL, NULL, NULL, NULL, NULL, NULL, NULL, NULL, NULL, NULL, NULL, NULL, NULL, NULL, '2026-03-16 04:33:00', '2026-03-16 04:33:00'),
	(485, '71182-I6000', 'REINF-FR DR CHECKER MTG,RH', 'KS', 1, 1, 600, 7000, 4, '250T', NULL, NULL, 0, 0, 0, 0, 3455, NULL, '2025-11-20', NULL, 'active', NULL, NULL, NULL, NULL, NULL, NULL, NULL, NULL, NULL, NULL, NULL, NULL, NULL, NULL, NULL, NULL, NULL, NULL, NULL, NULL, NULL, NULL, NULL, '2026-03-16 04:33:00', '2026-03-16 04:33:00'),
	(486, '651C8-I6000', 'BRACE-CTR FLOOR TUNNEL', 'KS', 1, 1, 600, 7000, 4, '250T', NULL, NULL, 0, 0, 0, 0, 2361, NULL, '2025-12-22', NULL, 'active', NULL, NULL, NULL, NULL, NULL, NULL, NULL, NULL, NULL, NULL, NULL, NULL, NULL, NULL, NULL, NULL, NULL, NULL, NULL, NULL, NULL, NULL, NULL, '2026-03-16 04:33:00', '2026-03-16 04:33:00'),
	(487, '651D8-I6000', 'BRACE-CTR FLOOR TUNNEL RR', 'KS', 1, 1, 600, 7000, 4, '250T', NULL, NULL, 0, 0, 0, 0, 2403, NULL, '2025-12-23', NULL, 'active', NULL, NULL, NULL, NULL, NULL, NULL, NULL, NULL, NULL, NULL, NULL, NULL, NULL, NULL, NULL, NULL, NULL, NULL, NULL, NULL, NULL, NULL, NULL, '2026-03-16 04:33:00', '2026-03-16 04:33:00'),
	(488, '651A8-I6000', 'MBR CTR FLR SIDE UPR,RH', 'KS', 1, 1, 600, 7000, 2, '250T', NULL, NULL, 0, 820, 0, 0, 1200, NULL, '2025-12-02', NULL, 'active', NULL, NULL, NULL, NULL, NULL, NULL, NULL, NULL, NULL, NULL, NULL, NULL, NULL, NULL, NULL, NULL, NULL, NULL, NULL, NULL, NULL, NULL, NULL, '2026-03-16 04:33:00', '2026-03-31 06:21:29'),
	(489, '651F2-I6000', 'PATCH S/SILL INR REINF NO.1', 'KS', 1, 1, 600, 7000, 4, '250T', NULL, NULL, 0, 0, 0, 0, 2715, NULL, '2025-12-01', NULL, 'active', NULL, NULL, NULL, NULL, NULL, NULL, NULL, NULL, NULL, NULL, NULL, NULL, NULL, NULL, NULL, NULL, NULL, NULL, NULL, NULL, NULL, NULL, NULL, '2026-03-16 04:33:00', '2026-03-16 04:33:00'),
	(490, '651B2-I6000', 'REINF CTR FLR SIDE FR,RH', 'KS', 1, 1, 600, 7000, 3, '250T', NULL, NULL, 0, 0, 0, 0, 2673, NULL, '2025-12-04', NULL, 'active', NULL, NULL, NULL, NULL, NULL, NULL, NULL, NULL, NULL, NULL, NULL, NULL, NULL, NULL, NULL, NULL, NULL, NULL, NULL, NULL, NULL, NULL, NULL, '2026-03-16 04:33:00', '2026-03-16 04:33:00'),
	(491, '71374/84-I6000', 'REINF SIDE SILL OTR FR,LH/RH', 'KS', 1, 1, 600, 7000, 3, '250T', NULL, NULL, 0, 0, 0, 0, 1668, NULL, '2026-02-09', NULL, 'active', NULL, NULL, NULL, NULL, NULL, NULL, NULL, NULL, NULL, NULL, NULL, NULL, NULL, NULL, NULL, NULL, NULL, NULL, NULL, NULL, NULL, NULL, NULL, '2026-03-16 04:33:00', '2026-03-16 04:33:00'),
	(492, '71394-I6000', 'GUSSET SIDE SILL OTR NO.2,RH', 'KS', 1, 1, 600, 7000, 4, '250T', NULL, NULL, 0, 0, 0, 0, 1800, NULL, '2025-12-06', NULL, 'active', NULL, NULL, NULL, NULL, NULL, NULL, NULL, NULL, NULL, NULL, NULL, NULL, NULL, NULL, NULL, NULL, NULL, NULL, NULL, NULL, NULL, NULL, NULL, '2026-03-16 04:33:00', '2026-03-16 04:33:00'),
	(493, '71391-I6000', 'GUSSET SIDE SILL OTR NO.1 LH', 'KS', 1, 1, 600, 7000, 3, '250T', NULL, NULL, 0, 600, 0, 0, 6832, NULL, '2025-12-30', NULL, 'active', NULL, NULL, NULL, NULL, NULL, NULL, NULL, NULL, NULL, NULL, NULL, NULL, NULL, NULL, NULL, NULL, NULL, NULL, NULL, NULL, NULL, NULL, NULL, '2026-03-16 04:33:00', '2026-03-31 06:21:31'),
	(494, '65152-I6000', 'MBR FR SEAT CROSS,LH', 'KS', 1, 1, 600, 7000, 5, '250T', NULL, NULL, 0, 0, 0, 0, 0, NULL, '2026-03-03', NULL, 'active', NULL, NULL, NULL, NULL, NULL, NULL, NULL, NULL, NULL, NULL, NULL, NULL, NULL, NULL, NULL, NULL, NULL, NULL, NULL, NULL, NULL, NULL, NULL, '2026-03-16 04:33:00', '2026-03-16 04:33:00'),
	(495, '65162-I6000', 'MBR FR SEAT CROSS,RH', 'KS', 1, 1, 600, 7000, 5, '250T', NULL, NULL, 0, 0, 0, 0, 3614, NULL, '2025-09-23', NULL, 'active', NULL, NULL, NULL, NULL, NULL, NULL, NULL, NULL, NULL, NULL, NULL, NULL, NULL, NULL, NULL, NULL, NULL, NULL, NULL, NULL, NULL, NULL, NULL, '2026-03-16 04:33:00', '2026-03-16 04:33:00'),
	(496, '65156-I6000', 'BRKT FR ST RR OTR MTG,LH', 'KS', 1, 1, 600, 7000, 5, '250T', NULL, NULL, 0, 1280, 0, 0, 0, NULL, '2026-03-04', NULL, 'active', NULL, NULL, NULL, NULL, NULL, NULL, NULL, NULL, NULL, NULL, NULL, NULL, NULL, NULL, NULL, NULL, NULL, NULL, NULL, NULL, NULL, NULL, NULL, '2026-03-16 04:33:00', '2026-03-31 06:21:29'),
	(497, '65166-I6000', 'BRKT FR ST RR OTR MTG,RH', 'KS', 1, 1, 600, 7000, 5, '250T', NULL, NULL, 0, 960, 0, 0, 0, NULL, '2026-03-09', NULL, 'active', NULL, NULL, NULL, NULL, NULL, NULL, NULL, NULL, NULL, NULL, NULL, NULL, NULL, NULL, NULL, NULL, NULL, NULL, NULL, NULL, NULL, NULL, NULL, '2026-03-16 04:33:00', '2026-03-31 06:21:30'),
	(498, '71358-I6000', 'EXTN SIDE SILL OTR FR,L', 'KS', 1, 1, 600, 7000, 5, '250T', NULL, NULL, 0, 0, 0, 0, 2783, NULL, '2025-10-23', NULL, 'active', NULL, NULL, NULL, NULL, NULL, NULL, NULL, NULL, NULL, NULL, NULL, NULL, NULL, NULL, NULL, NULL, NULL, NULL, NULL, NULL, NULL, NULL, NULL, '2026-03-16 04:33:00', '2026-03-16 04:33:00'),
	(499, '71368-I6000', 'EXTN SIDE SILL OTR FR,R', 'KS', 1, 1, 600, 7000, 4, '250T', NULL, NULL, 0, 0, 0, 0, 2005, NULL, '2025-11-12', NULL, 'active', NULL, NULL, NULL, NULL, NULL, NULL, NULL, NULL, NULL, NULL, NULL, NULL, NULL, NULL, NULL, NULL, NULL, NULL, NULL, NULL, NULL, NULL, NULL, '2026-03-16 04:33:00', '2026-03-16 04:33:00'),
	(500, '65106-I6000', 'REINF CTR FLOOR RR', 'KS', 1, 1, 600, 7000, 4, '250T', NULL, NULL, 0, 0, 0, 0, 4413, NULL, '2025-11-28', NULL, 'active', NULL, NULL, NULL, NULL, NULL, NULL, NULL, NULL, NULL, NULL, NULL, NULL, NULL, NULL, NULL, NULL, NULL, NULL, NULL, NULL, NULL, NULL, NULL, '2026-03-16 04:33:00', '2026-03-16 04:33:00'),
	(501, '65154-I6000', 'BRKT FR ST RR INR MTG,LH', 'KS', 1, 1, 600, 7000, 3, '250T', NULL, NULL, 0, 800, 0, 0, 2326, NULL, '2025-12-31', NULL, 'active', NULL, NULL, NULL, NULL, NULL, NULL, NULL, NULL, NULL, NULL, NULL, NULL, NULL, NULL, NULL, NULL, NULL, NULL, NULL, NULL, NULL, NULL, NULL, '2026-03-16 04:33:00', '2026-03-31 06:21:30'),
	(502, '65164-I6000', 'BRKT FR ST RR INR MTG,RH', 'KS', 1, 1, 600, 7000, 3, '250T', NULL, NULL, 0, 800, 0, 0, 1800, NULL, '2026-01-30', NULL, 'active', NULL, NULL, NULL, NULL, NULL, NULL, NULL, NULL, NULL, NULL, NULL, NULL, NULL, NULL, NULL, NULL, NULL, NULL, NULL, NULL, NULL, NULL, NULL, '2026-03-16 04:33:00', '2026-03-31 06:21:30'),
	(503, '65174-I6000', 'REINF SIDE SILL INR LH', 'KS', 1, 1, 600, 7000, 4, '250T', NULL, NULL, 0, 0, 0, 0, 3796, NULL, '2025-12-03', NULL, 'active', NULL, NULL, NULL, NULL, NULL, NULL, NULL, NULL, NULL, NULL, NULL, NULL, NULL, NULL, NULL, NULL, NULL, NULL, NULL, NULL, NULL, NULL, NULL, '2026-03-16 04:33:00', '2026-03-16 04:33:00'),
	(504, '65184-I6000', 'REINF SIDE SILL INR RH', 'KS', 1, 1, 600, 7000, 4, '250T', NULL, NULL, 0, 0, 0, 0, 2049, NULL, '2025-12-03', NULL, 'active', NULL, NULL, NULL, NULL, NULL, NULL, NULL, NULL, NULL, NULL, NULL, NULL, NULL, NULL, NULL, NULL, NULL, NULL, NULL, NULL, NULL, NULL, NULL, '2026-03-16 04:33:00', '2026-03-16 04:33:00'),
	(505, '71252-I6000', 'EXTN FR PILLAR UPR,LH', 'KS', 1, 1, 600, 7000, 4, '250T', NULL, NULL, 0, 1200, 0, 0, 2400, NULL, '2026-01-22', NULL, 'active', NULL, NULL, NULL, NULL, NULL, NULL, NULL, NULL, NULL, NULL, NULL, NULL, NULL, NULL, NULL, NULL, NULL, NULL, NULL, NULL, NULL, NULL, NULL, '2026-03-16 04:33:00', '2026-03-31 06:21:29'),
	(506, '71262-I6000', 'EXTN FR PILLAR UPR,RH', 'KS', 1, 1, 600, 7000, 4, '250T', NULL, NULL, 0, 1200, 0, 0, 2070, NULL, '2026-01-23', NULL, 'active', NULL, NULL, NULL, NULL, NULL, NULL, NULL, NULL, NULL, NULL, NULL, NULL, NULL, NULL, NULL, NULL, NULL, NULL, NULL, NULL, NULL, NULL, NULL, '2026-03-16 04:33:00', '2026-03-31 06:21:31'),
	(507, '71393-I6000', 'GUSSET SIDE SILL OTR NO.2,LH', 'KS', 1, 1, 600, 7000, 4, '250T', NULL, NULL, 0, 0, 0, 0, 2094, NULL, '2025-11-13', NULL, 'active', NULL, NULL, NULL, NULL, NULL, NULL, NULL, NULL, NULL, NULL, NULL, NULL, NULL, NULL, NULL, NULL, NULL, NULL, NULL, NULL, NULL, NULL, NULL, '2026-03-16 04:33:00', '2026-03-16 04:33:00'),
	(508, '57343-72S0A', 'REINF FRONT HOOD FRONT', 'YHA', 6, 5, 600, 7000, 5, '250T', NULL, NULL, 0, 0, 0, 0, 4290, NULL, '2025-11-21', NULL, 'active', NULL, NULL, NULL, NULL, NULL, NULL, NULL, NULL, NULL, NULL, NULL, NULL, NULL, NULL, NULL, NULL, NULL, NULL, NULL, NULL, NULL, NULL, NULL, '2026-03-16 04:33:00', '2026-03-16 04:33:00'),
	(509, '64113-72S00', 'REINF ROOF RAIL FR R', 'YHA', 6, 5, 600, 7000, 2, '250T', NULL, NULL, 0, 0, 0, 0, 2592, NULL, '2025-12-16', NULL, 'active', NULL, NULL, NULL, NULL, NULL, NULL, NULL, NULL, NULL, NULL, NULL, NULL, NULL, NULL, NULL, NULL, NULL, NULL, NULL, NULL, NULL, NULL, NULL, '2026-03-16 04:33:00', '2026-03-16 04:33:00'),
	(510, '64513-72S00', 'REINF ROOF RAIL FR L', 'YHA', 6, 5, 600, 7000, 2, '250T', NULL, NULL, 0, 0, 0, 0, 2808, NULL, '2025-12-17', NULL, 'active', NULL, NULL, NULL, NULL, NULL, NULL, NULL, NULL, NULL, NULL, NULL, NULL, NULL, NULL, NULL, NULL, NULL, NULL, NULL, NULL, NULL, NULL, NULL, '2026-03-16 04:33:01', '2026-03-16 04:33:01'),
	(511, '64114-72S00', 'REINF ROOF RAIL CTR R', 'YHA', 6, 5, 600, 7000, 4, '250T', NULL, NULL, 0, 1296, 0, 0, 0, NULL, '2026-03-12', NULL, 'active', NULL, NULL, NULL, NULL, NULL, NULL, NULL, NULL, NULL, NULL, NULL, NULL, NULL, NULL, NULL, NULL, NULL, NULL, NULL, NULL, NULL, NULL, NULL, '2026-03-16 04:33:01', '2026-03-31 06:21:30'),
	(512, '64514-72S00', 'REINF ROOF RAIL CTR L', 'YHA', 6, 5, 600, 7000, 4, '250T', NULL, NULL, 0, 0, 0, 0, 0, NULL, '2026-03-13', NULL, 'active', NULL, NULL, NULL, NULL, NULL, NULL, NULL, NULL, NULL, NULL, NULL, NULL, NULL, NULL, NULL, NULL, NULL, NULL, NULL, NULL, NULL, NULL, NULL, '2026-03-16 04:33:01', '2026-03-16 04:33:01'),
	(513, '64115-72S00', 'REINF ROOF RAIL RR, R', 'YHA', 6, 5, 600, 7000, 2, '250T', NULL, NULL, 0, 0, 0, 0, 2436, NULL, '2025-11-20', NULL, 'active', NULL, NULL, NULL, NULL, NULL, NULL, NULL, NULL, NULL, NULL, NULL, NULL, NULL, NULL, NULL, NULL, NULL, NULL, NULL, NULL, NULL, NULL, NULL, '2026-03-16 04:33:01', '2026-03-16 04:33:01'),
	(514, '64515-72S00', 'REINF ROOF RAIL RR, L', 'YHA', 6, 5, 600, 7000, 2, '250T', NULL, NULL, 0, 0, 0, 0, 2592, NULL, '2025-12-19', NULL, 'active', NULL, NULL, NULL, NULL, NULL, NULL, NULL, NULL, NULL, NULL, NULL, NULL, NULL, NULL, NULL, NULL, NULL, NULL, NULL, NULL, NULL, NULL, NULL, '2026-03-16 04:33:01', '2026-03-16 04:33:01'),
	(515, '64113-72S00 (Blank Sheet)', 'REINF ROOF RAIL FR R', 'YHA', 6, 5, 600, 7000, 1, '250T', NULL, NULL, 0, 648, 0, 0, 2592, NULL, '2025-12-16', NULL, 'active', NULL, NULL, NULL, NULL, NULL, NULL, NULL, NULL, NULL, NULL, NULL, NULL, NULL, NULL, NULL, NULL, NULL, NULL, NULL, NULL, NULL, NULL, NULL, '2026-03-16 04:33:01', '2026-03-31 06:21:30'),
	(516, '64513-72S00 (Blank Sheet)', 'REINF ROOF RAIL FR L', 'YHA', 6, 5, 600, 7000, 1, '250T', NULL, NULL, 0, 648, 0, 0, 2808, NULL, '2025-12-17', NULL, 'active', NULL, NULL, NULL, NULL, NULL, NULL, NULL, NULL, NULL, NULL, NULL, NULL, NULL, NULL, NULL, NULL, NULL, NULL, NULL, NULL, NULL, NULL, NULL, '2026-03-16 04:33:01', '2026-03-31 06:21:30'),
	(517, '64114/514-72S00 (Blank)', 'REINF ROOF RAIL CTR R/L', 'YHA', 6, 5, 600, 7000, 1, '250T', NULL, NULL, 0, 0, 0, 0, 2436, NULL, '2025-11-20', NULL, 'active', NULL, NULL, NULL, NULL, NULL, NULL, NULL, NULL, NULL, NULL, NULL, NULL, NULL, NULL, NULL, NULL, NULL, NULL, NULL, NULL, NULL, NULL, NULL, '2026-03-16 04:33:01', '2026-03-16 04:33:01'),
	(518, '64115-72S00 (Blank Sheet)', 'REINF ROOF RAIL RR, R', 'YHA', 6, 5, 600, 7000, 1, '250T', NULL, NULL, 0, 572, 0, 0, 2436, NULL, '2025-11-20', NULL, 'active', NULL, NULL, NULL, NULL, NULL, NULL, NULL, NULL, NULL, NULL, NULL, NULL, NULL, NULL, NULL, NULL, NULL, NULL, NULL, NULL, NULL, NULL, NULL, '2026-03-16 04:33:01', '2026-03-31 06:21:30'),
	(519, '64515-72S00 (Blank Sheet)', 'REINF ROOF RAIL RR, L', 'YHA', 6, 5, 600, 7000, 1, '250T', NULL, NULL, 0, 648, 0, 0, 2592, NULL, '2025-12-19', NULL, 'active', NULL, NULL, NULL, NULL, NULL, NULL, NULL, NULL, NULL, NULL, NULL, NULL, NULL, NULL, NULL, NULL, NULL, NULL, NULL, NULL, NULL, NULL, NULL, '2026-03-16 04:33:01', '2026-03-31 06:21:30'),
	(520, '58821-52S20', 'BRKT COOLING UNIT', 'Y4L', 16, 5, 600, 7000, 4, '250T', NULL, NULL, 0, 2376, 0, 0, 0, NULL, '2026-03-10', NULL, 'active', NULL, NULL, NULL, NULL, NULL, NULL, NULL, NULL, NULL, NULL, NULL, NULL, NULL, NULL, NULL, NULL, NULL, NULL, NULL, NULL, NULL, NULL, NULL, '2026-03-16 04:33:01', '2026-03-31 06:21:30'),
	(521, '58861-52S00', 'BRACKET, BUMPER & FR PNL, L', 'Y4L', 16, 5, 600, 7000, 2, '250T', NULL, NULL, 0, 1248, 0, 0, 3936, NULL, '2026-02-12', NULL, 'active', NULL, NULL, NULL, NULL, NULL, NULL, NULL, NULL, NULL, NULL, NULL, NULL, NULL, NULL, NULL, NULL, NULL, NULL, NULL, NULL, NULL, NULL, NULL, '2026-03-16 04:33:01', '2026-03-31 06:21:31'),
	(522, '58851-52S00', 'BRACKET, BUMPER & FR PNL, R', 'Y4L', 16, 5, 600, 7000, 2, '250T', NULL, NULL, 0, 2496, 0, 0, 4320, NULL, '2026-02-13', NULL, 'active', NULL, NULL, NULL, NULL, NULL, NULL, NULL, NULL, NULL, NULL, NULL, NULL, NULL, NULL, NULL, NULL, NULL, NULL, NULL, NULL, NULL, NULL, NULL, '2026-03-16 04:33:01', '2026-03-31 06:21:31'),
	(523, '58321-52S00', 'BRACE, HEADLAMP SUPPORT, R', 'Y4L', 16, 5, 600, 7000, 2, '250T', NULL, NULL, 0, 1200, 0, 0, 1603, NULL, '2026-03-02', NULL, 'active', NULL, NULL, NULL, NULL, NULL, NULL, NULL, NULL, NULL, NULL, NULL, NULL, NULL, NULL, NULL, NULL, NULL, NULL, NULL, NULL, NULL, NULL, NULL, '2026-03-16 04:33:01', '2026-03-31 06:21:30'),
	(524, '58331-52S00', 'BRACE, HEADLAMP SUPPORT, L', 'Y4L', 16, 5, 600, 7000, 3, '250T', NULL, NULL, 0, 432, 0, 0, 1400, NULL, '2026-03-06', NULL, 'active', NULL, NULL, NULL, NULL, NULL, NULL, NULL, NULL, NULL, NULL, NULL, NULL, NULL, NULL, NULL, NULL, NULL, NULL, NULL, NULL, NULL, NULL, NULL, '2026-03-16 04:33:01', '2026-03-31 06:21:29'),
	(525, '58815-52S00', 'BRACKET,BUMPER & FR PNL CTR', 'Y4L', 16, 5, 600, 7000, 3, '250T', NULL, NULL, 0, 1200, 0, 0, 0, NULL, '2026-03-11', NULL, 'active', NULL, NULL, NULL, NULL, NULL, NULL, NULL, NULL, NULL, NULL, NULL, NULL, NULL, NULL, NULL, NULL, NULL, NULL, NULL, NULL, NULL, NULL, NULL, '2026-03-16 04:33:01', '2026-03-31 06:21:30'),
	(526, '58322-74T00', 'BRACKET FR FENDER LWR R', 'YTB', 17, 5, 600, 7000, 2, '250T', NULL, NULL, 0, 1200, 0, 0, 5420, NULL, '2025-12-24', NULL, 'active', NULL, NULL, NULL, NULL, NULL, NULL, NULL, NULL, NULL, NULL, NULL, NULL, NULL, NULL, NULL, NULL, NULL, NULL, NULL, NULL, NULL, NULL, NULL, '2026-03-16 04:33:01', '2026-03-31 06:21:30'),
	(527, '58422-74T00', 'BRACKET FR FENDER LWR L', 'YTB', 17, 5, 600, 7000, 3, '250T', NULL, NULL, 0, 0, 0, 0, 4440, NULL, '2025-12-29', NULL, 'active', NULL, NULL, NULL, NULL, NULL, NULL, NULL, NULL, NULL, NULL, NULL, NULL, NULL, NULL, NULL, NULL, NULL, NULL, NULL, NULL, NULL, NULL, NULL, '2026-03-16 04:33:01', '2026-03-16 04:33:01'),
	(528, '64717-3M0A-3000', 'BHD L, RR PLR', '3M0A', 18, 3, 600, 7000, 3, '250T', NULL, NULL, 0, 0, 0, 0, 1840, NULL, '2025-12-29', NULL, 'active', NULL, NULL, NULL, NULL, NULL, NULL, NULL, NULL, NULL, NULL, NULL, NULL, NULL, NULL, NULL, NULL, NULL, NULL, NULL, NULL, NULL, NULL, NULL, '2026-03-16 04:33:01', '2026-03-16 04:33:01'),
	(529, '64717-3M0A-3000 (Blank)', 'BHD L, RR PLR', '3M0A', 18, 3, 600, 7000, 1, '250T', NULL, NULL, 0, 0, 0, 0, 1840, NULL, '2025-12-29', NULL, 'active', NULL, NULL, NULL, NULL, NULL, NULL, NULL, NULL, NULL, NULL, NULL, NULL, NULL, NULL, NULL, NULL, NULL, NULL, NULL, NULL, NULL, NULL, NULL, '2026-03-16 04:33:01', '2026-03-16 04:33:01'),
	(530, '64317-3M0A-3000', 'BHD R, RR PLR', '3M0A', 18, 3, 600, 7000, 3, '250T', NULL, NULL, 0, 0, 0, 0, 1920, NULL, '2025-11-18', NULL, 'active', NULL, NULL, NULL, NULL, NULL, NULL, NULL, NULL, NULL, NULL, NULL, NULL, NULL, NULL, NULL, NULL, NULL, NULL, NULL, NULL, NULL, NULL, NULL, '2026-03-16 04:33:01', '2026-03-16 04:33:01'),
	(531, '64317-3M0A-3000 (Blank)', 'BHD R, RR PLR', '3M0A', 18, 3, 600, 7000, 1, '250T', NULL, NULL, 0, 0, 0, 0, 1840, NULL, '2025-11-18', NULL, 'active', NULL, NULL, NULL, NULL, NULL, NULL, NULL, NULL, NULL, NULL, NULL, NULL, NULL, NULL, NULL, NULL, NULL, NULL, NULL, NULL, NULL, NULL, NULL, '2026-03-16 04:33:01', '2026-03-16 04:33:01'),
	(532, '62741-74U00', 'BRACKET , FUEL TANK REAR , L', 'YTB', 17, 5, 600, 7000, 3, '250T', NULL, NULL, 0, 0, 0, 0, 4875, NULL, '2025-11-20', NULL, 'active', NULL, NULL, NULL, NULL, NULL, NULL, NULL, NULL, NULL, NULL, NULL, NULL, NULL, NULL, NULL, NULL, NULL, NULL, NULL, NULL, NULL, NULL, NULL, '2026-03-16 04:33:01', '2026-03-16 04:33:01'),
	(533, '71372/82-I6000 (Blank)', 'REINF RR DR CHKR MTG LH/RH', 'KS', 1, 1, 600, 10000, 1, 'Progressive', NULL, NULL, 0, 0, 0, 0, 1498, NULL, '2025-11-03', NULL, 'active', NULL, NULL, NULL, NULL, NULL, NULL, NULL, NULL, NULL, NULL, NULL, NULL, NULL, NULL, NULL, NULL, NULL, NULL, NULL, NULL, NULL, NULL, NULL, '2026-03-16 04:33:01', '2026-03-16 04:33:01'),
	(534, '71216-I6900 (Blank)', 'BRKT-COWL CROSS MEMBER GD,LH', 'KS', 1, 1, 600, 10000, 1, 'Progressive', NULL, NULL, 0, 0, 0, 0, 2300, NULL, '2025-12-16', NULL, 'active', NULL, NULL, NULL, NULL, NULL, NULL, NULL, NULL, NULL, NULL, NULL, NULL, NULL, NULL, NULL, NULL, NULL, NULL, NULL, NULL, NULL, NULL, NULL, '2026-03-16 04:33:01', '2026-03-16 04:33:01'),
	(535, '71216-I6000 (Blank)', 'BRKT-COWL CROSS MEMBER GD,LH', 'KS', 1, 1, 600, 10000, 1, 'Progressive', NULL, NULL, 0, 0, 0, 0, 3634, NULL, '2025-11-17', NULL, 'active', NULL, NULL, NULL, NULL, NULL, NULL, NULL, NULL, NULL, NULL, NULL, NULL, NULL, NULL, NULL, NULL, NULL, NULL, NULL, NULL, NULL, NULL, NULL, '2026-03-16 04:33:01', '2026-03-16 04:33:01'),
	(536, '71478/88-I6000 (Blank)', 'BRKT FR SEAT BELT LWR MTG,LH/RH', 'KS', 1, 1, 600, 10000, 1, 'Progressive', NULL, NULL, 0, 0, 0, 0, 2518, NULL, '2026-02-02', NULL, 'active', NULL, NULL, NULL, NULL, NULL, NULL, NULL, NULL, NULL, NULL, NULL, NULL, NULL, NULL, NULL, NULL, NULL, NULL, NULL, NULL, NULL, NULL, NULL, '2026-03-16 04:33:01', '2026-03-16 04:33:01'),
	(537, '71226-I6900 (Blank)', 'BRKT-COWL CROSS MEMBER GDE,RH', 'KS', 1, 1, 600, 10000, 1, 'Progressive', NULL, NULL, 0, 2000, 0, 0, 1200, NULL, '2025-11-04', NULL, 'active', NULL, NULL, NULL, NULL, NULL, NULL, NULL, NULL, NULL, NULL, NULL, NULL, NULL, NULL, NULL, NULL, NULL, NULL, NULL, NULL, NULL, NULL, NULL, '2026-03-16 04:33:01', '2026-03-31 06:21:31'),
	(538, '71226-I6000 (Blank)', 'BRKT-COWL CROSS MEMBER GDE,RH', 'KS', 1, 1, 600, 10000, 1, 'Progressive', NULL, NULL, 0, 0, 0, 0, 1855, NULL, '2025-11-10', NULL, 'active', NULL, NULL, NULL, NULL, NULL, NULL, NULL, NULL, NULL, NULL, NULL, NULL, NULL, NULL, NULL, NULL, NULL, NULL, NULL, NULL, NULL, NULL, NULL, '2026-03-16 04:33:01', '2026-03-16 04:33:01'),
	(539, '71474/84-I6000 (Blank)', 'REINF CTR PLR INR UPR,LH/RH', 'KS', 1, 1, 600, 10000, 1, 'Progressive', NULL, NULL, 0, 2340, 0, 0, 4448, NULL, '2025-11-04', NULL, 'active', NULL, NULL, NULL, NULL, NULL, NULL, NULL, NULL, NULL, NULL, NULL, NULL, NULL, NULL, NULL, NULL, NULL, NULL, NULL, NULL, NULL, NULL, NULL, '2026-03-16 04:33:01', '2026-03-31 06:21:30'),
	(540, '651C2/D2-I6000 (Blank)', 'REINF-FR SEAT FR INR MTG,LH/RH', 'KS', 1, 1, 600, 10000, 1, 'Progressive', NULL, NULL, 0, 0, 0, 0, 6046, NULL, '2025-11-05', NULL, 'active', NULL, NULL, NULL, NULL, NULL, NULL, NULL, NULL, NULL, NULL, NULL, NULL, NULL, NULL, NULL, NULL, NULL, NULL, NULL, NULL, NULL, NULL, NULL, '2026-03-16 04:33:01', '2026-03-16 04:33:01'),
	(541, '71432-I6000 (Blank)', 'BRKT ASSIST HDL FR,LH', 'KS', 1, 1, 600, 10000, 1, 'Progressive', NULL, NULL, 0, 0, 0, 0, 1200, NULL, '2025-12-31', NULL, 'active', NULL, NULL, NULL, NULL, NULL, NULL, NULL, NULL, NULL, NULL, NULL, NULL, NULL, NULL, NULL, NULL, NULL, NULL, NULL, NULL, NULL, NULL, NULL, '2026-03-16 04:33:01', '2026-03-16 04:33:01'),
	(542, '71434-I6000 (Blank)', 'BRKT ASSIST HDL RR,LH', 'KS', 1, 1, 600, 10000, 1, 'Progressive', NULL, NULL, 0, 0, 0, 0, 1200, NULL, '2025-12-31', NULL, 'active', NULL, NULL, NULL, NULL, NULL, NULL, NULL, NULL, NULL, NULL, NULL, NULL, NULL, NULL, NULL, NULL, NULL, NULL, NULL, NULL, NULL, NULL, NULL, '2026-03-16 04:33:01', '2026-03-16 04:33:01'),
	(543, '65138-I6000 (Blank)', 'REINF P/BRAKE LVR MTG', 'KS', 1, 1, 600, 10000, 1, 'Progressive', NULL, NULL, 0, 0, 0, 0, 3810, NULL, '2025-12-29', NULL, 'active', NULL, NULL, NULL, NULL, NULL, NULL, NULL, NULL, NULL, NULL, NULL, NULL, NULL, NULL, NULL, NULL, NULL, NULL, NULL, NULL, NULL, NULL, NULL, '2026-03-16 04:33:01', '2026-03-16 04:33:01'),
	(544, '65195-I6000 (Blank)', 'REINF P/BRAKE CBL MTG', 'KS', 1, 1, 600, 10000, 1, 'Progressive', NULL, NULL, 0, 0, 0, 0, 2600, NULL, '2025-12-24', NULL, 'active', NULL, NULL, NULL, NULL, NULL, NULL, NULL, NULL, NULL, NULL, NULL, NULL, NULL, NULL, NULL, NULL, NULL, NULL, NULL, NULL, NULL, NULL, NULL, '2026-03-16 04:33:01', '2026-03-16 04:33:01'),
	(545, '651F2-I6000 (Blank)', 'PATCH S/SILL INR REINF NO.1', 'KS', 1, 1, 600, 10000, 1, 'Progressive', NULL, NULL, 0, 0, 0, 0, 2715, NULL, '2025-12-01', NULL, 'active', NULL, NULL, NULL, NULL, NULL, NULL, NULL, NULL, NULL, NULL, NULL, NULL, NULL, NULL, NULL, NULL, NULL, NULL, NULL, NULL, NULL, NULL, NULL, '2026-03-16 04:33:02', '2026-03-16 04:33:02'),
	(546, '651A8-I6000 (Blank)', 'MBR CTR FLR SIDE UPR,RH', 'KS', 1, 1, 600, 10000, 1, 'Progressive', NULL, NULL, 0, 0, 0, 0, 1200, NULL, '2025-12-02', NULL, 'active', NULL, NULL, NULL, NULL, NULL, NULL, NULL, NULL, NULL, NULL, NULL, NULL, NULL, NULL, NULL, NULL, NULL, NULL, NULL, NULL, NULL, NULL, NULL, '2026-03-16 04:33:02', '2026-03-16 04:33:02'),
	(547, '651B2-I6000 (Blank)', 'REINF CTR FLR SIDE FR,RH', 'KS', 1, 1, 600, 10000, 1, 'Progressive', NULL, NULL, 0, 0, 0, 0, 2673, NULL, '2025-12-04', NULL, 'active', NULL, NULL, NULL, NULL, NULL, NULL, NULL, NULL, NULL, NULL, NULL, NULL, NULL, NULL, NULL, NULL, NULL, NULL, NULL, NULL, NULL, NULL, NULL, '2026-03-16 04:33:02', '2026-03-16 04:33:02'),
	(548, '65156/66-I6000 (Blank)', 'BRKT FR ST RR OTR MTG,LH/RH', 'KS', 1, 1, 600, 10000, 1, 'Progressive', NULL, NULL, 0, 0, 0, 0, 0, NULL, '2026-03-04', NULL, 'active', NULL, NULL, NULL, NULL, NULL, NULL, NULL, NULL, NULL, NULL, NULL, NULL, NULL, NULL, NULL, NULL, NULL, NULL, NULL, NULL, NULL, NULL, NULL, '2026-03-16 04:33:02', '2026-03-16 04:33:02'),
	(549, '71134/44-I6000 (Blank)', 'REINF-FR DR HINGE MTG UPR,LH/RH', 'KS', 1, 1, 600, 10000, 1, 'Progressive', NULL, NULL, 0, 0, 0, 0, 2145, NULL, '2026-01-28', NULL, 'active', NULL, NULL, NULL, NULL, NULL, NULL, NULL, NULL, NULL, NULL, NULL, NULL, NULL, NULL, NULL, NULL, NULL, NULL, NULL, NULL, NULL, NULL, NULL, '2026-03-16 04:33:02', '2026-03-16 04:33:02'),
	(550, '71136/46-I6000 (Blank)', 'REINF-FR PILLAR OTR,LH/RH', 'KS', 1, 1, 600, 10000, 1, 'Progressive', NULL, NULL, 0, 0, 0, 0, 1200, NULL, '2026-03-02', NULL, 'active', NULL, NULL, NULL, NULL, NULL, NULL, NULL, NULL, NULL, NULL, NULL, NULL, NULL, NULL, NULL, NULL, NULL, NULL, NULL, NULL, NULL, NULL, NULL, '2026-03-16 04:33:02', '2026-03-16 04:33:02'),
	(551, '71391-I6000 (Blank)', 'GUSSET SIDE SILL OTR NO.1 LH', 'KS', 1, 1, 600, 10000, 1, 'Progressive', NULL, NULL, 0, 0, 0, 0, 6832, NULL, '2025-12-30', NULL, 'active', NULL, NULL, NULL, NULL, NULL, NULL, NULL, NULL, NULL, NULL, NULL, NULL, NULL, NULL, NULL, NULL, NULL, NULL, NULL, NULL, NULL, NULL, NULL, '2026-03-16 04:33:02', '2026-03-16 04:33:02'),
	(552, '71358/68-I6000 (Blank)', 'EXTN SIDE SILL OTR FR,LH/RH', 'KS', 1, 1, 600, 10000, 1, 'Progressive', NULL, NULL, 0, 0, 0, 0, 2783, NULL, '2025-10-23', NULL, 'active', NULL, NULL, NULL, NULL, NULL, NULL, NULL, NULL, NULL, NULL, NULL, NULL, NULL, NULL, NULL, NULL, NULL, NULL, NULL, NULL, NULL, NULL, NULL, '2026-03-16 04:33:02', '2026-03-16 04:33:02'),
	(553, '71476/86-I6000 (Blank)', 'BRKT FR S/BELT UPR MTG,LH/RH', 'KS', 1, 1, 600, 10000, 1, 'Progressive', NULL, NULL, 0, 0, 0, 0, 2400, NULL, '2026-01-27', NULL, 'active', NULL, NULL, NULL, NULL, NULL, NULL, NULL, NULL, NULL, NULL, NULL, NULL, NULL, NULL, NULL, NULL, NULL, NULL, NULL, NULL, NULL, NULL, NULL, '2026-03-16 04:33:02', '2026-03-16 04:33:02'),
	(554, '71154/64-I6000 (Blank)', 'REINF-FR DR HINGE LWR,LH/RH', 'KS', 1, 1, 600, 10000, 1, 'Progressive', NULL, NULL, 0, 0, 0, 0, 2708, NULL, '2025-11-20', NULL, 'active', NULL, NULL, NULL, NULL, NULL, NULL, NULL, NULL, NULL, NULL, NULL, NULL, NULL, NULL, NULL, NULL, NULL, NULL, NULL, NULL, NULL, NULL, NULL, '2026-03-16 04:33:02', '2026-03-16 04:33:02'),
	(555, '65158/68-I6000 (Blank)', 'REINF-FR SEAT FR OTR MTG,LH/RH', 'KS', 1, 1, 600, 10000, 1, 'Progressive', NULL, NULL, 0, 0, 0, 0, 1500, NULL, '2026-01-26', NULL, 'active', NULL, NULL, NULL, NULL, NULL, NULL, NULL, NULL, NULL, NULL, NULL, NULL, NULL, NULL, NULL, NULL, NULL, NULL, NULL, NULL, NULL, NULL, NULL, '2026-03-16 04:33:02', '2026-03-16 04:33:02'),
	(556, '65106-I6000 (Blank)', 'REINF CTR FLOOR RR', 'KS', 1, 1, 600, 10000, 1, 'Progressive', NULL, NULL, 0, 0, 0, 0, 4413, NULL, '2025-11-28', NULL, 'active', NULL, NULL, NULL, NULL, NULL, NULL, NULL, NULL, NULL, NULL, NULL, NULL, NULL, NULL, NULL, NULL, NULL, NULL, NULL, NULL, NULL, NULL, NULL, '2026-03-16 04:33:02', '2026-03-16 04:33:02'),
	(557, '65154/64-I6000 (Blank)', 'BRKT FR ST RR INR MTG,LH/RH', 'KS', 1, 1, 600, 10000, 1, 'Progressive', NULL, NULL, 0, 0, 0, 0, 2326, NULL, '2025-12-31', NULL, 'active', NULL, NULL, NULL, NULL, NULL, NULL, NULL, NULL, NULL, NULL, NULL, NULL, NULL, NULL, NULL, NULL, NULL, NULL, NULL, NULL, NULL, NULL, NULL, '2026-03-16 04:33:02', '2026-03-16 04:33:02'),
	(558, '65174/84-I6000 (Blank)', 'REINF SIDE SILL INR LH/RH', 'KS', 1, 1, 600, 10000, 1, 'Progressive', NULL, NULL, 0, 0, 0, 0, 3796, NULL, '2025-12-03', NULL, 'active', NULL, NULL, NULL, NULL, NULL, NULL, NULL, NULL, NULL, NULL, NULL, NULL, NULL, NULL, NULL, NULL, NULL, NULL, NULL, NULL, NULL, NULL, NULL, '2026-03-16 04:33:02', '2026-03-16 04:33:02'),
	(559, '71172/82-I6000 (Blank)', 'REINF-FR DR CHECKER MTG,LH', 'KS', 1, 1, 600, 10000, 1, 'Progressive', NULL, NULL, 0, 0, 0, 0, 3565, NULL, '2025-11-21', NULL, 'active', NULL, NULL, NULL, NULL, NULL, NULL, NULL, NULL, NULL, NULL, NULL, NULL, NULL, NULL, NULL, NULL, NULL, NULL, NULL, NULL, NULL, NULL, NULL, '2026-03-16 04:33:02', '2026-03-16 04:33:02'),
	(560, '71393/94-I6000 (Blank)', 'GUSSET SIDE SILL OTR NO.2,LH/RH', 'KS', 1, 1, 600, 10000, 1, 'Progressive', NULL, NULL, 0, 0, 0, 0, 2094, NULL, '2025-11-13', NULL, 'active', NULL, NULL, NULL, NULL, NULL, NULL, NULL, NULL, NULL, NULL, NULL, NULL, NULL, NULL, NULL, NULL, NULL, NULL, NULL, NULL, NULL, NULL, NULL, '2026-03-16 04:33:02', '2026-03-16 04:33:02'),
	(561, '71252/62-I6000 (Blank)', 'EXTN FR PILLAR UPR,RH/LH', 'KS', 1, 1, 600, 10000, 1, 'Progressive', NULL, NULL, 0, 0, 0, 0, 2400, NULL, '2026-01-22', NULL, 'active', NULL, NULL, NULL, NULL, NULL, NULL, NULL, NULL, NULL, NULL, NULL, NULL, NULL, NULL, NULL, NULL, NULL, NULL, NULL, NULL, NULL, NULL, NULL, '2026-03-16 04:33:02', '2026-03-16 04:33:02'),
	(562, '71477/87-I6000 (Blank)', 'BRKT FR SEAT BELT LWR MTG,LH/RH', 'KS', 1, 1, 600, 10000, 1, 'Progressive', NULL, NULL, 0, 0, 0, 0, 0, NULL, '2025-12-04', NULL, 'active', NULL, NULL, NULL, NULL, NULL, NULL, NULL, NULL, NULL, NULL, NULL, NULL, NULL, NULL, NULL, NULL, NULL, NULL, NULL, NULL, NULL, NULL, NULL, '2026-03-16 04:33:02', '2026-03-16 04:33:02'),
	(563, '71374/84-I6000 (Blank Sheet)', 'REINF SIDE SILL OTR FR,LH/RH', 'KS', 1, 1, 600, 10000, 1, 'Progressive', NULL, NULL, 0, 0, 0, 0, 1668, NULL, '2026-02-09', NULL, 'active', NULL, NULL, NULL, NULL, NULL, NULL, NULL, NULL, NULL, NULL, NULL, NULL, NULL, NULL, NULL, NULL, NULL, NULL, NULL, NULL, NULL, NULL, NULL, '2026-03-16 04:33:02', '2026-03-16 04:33:02'),
	(564, '651C8-I6000 (Blank Sheet)', 'BRACE CTR FLR TUNNEL RR', 'KS', 1, 1, 600, 10000, 1, 'Progressive', NULL, NULL, 0, 0, 0, 0, 2361, NULL, '2025-12-22', NULL, 'active', NULL, NULL, NULL, NULL, NULL, NULL, NULL, NULL, NULL, NULL, NULL, NULL, NULL, NULL, NULL, NULL, NULL, NULL, NULL, NULL, NULL, NULL, NULL, '2026-03-16 04:33:02', '2026-03-16 04:33:02'),
	(565, '651D8-I6000 (Blank Sheet)', 'BRACE CTR FLR TUNNEL', 'KS', 1, 1, 600, 10000, 1, 'Progressive', NULL, NULL, 0, 0, 0, 0, 2403, NULL, '2025-12-23', NULL, 'active', NULL, NULL, NULL, NULL, NULL, NULL, NULL, NULL, NULL, NULL, NULL, NULL, NULL, NULL, NULL, NULL, NULL, NULL, NULL, NULL, NULL, NULL, NULL, '2026-03-16 04:33:02', '2026-03-16 04:33:02'),
	(566, '65152-I6000 (Blank Sheet)', 'MEMBER-FR SEAT CROSS,LH', 'KS', 1, 1, 600, 10000, 1, 'Progressive', NULL, NULL, 0, 0, 0, 0, 0, NULL, '2026-03-03', NULL, 'active', NULL, NULL, NULL, NULL, NULL, NULL, NULL, NULL, NULL, NULL, NULL, NULL, NULL, NULL, NULL, NULL, NULL, NULL, NULL, NULL, NULL, NULL, NULL, '2026-03-16 04:33:02', '2026-03-16 04:33:02'),
	(567, '65162-I6000 (Blank Sheet)', 'MEMBER-FR SEAT CROSS,RH', 'KS', 1, 1, 600, 10000, 1, 'Progressive', NULL, NULL, 0, 0, 0, 0, 3614, NULL, '2025-09-23', NULL, 'active', NULL, NULL, NULL, NULL, NULL, NULL, NULL, NULL, NULL, NULL, NULL, NULL, NULL, NULL, NULL, NULL, NULL, NULL, NULL, NULL, NULL, NULL, NULL, '2026-03-16 04:33:02', '2026-03-16 04:33:02'),
	(568, '58331-52S00 (Blank)', 'BRACE HEAD LAMP SUPPORT LH', 'Y4L', 16, 5, 600, 10000, 1, 'Progressive', NULL, NULL, 0, 0, 0, 0, 1400, NULL, '2026-03-06', NULL, 'active', NULL, NULL, NULL, NULL, NULL, NULL, NULL, NULL, NULL, NULL, NULL, NULL, NULL, NULL, NULL, NULL, NULL, NULL, NULL, NULL, NULL, NULL, NULL, '2026-03-16 04:33:02', '2026-03-16 04:33:02'),
	(569, '58321-52S00 (Blank)', 'BRACE HEAD LAMP SUPPORT RH', 'Y4L', 16, 5, 600, 10000, 1, 'Progressive', NULL, NULL, 0, 2400, 0, 0, 1603, NULL, '2026-03-02', NULL, 'active', NULL, NULL, NULL, NULL, NULL, NULL, NULL, NULL, NULL, NULL, NULL, NULL, NULL, NULL, NULL, NULL, NULL, NULL, NULL, NULL, NULL, NULL, NULL, '2026-03-16 04:33:02', '2026-03-31 06:21:31'),
	(570, '58851-52S00 (Blank)', 'BRKT BMPR & FR FNL R', 'Y4L', 16, 5, 600, 10000, 1, 'Progressive', NULL, NULL, 0, 0, 0, 0, 4320, NULL, '2025-11-26', NULL, 'active', NULL, NULL, NULL, NULL, NULL, NULL, NULL, NULL, NULL, NULL, NULL, NULL, NULL, NULL, NULL, NULL, NULL, NULL, NULL, NULL, NULL, NULL, NULL, '2026-03-16 04:33:02', '2026-03-16 04:33:02'),
	(571, '58861-52S00 (Blank)', 'BRKT BMPR & FR FNL L', 'Y4L', 16, 5, 600, 10000, 1, 'Progressive', NULL, NULL, 0, 0, 0, 0, 3936, NULL, '2026-02-12', NULL, 'active', NULL, NULL, NULL, NULL, NULL, NULL, NULL, NULL, NULL, NULL, NULL, NULL, NULL, NULL, NULL, NULL, NULL, NULL, NULL, NULL, NULL, NULL, NULL, '2026-03-16 04:33:02', '2026-03-16 04:33:02'),
	(572, '58815-52S00 (Blank)', 'BRKT BMPR & FR FNL CTR', 'Y4L', 16, 5, 600, 10000, 1, 'Progressive', NULL, NULL, 0, 0, 0, 0, 0, NULL, '2026-03-11', NULL, 'active', NULL, NULL, NULL, NULL, NULL, NULL, NULL, NULL, NULL, NULL, NULL, NULL, NULL, NULL, NULL, NULL, NULL, NULL, NULL, NULL, NULL, NULL, NULL, '2026-03-16 04:33:02', '2026-03-16 04:33:02'),
	(573, '58322/422-74T00 (Blank)', 'BRACKET FR FENDER LWR R/L', 'YTB', 17, 5, 600, 10000, 1, 'Progressive', NULL, NULL, 0, 2684, 0, 0, 5420, NULL, '2025-12-24', NULL, 'active', NULL, NULL, NULL, NULL, NULL, NULL, NULL, NULL, NULL, NULL, NULL, NULL, NULL, NULL, NULL, NULL, NULL, NULL, NULL, NULL, NULL, NULL, NULL, '2026-03-16 04:33:02', '2026-03-31 06:21:30'),
	(574, '64348-TVS-K010-H1 (Blank)', 'ANCHOR PLATE CTR INN', '2JX (3K6A)', 27, 3, 600, 10000, 1, 'Progressive', NULL, NULL, 0, 0, 0, 0, 5000, NULL, '2025-11-19', NULL, 'active', NULL, NULL, NULL, NULL, NULL, NULL, NULL, NULL, NULL, NULL, NULL, NULL, NULL, NULL, NULL, NULL, NULL, NULL, NULL, NULL, NULL, NULL, NULL, '2026-03-16 04:33:02', '2026-03-16 04:33:02'),
	(575, '65314-T86-K000-H1 (Blank)', 'BRACKET CANISTER', '2JX', 7, 3, 600, 10000, 1, 'Progressive', NULL, NULL, 0, 0, 0, 0, 3250, NULL, '2025-11-19', NULL, 'active', NULL, NULL, NULL, NULL, NULL, NULL, NULL, NULL, NULL, NULL, NULL, NULL, NULL, NULL, NULL, NULL, NULL, NULL, NULL, NULL, NULL, NULL, NULL, '2026-03-16 04:33:02', '2026-03-16 04:33:02'),
	(576, '65613-SCD-3000 (Blank)', 'BASE SPRING', '2JX', 7, 3, 600, 10000, 1, 'Progressive', NULL, NULL, 0, 1644, 0, 0, 4200, NULL, '2025-11-28', NULL, 'active', NULL, NULL, NULL, NULL, NULL, NULL, NULL, NULL, NULL, NULL, NULL, NULL, NULL, NULL, NULL, NULL, NULL, NULL, NULL, NULL, NULL, NULL, NULL, '2026-03-16 04:33:02', '2026-03-31 06:21:30'),
	(577, '65705-T86-K000-H1 (Blank)', 'BHD MID FLOOR C/ MBR', '2JX', 7, 3, 600, 10000, 1, 'Progressive', NULL, NULL, 0, 0, 0, 0, 1500, NULL, '2025-12-22', NULL, 'active', NULL, NULL, NULL, NULL, NULL, NULL, NULL, NULL, NULL, NULL, NULL, NULL, NULL, NULL, NULL, NULL, NULL, NULL, NULL, NULL, NULL, NULL, NULL, '2026-03-16 04:33:02', '2026-03-16 04:33:02'),
	(578, '65706-T86-K000-H1 (Blank)', 'BRKT L, RR F/ TANK STOPPER', '2JX', 7, 3, 600, 10000, 1, 'Progressive', NULL, NULL, 0, 0, 0, 0, 5200, NULL, '2025-11-28', NULL, 'active', NULL, NULL, NULL, NULL, NULL, NULL, NULL, NULL, NULL, NULL, NULL, NULL, NULL, NULL, NULL, NULL, NULL, NULL, NULL, NULL, NULL, NULL, NULL, '2026-03-16 04:33:02', '2026-03-16 04:33:02'),
	(579, '65743/93-T86A-K000-H1 (Blank)', 'STIFF R/L, EXTN S/ SILL', '2JX (LHD)', 26, 3, 600, 10000, 1, 'Progressive', NULL, NULL, 0, 0, 0, 0, 2400, NULL, '2025-11-13', NULL, 'active', NULL, NULL, NULL, NULL, NULL, NULL, NULL, NULL, NULL, NULL, NULL, NULL, NULL, NULL, NULL, NULL, NULL, NULL, NULL, NULL, NULL, NULL, NULL, '2026-03-16 04:33:02', '2026-03-16 04:33:02'),
	(580, '65748-T86-K000-H1 (Blank)', 'BRKT, BREATHER TUBE', '2JX', 7, 3, 600, 10000, 1, 'Progressive', NULL, NULL, 0, 0, 0, 0, 4500, NULL, '2025-11-13', NULL, 'active', NULL, NULL, NULL, NULL, NULL, NULL, NULL, NULL, NULL, NULL, NULL, NULL, NULL, NULL, NULL, NULL, NULL, NULL, NULL, NULL, NULL, NULL, NULL, '2026-03-16 04:33:02', '2026-03-16 04:33:02'),
	(581, '64743-T7A-3000 (Blank)', 'BRKT, SECURITY HORN', '3M0A', 18, 3, 600, 10000, 1, 'Progressive', NULL, NULL, 0, 0, 0, 0, 1700, NULL, '2025-12-09', NULL, 'active', NULL, NULL, NULL, NULL, NULL, NULL, NULL, NULL, NULL, NULL, NULL, NULL, NULL, NULL, NULL, NULL, NULL, NULL, NULL, NULL, NULL, NULL, NULL, '2026-03-16 04:33:02', '2026-03-16 04:33:02'),
	(582, '61541-3M0-3000 (Blank)', 'STPR, ACCEL PEDAL', '2GN (3N1A)', 25, 4, 600, 10000, 1, 'Progressive', NULL, NULL, 0, 0, 0, 0, 3760, NULL, '2025-10-27', NULL, 'active', NULL, NULL, NULL, NULL, NULL, NULL, NULL, NULL, NULL, NULL, NULL, NULL, NULL, NULL, NULL, NULL, NULL, NULL, NULL, NULL, NULL, NULL, NULL, '2026-03-16 04:33:02', '2026-03-16 04:33:02'),
	(583, '77751-VT050 (Blank)', 'BRACKET, CHARCOAL CANISTER NO. 1', '560B', 8, 6, 600, 10000, 1, 'Progressive', NULL, NULL, 0, 0, 0, 0, 0, NULL, '2026-02-10', NULL, 'active', NULL, NULL, NULL, NULL, NULL, NULL, NULL, NULL, NULL, NULL, NULL, NULL, NULL, NULL, NULL, NULL, NULL, NULL, NULL, NULL, NULL, NULL, NULL, '2026-03-16 04:33:03', '2026-03-16 04:33:03'),
	(584, '62741-74U00 (Blank)', 'BRACKET , FUEL TANK REAR , L', 'YTB', 17, 5, 600, 10000, 1, 'Progressive', NULL, NULL, 0, 0, 0, 0, 4875, NULL, '2025-11-20', NULL, 'active', NULL, NULL, NULL, NULL, NULL, NULL, NULL, NULL, NULL, NULL, NULL, NULL, NULL, NULL, NULL, NULL, NULL, NULL, NULL, NULL, NULL, NULL, NULL, '2026-03-16 04:33:03', '2026-03-16 04:33:03'),
	(586, '58821-52S00 (Blank Sheet)', 'BRKT COOLING UNIT', NULL, 16, 5, 600, 6000, 1, '250T', 'blank_pierce', NULL, 0, 503, 0, 0, 0, NULL, NULL, NULL, 'active', NULL, NULL, NULL, NULL, NULL, NULL, NULL, NULL, NULL, NULL, NULL, NULL, NULL, NULL, NULL, NULL, NULL, NULL, NULL, NULL, NULL, NULL, NULL, '2026-03-31 05:08:17', '2026-03-31 06:21:29'),
	(587, '63323-3K6-K000-50 (OP60-70)', 'ADPT R, RR COMBI', NULL, 27, 4, 600, 6000, 2, '250T', NULL, NULL, 1, 480, 0, 0, 0, NULL, NULL, NULL, 'active', NULL, NULL, NULL, NULL, NULL, NULL, NULL, NULL, NULL, NULL, NULL, NULL, NULL, NULL, NULL, NULL, NULL, NULL, NULL, NULL, NULL, NULL, NULL, '2026-03-31 06:33:32', '2026-03-31 07:24:52'),
	(588, '65314-T86A-K000-50 (Blank)', 'BRACKET CANISTER', NULL, 23, 4, 600, 6000, 1, '250T', NULL, NULL, 0, 1200, 0, 0, 0, NULL, NULL, NULL, 'active', NULL, NULL, NULL, NULL, NULL, NULL, NULL, NULL, NULL, NULL, NULL, NULL, NULL, NULL, NULL, NULL, NULL, NULL, NULL, NULL, NULL, NULL, NULL, '2026-03-31 06:43:07', '2026-03-31 07:24:52'),
	(589, '63323-3K6-K000-50 (OP60-70)', 'ADPT R, RR COMBI', NULL, 27, 4, 600, 6000, 2, '250T', NULL, NULL, 1, 0, 0, 0, 0, NULL, NULL, NULL, 'active', NULL, NULL, NULL, NULL, NULL, NULL, NULL, NULL, NULL, NULL, NULL, NULL, NULL, NULL, NULL, NULL, NULL, NULL, NULL, NULL, NULL, NULL, NULL, '2026-03-31 06:49:31', '2026-03-31 07:05:45'),
	(590, '63723-3K6-K000-50 (OP60-70)', 'ADPT L, RR COMBI', NULL, 27, 4, 600, 6000, 2, '250T', NULL, NULL, 1, 720, 0, 0, 0, NULL, NULL, NULL, 'active', NULL, NULL, NULL, NULL, NULL, NULL, NULL, NULL, NULL, NULL, NULL, NULL, NULL, NULL, NULL, NULL, NULL, NULL, NULL, NULL, NULL, NULL, NULL, '2026-03-31 06:50:18', '2026-03-31 07:24:52'),
	(591, '65701-TSV-K000-50 (OP60-70)', 'C/ MBR MID FLOOR', NULL, 12, 4, 600, 6000, 2, '800T', NULL, NULL, 1, 0, 0, 0, 0, NULL, NULL, NULL, 'active', NULL, NULL, NULL, NULL, NULL, NULL, NULL, NULL, NULL, NULL, NULL, NULL, NULL, NULL, NULL, NULL, NULL, NULL, NULL, NULL, NULL, NULL, NULL, '2026-03-31 06:55:34', '2026-03-31 07:05:37'),
	(592, '63723-T86-K000-50 (OP60-70)', 'ADPT R,RR COMBI', NULL, 23, 4, 600, 6000, 2, '250T', NULL, NULL, 1, 0, 0, 0, 0, NULL, NULL, NULL, 'active', NULL, NULL, NULL, NULL, NULL, NULL, NULL, NULL, NULL, NULL, NULL, NULL, NULL, NULL, NULL, NULL, NULL, NULL, NULL, NULL, NULL, NULL, NULL, '2026-03-31 06:58:43', '2026-03-31 06:59:27'),
	(593, '63323-T86-K000-50 (OP60-70)', 'ADPT R,RR COMBI', NULL, 23, 4, 600, 6000, 2, '250T', NULL, NULL, 1, 0, 0, 0, 0, NULL, NULL, NULL, 'active', NULL, NULL, NULL, NULL, NULL, NULL, NULL, NULL, NULL, NULL, NULL, NULL, NULL, NULL, NULL, NULL, NULL, NULL, NULL, NULL, NULL, NULL, NULL, '2026-03-31 07:01:20', '2026-03-31 07:05:28'),
	(594, '63325/725-3K6-K000-H1 (OP60-70)', 'GTR R/L, RR PLR MID', NULL, 12, 4, 600, 6000, 2, '250T', NULL, NULL, 0, 0, 0, 0, 0, NULL, NULL, NULL, 'active', NULL, NULL, NULL, NULL, NULL, NULL, NULL, NULL, NULL, NULL, NULL, NULL, NULL, NULL, NULL, NULL, NULL, NULL, NULL, NULL, NULL, NULL, NULL, '2026-03-31 07:11:31', '2026-03-31 07:13:09');

-- Dumping structure for table ppm_dies_monitoring.die_processes
CREATE TABLE IF NOT EXISTS `die_processes` (
  `id` bigint unsigned NOT NULL AUTO_INCREMENT,
  `die_id` bigint unsigned NOT NULL,
  `process_type` varchar(50) COLLATE utf8mb4_unicode_ci NOT NULL,
  `process_order` tinyint unsigned NOT NULL DEFAULT '1',
  `ppm_status` enum('pending','in_progress','completed') COLLATE utf8mb4_unicode_ci NOT NULL DEFAULT 'pending',
  `ppm_started_at` timestamp NULL DEFAULT NULL,
  `ppm_completed_at` timestamp NULL DEFAULT NULL,
  `ppm_history_id` bigint unsigned DEFAULT NULL,
  `completed_by` varchar(255) COLLATE utf8mb4_unicode_ci DEFAULT NULL,
  `notes` text COLLATE utf8mb4_unicode_ci,
  `created_at` timestamp NULL DEFAULT NULL,
  `updated_at` timestamp NULL DEFAULT NULL,
  PRIMARY KEY (`id`),
  UNIQUE KEY `die_processes_die_id_process_type_process_order_unique` (`die_id`,`process_type`,`process_order`),
  KEY `die_processes_ppm_history_id_foreign` (`ppm_history_id`),
  KEY `die_processes_die_id_ppm_status_index` (`die_id`,`ppm_status`),
  CONSTRAINT `die_processes_die_id_foreign` FOREIGN KEY (`die_id`) REFERENCES `dies` (`id`) ON DELETE CASCADE,
  CONSTRAINT `die_processes_ppm_history_id_foreign` FOREIGN KEY (`ppm_history_id`) REFERENCES `ppm_histories` (`id`) ON DELETE SET NULL
) ENGINE=InnoDB DEFAULT CHARSET=utf8mb4 COLLATE=utf8mb4_unicode_ci;

-- Dumping data for table ppm_dies_monitoring.die_processes: ~0 rows (approximately)

-- Dumping structure for table ppm_dies_monitoring.failed_jobs
CREATE TABLE IF NOT EXISTS `failed_jobs` (
  `id` bigint unsigned NOT NULL AUTO_INCREMENT,
  `uuid` varchar(255) CHARACTER SET utf8mb4 COLLATE utf8mb4_unicode_ci NOT NULL,
  `connection` text CHARACTER SET utf8mb4 COLLATE utf8mb4_unicode_ci NOT NULL,
  `queue` text CHARACTER SET utf8mb4 COLLATE utf8mb4_unicode_ci NOT NULL,
  `payload` longtext CHARACTER SET utf8mb4 COLLATE utf8mb4_unicode_ci NOT NULL,
  `exception` longtext CHARACTER SET utf8mb4 COLLATE utf8mb4_unicode_ci NOT NULL,
  `failed_at` timestamp NOT NULL DEFAULT CURRENT_TIMESTAMP,
  PRIMARY KEY (`id`),
  UNIQUE KEY `failed_jobs_uuid_unique` (`uuid`)
) ENGINE=InnoDB DEFAULT CHARSET=utf8mb4 COLLATE=utf8mb4_unicode_ci;

-- Dumping data for table ppm_dies_monitoring.failed_jobs: ~0 rows (approximately)

-- Dumping structure for table ppm_dies_monitoring.jobs
CREATE TABLE IF NOT EXISTS `jobs` (
  `id` bigint unsigned NOT NULL AUTO_INCREMENT,
  `queue` varchar(255) CHARACTER SET utf8mb4 COLLATE utf8mb4_unicode_ci NOT NULL,
  `payload` longtext CHARACTER SET utf8mb4 COLLATE utf8mb4_unicode_ci NOT NULL,
  `attempts` tinyint unsigned NOT NULL,
  `reserved_at` int unsigned DEFAULT NULL,
  `available_at` int unsigned NOT NULL,
  `created_at` int unsigned NOT NULL,
  PRIMARY KEY (`id`),
  KEY `jobs_queue_index` (`queue`)
) ENGINE=InnoDB DEFAULT CHARSET=utf8mb4 COLLATE=utf8mb4_unicode_ci;

-- Dumping data for table ppm_dies_monitoring.jobs: ~0 rows (approximately)

-- Dumping structure for table ppm_dies_monitoring.job_batches
CREATE TABLE IF NOT EXISTS `job_batches` (
  `id` varchar(255) CHARACTER SET utf8mb4 COLLATE utf8mb4_unicode_ci NOT NULL,
  `name` varchar(255) CHARACTER SET utf8mb4 COLLATE utf8mb4_unicode_ci NOT NULL,
  `total_jobs` int NOT NULL,
  `pending_jobs` int NOT NULL,
  `failed_jobs` int NOT NULL,
  `failed_job_ids` longtext CHARACTER SET utf8mb4 COLLATE utf8mb4_unicode_ci NOT NULL,
  `options` mediumtext CHARACTER SET utf8mb4 COLLATE utf8mb4_unicode_ci,
  `cancelled_at` int DEFAULT NULL,
  `created_at` int NOT NULL,
  `finished_at` int DEFAULT NULL,
  PRIMARY KEY (`id`)
) ENGINE=InnoDB DEFAULT CHARSET=utf8mb4 COLLATE=utf8mb4_unicode_ci;

-- Dumping data for table ppm_dies_monitoring.job_batches: ~0 rows (approximately)

-- Dumping structure for table ppm_dies_monitoring.machine_models
CREATE TABLE IF NOT EXISTS `machine_models` (
  `id` bigint unsigned NOT NULL AUTO_INCREMENT,
  `code` varchar(30) CHARACTER SET utf8mb4 COLLATE utf8mb4_unicode_ci NOT NULL,
  `name` varchar(100) CHARACTER SET utf8mb4 COLLATE utf8mb4_unicode_ci NOT NULL,
  `tonnage_standard_id` bigint unsigned NOT NULL,
  `description` text CHARACTER SET utf8mb4 COLLATE utf8mb4_unicode_ci,
  `is_active` tinyint(1) NOT NULL DEFAULT '1',
  `created_at` timestamp NULL DEFAULT NULL,
  `updated_at` timestamp NULL DEFAULT NULL,
  PRIMARY KEY (`id`),
  UNIQUE KEY `machine_models_code_unique` (`code`),
  KEY `machine_models_tonnage_standard_id_index` (`tonnage_standard_id`),
  CONSTRAINT `machine_models_tonnage_standard_id_foreign` FOREIGN KEY (`tonnage_standard_id`) REFERENCES `tonnage_standards` (`id`)
) ENGINE=InnoDB AUTO_INCREMENT=28 DEFAULT CHARSET=utf8mb4 COLLATE=utf8mb4_unicode_ci;

-- Dumping data for table ppm_dies_monitoring.machine_models: ~27 rows (approximately)
INSERT INTO `machine_models` (`id`, `code`, `name`, `tonnage_standard_id`, `description`, `is_active`, `created_at`, `updated_at`) VALUES
	(1, 'KS', 'KS Series (Grade B)', 5, NULL, 1, '2026-01-21 10:41:16', '2026-01-21 10:41:16'),
	(2, '4L45W', '4L45W Series', 5, NULL, 1, '2026-01-21 10:41:16', '2026-01-21 10:41:16'),
	(3, '2SJ', '2SJ Series', 3, NULL, 1, '2026-01-21 10:41:16', '2026-01-21 10:41:16'),
	(4, '2SK', '2SK Series', 3, NULL, 1, '2026-01-21 10:41:16', '2026-01-21 10:41:16'),
	(5, 'T64', 'T64 Series', 3, NULL, 1, '2026-01-21 10:41:16', '2026-01-21 10:41:16'),
	(6, 'YHA', 'YHA Series', 4, NULL, 1, '2026-01-21 10:41:16', '2026-01-21 10:41:16'),
	(7, '2JX', '2JX (LHD) Series', 4, NULL, 1, '2026-01-21 10:41:16', '2026-01-21 10:41:16'),
	(8, '560B', '560B Series', 5, NULL, 1, '2026-01-21 10:41:16', '2026-01-21 10:41:16'),
	(9, '20QX', '20QX Series', 5, NULL, 1, '2026-03-03 20:59:46', '2026-03-03 20:59:46'),
	(10, 'RNE', 'RNE Series', 5, NULL, 1, '2026-03-03 20:59:46', '2026-03-03 20:59:46'),
	(11, '5H45', '5H45 Series', 5, NULL, 1, '2026-03-03 20:59:46', '2026-03-03 20:59:46'),
	(12, '3K6A', '3K6A Series', 5, NULL, 1, '2026-03-03 20:59:46', '2026-03-03 20:59:46'),
	(13, '2GN', '2GN Series', 5, NULL, 1, '2026-03-03 20:59:46', '2026-03-03 20:59:46'),
	(14, 'OX', 'OX Series', 1, NULL, 1, '2026-03-03 21:11:02', '2026-03-03 21:11:02'),
	(15, '2VF', '2VF Series', 1, NULL, 1, '2026-03-03 21:11:02', '2026-03-03 21:11:02'),
	(16, 'Y4L', 'Y4L Series', 4, NULL, 1, '2026-03-03 21:30:08', '2026-03-03 21:30:08'),
	(17, 'YTB', 'YTB Series', 4, NULL, 1, '2026-03-03 21:30:08', '2026-03-03 21:30:08'),
	(18, '3M0A', '3M0A Series', 4, NULL, 1, '2026-03-03 21:30:08', '2026-03-03 21:30:08'),
	(19, '5H45 (RV)', '5H45 RV Series', 5, NULL, 1, '2026-03-16 01:56:31', '2026-03-16 01:56:31'),
	(20, '5H45 (RX)', '5H45 RX Series', 5, NULL, 1, '2026-03-16 01:56:31', '2026-03-16 01:56:31'),
	(21, '5H45 (RVE)', '5H45 RVE Series', 5, NULL, 1, '2026-03-16 01:56:31', '2026-03-16 01:56:31'),
	(22, 'QX', 'QX Series', 1, NULL, 1, '2026-03-16 01:56:31', '2026-03-16 01:56:31'),
	(23, '2JX (T86A)', '2JX T86A Series', 4, NULL, 1, '2026-03-16 01:56:31', '2026-03-16 01:56:31'),
	(24, '2JX (T86A & 3K6A)', '2JX T86A & 3K6A Series', 4, NULL, 1, '2026-03-16 01:56:31', '2026-03-16 01:56:31'),
	(25, '2GN (3N1A)', '2GN 3N1A Series', 4, NULL, 1, '2026-03-16 01:56:32', '2026-03-16 01:56:32'),
	(26, '2JX (LHD)', '2JX LHD Series', 4, NULL, 1, '2026-03-16 01:56:32', '2026-03-16 01:56:32'),
	(27, '2JX (3K6A)', '2JX 3K6A Series', 4, NULL, 1, '2026-03-16 01:56:32', '2026-03-16 01:56:32');

-- Dumping structure for table ppm_dies_monitoring.migrations
CREATE TABLE IF NOT EXISTS `migrations` (
  `id` int unsigned NOT NULL AUTO_INCREMENT,
  `migration` varchar(255) CHARACTER SET utf8mb4 COLLATE utf8mb4_unicode_ci NOT NULL,
  `batch` int NOT NULL,
  PRIMARY KEY (`id`)
) ENGINE=InnoDB AUTO_INCREMENT=33 DEFAULT CHARSET=utf8mb4 COLLATE=utf8mb4_unicode_ci;

-- Dumping data for table ppm_dies_monitoring.migrations: ~31 rows (approximately)
INSERT INTO `migrations` (`id`, `migration`, `batch`) VALUES
	(1, '0001_01_01_000000_create_users_table', 1),
	(2, '0001_01_01_000001_create_cache_table', 1),
	(3, '0001_01_01_000002_create_jobs_table', 1),
	(4, '2026_01_21_085400_create_customers_table', 1),
	(5, '2026_01_21_085400_create_machine_models_table', 1),
	(6, '2026_01_21_085400_create_tonnage_standards_table', 1),
	(7, '2026_01_21_085401_create_dies_table', 1),
	(8, '2026_01_21_085401_create_ppm_schedules_table', 1),
	(9, '2026_01_21_085401_create_production_logs_table', 1),
	(10, '2026_01_21_085402_add_machine_models_tonnage_standard_fk', 1),
	(11, '2026_01_21_085407_create_ppm_histories_table', 1),
	(12, '2026_01_22_100000_add_role_and_photo_to_users_table', 2),
	(13, '2026_01_28_073733_update_dies_table_fields', 3),
	(14, '2026_01_28_100000_add_ppm_alert_status_to_dies_table', 4),
	(15, '2026_01_28_120000_add_model_qty_die_to_production_logs_table', 5),
	(16, '2026_01_28_130000_remove_qty_die_from_production_logs_table', 6),
	(17, '2026_01_29_064725_create_notifications_table', 7),
	(18, '2026_02_01_100000_add_ppm_tracking_to_dies_table', 8),
	(19, '2026_02_01_100001_add_ppm_number_to_ppm_histories_table', 9),
	(20, '2026_02_16_100000_add_ppic_prod_features_to_dies_table', 10),
	(21, '2026_02_23_100000_create_special_dies_repairs_table', 11),
	(22, '2026_02_23_100001_add_ppm_timeline_and_group_to_dies_table', 11),
	(23, '2026_02_23_065641_add_schedule_dates_to_dies_table', 12),
	(24, '2026_02_23_065649_add_schedule_dates_to_dies_table', 12),
	(25, '2026_02_23_072947_add_created_by_to_ppm_schedules_table', 13),
	(26, '2026_02_25_100000_add_process_type_and_checklist_to_dies_and_ppm_histories', 14),
	(27, '2026_03_09_011648_add_nik_to_users_table', 15),
	(28, '2026_02_26_100000_add_is_4lot_check_to_dies_table', 16),
	(29, '2026_03_12_100000_create_die_processes_table', 17),
	(30, '2026_03_12_100001_create_user_messages_table', 17),
	(31, '2026_03_12_100002_add_schedule_remarks_to_dies_table', 17),
	(32, '2026_03_31_100000_create_import_logs_table', 18);

-- Dumping structure for table ppm_dies_monitoring.notifications
CREATE TABLE IF NOT EXISTS `notifications` (
  `id` char(36) CHARACTER SET utf8mb4 COLLATE utf8mb4_unicode_ci NOT NULL,
  `type` varchar(255) CHARACTER SET utf8mb4 COLLATE utf8mb4_unicode_ci NOT NULL,
  `notifiable_type` varchar(255) CHARACTER SET utf8mb4 COLLATE utf8mb4_unicode_ci NOT NULL,
  `notifiable_id` bigint unsigned NOT NULL,
  `data` text CHARACTER SET utf8mb4 COLLATE utf8mb4_unicode_ci NOT NULL,
  `read_at` timestamp NULL DEFAULT NULL,
  `created_at` timestamp NULL DEFAULT NULL,
  `updated_at` timestamp NULL DEFAULT NULL,
  PRIMARY KEY (`id`),
  KEY `notifications_notifiable_type_notifiable_id_index` (`notifiable_type`,`notifiable_id`)
) ENGINE=InnoDB DEFAULT CHARSET=utf8mb4 COLLATE=utf8mb4_unicode_ci;

-- Dumping data for table ppm_dies_monitoring.notifications: ~0 rows (approximately)

-- Dumping structure for table ppm_dies_monitoring.password_reset_tokens
CREATE TABLE IF NOT EXISTS `password_reset_tokens` (
  `email` varchar(255) CHARACTER SET utf8mb4 COLLATE utf8mb4_unicode_ci NOT NULL,
  `token` varchar(255) CHARACTER SET utf8mb4 COLLATE utf8mb4_unicode_ci NOT NULL,
  `created_at` timestamp NULL DEFAULT NULL,
  PRIMARY KEY (`email`)
) ENGINE=InnoDB DEFAULT CHARSET=utf8mb4 COLLATE=utf8mb4_unicode_ci;

-- Dumping data for table ppm_dies_monitoring.password_reset_tokens: ~0 rows (approximately)

-- Dumping structure for table ppm_dies_monitoring.ppm_histories
CREATE TABLE IF NOT EXISTS `ppm_histories` (
  `id` bigint unsigned NOT NULL AUTO_INCREMENT,
  `die_id` bigint unsigned NOT NULL,
  `ppm_date` date NOT NULL,
  `stroke_at_ppm` int NOT NULL,
  `ppm_number` int NOT NULL DEFAULT '1' COMMENT 'Which PPM number this is (1st, 2nd, 3rd, etc)',
  `process_type` varchar(30) CHARACTER SET utf8mb4 COLLATE utf8mb4_unicode_ci DEFAULT NULL COMMENT 'Process type used during this PPM inspection',
  `checklist_results` json DEFAULT NULL COMMENT 'JSON array of checklist inspection results',
  `pic` varchar(100) CHARACTER SET utf8mb4 COLLATE utf8mb4_unicode_ci NOT NULL,
  `status` enum('done','pending','cancelled','partial') CHARACTER SET utf8mb4 COLLATE utf8mb4_unicode_ci NOT NULL DEFAULT 'done',
  `maintenance_type` enum('routine','repair','overhaul','emergency') CHARACTER SET utf8mb4 COLLATE utf8mb4_unicode_ci NOT NULL DEFAULT 'routine',
  `work_performed` text CHARACTER SET utf8mb4 COLLATE utf8mb4_unicode_ci,
  `parts_replaced` text CHARACTER SET utf8mb4 COLLATE utf8mb4_unicode_ci,
  `findings` text CHARACTER SET utf8mb4 COLLATE utf8mb4_unicode_ci,
  `recommendations` text CHARACTER SET utf8mb4 COLLATE utf8mb4_unicode_ci,
  `checked_by` varchar(100) CHARACTER SET utf8mb4 COLLATE utf8mb4_unicode_ci DEFAULT NULL,
  `approved_by` varchar(100) CHARACTER SET utf8mb4 COLLATE utf8mb4_unicode_ci DEFAULT NULL,
  `created_by` bigint unsigned DEFAULT NULL,
  `created_at` timestamp NULL DEFAULT NULL,
  `updated_at` timestamp NULL DEFAULT NULL,
  PRIMARY KEY (`id`),
  KEY `ppm_histories_created_by_foreign` (`created_by`),
  KEY `ppm_histories_die_id_ppm_date_index` (`die_id`,`ppm_date`),
  CONSTRAINT `ppm_histories_created_by_foreign` FOREIGN KEY (`created_by`) REFERENCES `users` (`id`) ON DELETE SET NULL,
  CONSTRAINT `ppm_histories_die_id_foreign` FOREIGN KEY (`die_id`) REFERENCES `dies` (`id`) ON DELETE CASCADE
) ENGINE=InnoDB AUTO_INCREMENT=2 DEFAULT CHARSET=utf8mb4 COLLATE=utf8mb4_unicode_ci;

-- Dumping data for table ppm_dies_monitoring.ppm_histories: ~0 rows (approximately)

-- Dumping structure for table ppm_dies_monitoring.ppm_schedules
CREATE TABLE IF NOT EXISTS `ppm_schedules` (
  `id` bigint unsigned NOT NULL AUTO_INCREMENT,
  `die_id` bigint unsigned NOT NULL,
  `year` int NOT NULL,
  `month` tinyint NOT NULL,
  `week` tinyint NOT NULL,
  `forecast_stroke` int DEFAULT NULL,
  `plan_week` tinyint DEFAULT NULL,
  `is_done` tinyint(1) NOT NULL DEFAULT '0',
  `actual_stroke` int DEFAULT NULL,
  `ppm_date` date DEFAULT NULL,
  `pic` varchar(100) CHARACTER SET utf8mb4 COLLATE utf8mb4_unicode_ci DEFAULT NULL,
  `notes` text CHARACTER SET utf8mb4 COLLATE utf8mb4_unicode_ci,
  `updated_by` varchar(100) CHARACTER SET utf8mb4 COLLATE utf8mb4_unicode_ci DEFAULT NULL,
  `created_at` timestamp NULL DEFAULT NULL,
  `updated_at` timestamp NULL DEFAULT NULL,
  PRIMARY KEY (`id`),
  UNIQUE KEY `ppm_schedules_die_id_year_month_week_unique` (`die_id`,`year`,`month`,`week`),
  CONSTRAINT `ppm_schedules_die_id_foreign` FOREIGN KEY (`die_id`) REFERENCES `dies` (`id`) ON DELETE CASCADE
) ENGINE=InnoDB AUTO_INCREMENT=4 DEFAULT CHARSET=utf8mb4 COLLATE=utf8mb4_unicode_ci;

-- Dumping data for table ppm_dies_monitoring.ppm_schedules: ~0 rows (approximately)

-- Dumping structure for table ppm_dies_monitoring.production_logs
CREATE TABLE IF NOT EXISTS `production_logs` (
  `id` bigint unsigned NOT NULL AUTO_INCREMENT,
  `die_id` bigint unsigned NOT NULL,
  `model` varchar(20) CHARACTER SET utf8mb4 COLLATE utf8mb4_unicode_ci DEFAULT NULL,
  `production_date` date NOT NULL,
  `shift` tinyint NOT NULL,
  `line` varchar(20) CHARACTER SET utf8mb4 COLLATE utf8mb4_unicode_ci DEFAULT NULL,
  `running_process` enum('Auto','Manual','Blanking') CHARACTER SET utf8mb4 COLLATE utf8mb4_unicode_ci DEFAULT 'Auto',
  `start_time` time DEFAULT NULL,
  `finish_time` time DEFAULT NULL,
  `total_hours` decimal(5,2) DEFAULT NULL,
  `total_minutes` int DEFAULT NULL,
  `break_time` int DEFAULT NULL,
  `output_qty` int NOT NULL,
  `month` varchar(10) CHARACTER SET utf8mb4 COLLATE utf8mb4_unicode_ci DEFAULT NULL,
  `created_by` bigint unsigned DEFAULT NULL,
  `created_at` timestamp NULL DEFAULT NULL,
  `updated_at` timestamp NULL DEFAULT NULL,
  PRIMARY KEY (`id`),
  KEY `production_logs_created_by_foreign` (`created_by`),
  KEY `production_logs_production_date_index` (`production_date`),
  KEY `production_logs_die_id_production_date_index` (`die_id`,`production_date`),
  CONSTRAINT `production_logs_created_by_foreign` FOREIGN KEY (`created_by`) REFERENCES `users` (`id`) ON DELETE SET NULL,
  CONSTRAINT `production_logs_die_id_foreign` FOREIGN KEY (`die_id`) REFERENCES `dies` (`id`) ON DELETE CASCADE
) ENGINE=InnoDB AUTO_INCREMENT=737 DEFAULT CHARSET=utf8mb4 COLLATE=utf8mb4_unicode_ci;

-- Dumping data for table ppm_dies_monitoring.production_logs: ~0 rows (approximately)
INSERT INTO `production_logs` (`id`, `die_id`, `model`, `production_date`, `shift`, `line`, `running_process`, `start_time`, `finish_time`, `total_hours`, `total_minutes`, `break_time`, `output_qty`, `month`, `created_by`, `created_at`, `updated_at`) VALUES
	(677, 524, NULL, '2026-03-15', 2, '250T', 'Manual', '20:31:00', '21:00:00', 0.02, 29, 0, 216, 'Mar', 7, '2026-03-31 06:21:29', '2026-03-31 06:21:29'),
	(678, 488, NULL, '2026-03-15', 2, '250T', 'Manual', '20:30:00', '21:22:00', 0.04, 52, 0, 410, 'Mar', 7, '2026-03-31 06:21:29', '2026-03-31 06:21:29'),
	(679, 477, NULL, '2026-03-15', 2, '250T', 'Manual', '21:00:00', '22:45:00', 0.07, 105, 10, 1260, 'Mar', 7, '2026-03-31 06:21:29', '2026-03-31 06:21:30'),
	(680, 586, NULL, '2026-03-15', 2, '250T', 'Manual', '21:22:00', '22:50:00', 0.06, 88, 10, 503, 'Mar', 7, '2026-03-31 06:21:29', '2026-03-31 06:21:29'),
	(681, 520, NULL, '2026-03-15', 2, '250T', 'Manual', '22:45:00', '00:35:00', 0.08, 110, 10, 1188, 'Mar', 7, '2026-03-31 06:21:29', '2026-03-31 06:21:30'),
	(682, 496, NULL, '2026-03-15', 2, '250T', 'Manual', '00:35:00', '02:23:00', 0.08, 108, 0, 640, 'Mar', 7, '2026-03-31 06:21:29', '2026-03-31 06:21:29'),
	(683, 505, NULL, '2026-03-15', 2, '250T', 'Manual', '02:23:00', '04:14:00', 0.08, 111, 20, 600, 'Mar', 7, '2026-03-31 06:21:29', '2026-03-31 06:21:29'),
	(684, 501, NULL, '2026-03-15', 2, '250T', 'Manual', '04:14:00', '04:40:00', 0.02, 26, 0, 400, 'Mar', 7, '2026-03-31 06:21:29', '2026-03-31 06:21:30'),
	(685, 407, NULL, '2026-03-16', 1, '800T', 'Auto', '07:31:00', '08:22:00', 0.04, 51, 0, 400, 'Mar', 7, '2026-03-31 06:21:29', '2026-03-31 06:21:29'),
	(686, 403, NULL, '2026-03-16', 1, '800T', 'Auto', '08:22:00', '09:11:00', 0.03, 49, 0, 400, 'Mar', 7, '2026-03-31 06:21:29', '2026-03-31 06:21:29'),
	(687, 412, NULL, '2026-03-16', 1, '800T', 'Auto', '09:11:00', '10:40:00', 0.06, 89, 10, 600, 'Mar', 7, '2026-03-31 06:21:29', '2026-03-31 06:21:29'),
	(688, 404, NULL, '2026-03-16', 1, '800T', 'Auto', '10:40:00', '12:42:00', 0.08, 122, 30, 800, 'Mar', 7, '2026-03-31 06:21:30', '2026-03-31 06:21:30'),
	(689, 411, NULL, '2026-03-16', 1, '800T', 'Auto', '12:42:00', '14:30:00', 0.08, 108, 0, 900, 'Mar', 7, '2026-03-31 06:21:30', '2026-03-31 06:21:30'),
	(690, 424, NULL, '2026-03-16', 1, '800T', 'Auto', '14:30:00', '15:48:00', 0.05, 78, 10, 450, 'Mar', 7, '2026-03-31 06:21:30', '2026-03-31 06:21:30'),
	(691, 441, NULL, '2026-03-16', 1, '1200T', 'Auto', '07:33:00', '09:28:00', 0.08, 115, 0, 600, 'Mar', 7, '2026-03-31 06:21:30', '2026-03-31 06:21:30'),
	(692, 430, NULL, '2026-03-16', 1, '1200T', 'Auto', '09:28:00', '11:53:00', 0.10, 145, 10, 1200, 'Mar', 7, '2026-03-31 06:21:30', '2026-03-31 06:21:30'),
	(693, 436, NULL, '2026-03-16', 1, '1200T', 'Auto', '11:53:00', '13:34:00', 0.07, 101, 30, 494, 'Mar', 7, '2026-03-31 06:21:30', '2026-03-31 06:21:30'),
	(694, 456, NULL, '2026-03-16', 1, '1200T', 'Auto', '13:34:00', '14:58:00', 0.06, 84, 0, 325, 'Mar', 7, '2026-03-31 06:21:30', '2026-03-31 06:21:30'),
	(695, 427, NULL, '2026-03-16', 1, '1200T', 'Auto', '14:56:00', '15:50:00', 0.04, 54, 10, 1820, 'Mar', 7, '2026-03-31 06:21:30', '2026-03-31 06:21:31'),
	(696, 519, NULL, '2026-03-16', 1, '250T', 'Manual', '07:35:00', '09:17:00', 0.07, 102, 0, 648, 'Mar', 7, '2026-03-31 06:21:30', '2026-03-31 06:21:30'),
	(697, 502, NULL, '2026-03-16', 1, '250T', 'Manual', '08:16:00', '09:20:00', 0.04, 64, 0, 400, 'Mar', 7, '2026-03-31 06:21:30', '2026-03-31 06:21:30'),
	(698, 515, NULL, '2026-03-16', 1, '250T', 'Manual', '11:08:00', '13:12:00', 0.09, 124, 30, 648, 'Mar', 7, '2026-03-31 06:21:30', '2026-03-31 06:21:30'),
	(699, 511, NULL, '2026-03-16', 1, '250T', 'Manual', '09:20:00', '11:08:00', 0.08, 108, 10, 648, 'Mar', 7, '2026-03-31 06:21:30', '2026-03-31 06:21:30'),
	(700, 476, NULL, '2026-03-16', 1, '250T', 'Manual', '11:08:00', '13:15:00', 0.09, 127, 30, 630, 'Mar', 7, '2026-03-31 06:21:30', '2026-03-31 06:21:30'),
	(701, 463, NULL, '2026-03-16', 1, '250T', 'Manual', '13:15:00', '14:40:00', 0.06, 85, 0, 1200, 'Mar', 7, '2026-03-31 06:21:30', '2026-03-31 06:21:31'),
	(702, 473, NULL, '2026-03-16', 1, '250T', 'Manual', '14:40:00', '15:50:00', 0.05, 70, 10, 450, 'Mar', 7, '2026-03-31 06:21:30', '2026-03-31 06:21:30'),
	(703, 576, NULL, '2026-03-16', 1, 'Progressive', 'Blanking', '07:50:00', '09:03:00', 0.05, 73, 0, 822, 'Mar', 7, '2026-03-31 06:21:30', '2026-03-31 06:21:30'),
	(704, 539, NULL, '2026-03-16', 1, 'Progressive', 'Blanking', '09:03:00', '10:56:00', 0.08, 113, 10, 1170, 'Mar', 7, '2026-03-31 06:21:30', '2026-03-31 06:21:30'),
	(705, 573, NULL, '2026-03-16', 1, 'Progressive', 'Blanking', '13:14:00', '15:06:00', 0.08, 112, 0, 1342, 'Mar', 7, '2026-03-31 06:21:30', '2026-03-31 06:21:30'),
	(706, 569, NULL, '2026-03-16', 1, 'Progressive', 'Blanking', '15:06:00', '15:50:00', 0.03, 44, 10, 1200, 'Mar', 7, '2026-03-31 06:21:30', '2026-03-31 06:21:31'),
	(707, 525, NULL, '2026-03-16', 2, '250T', 'Manual', '20:43:00', '22:13:00', 0.06, 90, 0, 600, 'Mar', 7, '2026-03-31 06:21:30', '2026-03-31 06:21:30'),
	(708, 518, NULL, '2026-03-16', 2, '250T', 'Manual', '20:52:00', '22:16:00', 0.06, 84, 0, 572, 'Mar', 7, '2026-03-31 06:21:30', '2026-03-31 06:21:30'),
	(709, 516, NULL, '2026-03-16', 2, '250T', 'Manual', '22:16:00', '23:56:00', 0.07, 100, 10, 648, 'Mar', 7, '2026-03-31 06:21:30', '2026-03-31 06:21:30'),
	(710, 522, NULL, '2026-03-16', 2, '250T', 'Manual', '22:14:00', '23:56:00', 0.07, 102, 10, 1248, 'Mar', 7, '2026-03-31 06:21:30', '2026-03-31 06:21:31'),
	(711, 523, NULL, '2026-03-16', 2, '250T', 'Manual', '23:56:00', '01:36:00', 0.07, 100, 10, 600, 'Mar', 7, '2026-03-31 06:21:30', '2026-03-31 06:21:30'),
	(712, 526, NULL, '2026-03-16', 2, '250T', 'Manual', '23:56:00', '01:36:00', 0.07, 100, 10, 600, 'Mar', 7, '2026-03-31 06:21:30', '2026-03-31 06:21:30'),
	(713, 482, NULL, '2026-03-16', 2, '250T', 'Manual', '01:36:00', '03:25:00', 0.08, 109, 20, 600, 'Mar', 7, '2026-03-31 06:21:30', '2026-03-31 06:21:30'),
	(714, 409, NULL, '2026-03-17', 1, '800T', 'Auto', '08:03:00', '09:32:00', 0.06, 89, 0, 600, 'Mar', 7, '2026-03-31 06:21:30', '2026-03-31 06:21:30'),
	(715, 418, NULL, '2026-03-17', 1, '800T', 'Auto', '09:32:00', '11:13:00', 0.07, 101, 10, 607, 'Mar', 7, '2026-03-31 06:21:30', '2026-03-31 06:21:30'),
	(716, 445, NULL, '2026-03-17', 1, '1200T', 'Auto', '08:20:00', '09:39:00', 0.05, 79, 0, 588, 'Mar', 7, '2026-03-31 06:21:30', '2026-03-31 06:21:30'),
	(717, 428, NULL, '2026-03-17', 1, '1200T', 'Auto', '09:39:00', '11:00:00', 0.06, 81, 0, 1200, 'Mar', 7, '2026-03-31 06:21:30', '2026-03-31 06:21:31'),
	(718, 453, NULL, '2026-03-17', 1, '1200T', 'Auto', '11:00:00', '11:50:00', 0.03, 50, 0, 400, 'Mar', 7, '2026-03-31 06:21:30', '2026-03-31 06:21:30'),
	(719, 415, NULL, '2026-03-17', 1, '800T', 'Auto', '11:13:00', '12:48:00', 0.07, 95, 30, 564, 'Mar', 7, '2026-03-31 06:21:30', '2026-03-31 06:21:30'),
	(720, 497, NULL, '2026-03-17', 1, '250T', 'Manual', '07:52:00', '09:10:00', 0.05, 78, 0, 480, 'Mar', 7, '2026-03-31 06:21:30', '2026-03-31 06:21:30'),
	(721, 506, NULL, '2026-03-17', 1, '250T', 'Manual', '10:45:00', '12:50:00', 0.09, 125, 30, 600, 'Mar', 7, '2026-03-31 06:21:31', '2026-03-31 06:21:31'),
	(722, 537, NULL, '2026-03-17', 1, 'Progressive', 'Blanking', '12:50:00', '14:15:00', 0.06, 85, 0, 1000, 'Mar', 7, '2026-03-31 06:21:31', '2026-03-31 06:21:31'),
	(723, 432, NULL, '2026-03-26', 1, '1200T', 'Auto', '09:28:00', '10:58:00', 0.06, 90, 10, 600, 'Mar', 7, '2026-03-31 06:21:31', '2026-03-31 06:21:31'),
	(724, 437, NULL, '2026-03-26', 1, '1200T', 'Auto', '14:37:00', '16:11:00', 0.07, 94, 10, 600, 'Mar', 7, '2026-03-31 06:21:31', '2026-03-31 06:21:31'),
	(725, 443, NULL, '2026-03-26', 1, '1200T', 'Auto', '16:11:00', '16:50:00', 0.03, 39, 0, 90, 'Mar', 7, '2026-03-31 06:21:31', '2026-03-31 06:21:31'),
	(726, 421, NULL, '2026-03-26', 1, '800T', 'Auto', '08:20:00', '13:31:00', 0.22, 311, 70, 600, 'Mar', 7, '2026-03-31 06:21:31', '2026-03-31 06:21:31'),
	(727, 414, NULL, '2026-03-26', 1, '800T', 'Auto', '13:31:00', '14:45:00', 0.05, 74, 0, 600, 'Mar', 7, '2026-03-31 06:21:31', '2026-03-31 06:21:31'),
	(728, 419, NULL, '2026-03-26', 1, '800T', 'Auto', '14:45:00', '15:44:00', 0.04, 59, 10, 400, 'Mar', 7, '2026-03-31 06:21:31', '2026-03-31 06:21:31'),
	(729, 420, NULL, '2026-03-26', 1, '800T', 'Auto', '15:44:00', '16:48:00', 0.04, 64, 0, 550, 'Mar', 7, '2026-03-31 06:21:31', '2026-03-31 06:21:31'),
	(730, 478, NULL, '2026-03-26', 1, '250T', 'Manual', '08:20:00', '09:52:00', 0.06, 92, 0, 600, 'Mar', 7, '2026-03-31 06:21:31', '2026-03-31 06:21:31'),
	(731, 483, NULL, '2026-03-26', 1, '250T', 'Manual', '14:42:00', '15:58:00', 0.05, 76, 10, 400, 'Mar', 7, '2026-03-31 06:21:31', '2026-03-31 06:21:31'),
	(732, 493, NULL, '2026-03-26', 1, '250T', 'Manual', '15:58:00', '16:50:00', 0.04, 52, 0, 300, 'Mar', 7, '2026-03-31 06:21:31', '2026-03-31 06:21:31'),
	(733, 521, NULL, '2026-03-26', 1, '250T', 'Manual', '09:52:00', '11:33:00', 0.07, 101, 10, 624, 'Mar', 7, '2026-03-31 06:21:31', '2026-03-31 06:21:31'),
	(734, 587, NULL, '2026-03-16', 1, '250T', 'Manual', '14:40:00', '15:50:00', 0.05, 70, 10, 480, 'Mar', 7, '2026-03-31 07:24:52', '2026-03-31 07:24:52'),
	(735, 588, NULL, '2026-03-16', 1, 'Progressive', 'Blanking', '10:56:00', '13:14:00', 0.10, 138, 30, 1200, 'Mar', 7, '2026-03-31 07:24:52', '2026-03-31 07:24:52'),
	(736, 590, NULL, '2026-03-26', 1, '250T', 'Manual', '14:42:00', '16:45:00', 0.09, 123, 10, 720, 'Mar', 7, '2026-03-31 07:24:52', '2026-03-31 07:24:52');

-- Dumping structure for table ppm_dies_monitoring.sessions
CREATE TABLE IF NOT EXISTS `sessions` (
  `id` varchar(255) CHARACTER SET utf8mb4 COLLATE utf8mb4_unicode_ci NOT NULL,
  `user_id` bigint unsigned DEFAULT NULL,
  `ip_address` varchar(45) CHARACTER SET utf8mb4 COLLATE utf8mb4_unicode_ci DEFAULT NULL,
  `user_agent` text CHARACTER SET utf8mb4 COLLATE utf8mb4_unicode_ci,
  `payload` longtext CHARACTER SET utf8mb4 COLLATE utf8mb4_unicode_ci NOT NULL,
  `last_activity` int NOT NULL,
  PRIMARY KEY (`id`),
  KEY `sessions_user_id_index` (`user_id`),
  KEY `sessions_last_activity_index` (`last_activity`)
) ENGINE=InnoDB DEFAULT CHARSET=utf8mb4 COLLATE=utf8mb4_unicode_ci;

-- Dumping data for table ppm_dies_monitoring.sessions: ~2 rows (approximately)
INSERT INTO `sessions` (`id`, `user_id`, `ip_address`, `user_agent`, `payload`, `last_activity`) VALUES
	('bynOEuOg8WIZHvqDYLMDjch5AgU3M9kX3Wo323LW', NULL, '192.168.1.226', 'Mozilla/5.0 (Windows NT 10.0; Win64; x64) AppleWebKit/537.36 (KHTML, like Gecko) Chrome/146.0.0.0 Safari/537.36', 'YToyOntzOjY6Il90b2tlbiI7czo0MDoiSkFyWnc4c1VXY21VakswQmtNN3JNWFZJWHRUNHQwT0JtYkxoNEgxayI7czo2OiJfZmxhc2giO2E6Mjp7czozOiJvbGQiO2E6MDp7fXM6MzoibmV3IjthOjA6e319fQ==', 1774947145),
	('KlMcgoUw1bj5baPrcUCmQjmXZmAN4XNgIE44xURb', 2, '192.168.1.83', 'Mozilla/5.0 (Windows NT 10.0; Win64; x64) AppleWebKit/537.36 (KHTML, like Gecko) Chrome/109.0.0.0 Safari/537.36', 'YTo0OntzOjY6Il90b2tlbiI7czo0MDoiRDN4dHJTeXZOSHhaSzNScjVvZkhYZHpxbUxkazdFelBzVDNVT3FJcyI7czo5OiJfcHJldmlvdXMiO2E6MTp7czozOiJ1cmwiO3M6NDE6Imh0dHA6Ly8xOTIuMTY4LjEuNzo4MDAyL2RpZXM/c2VhcmNoPTU4ODIxIjt9czo2OiJfZmxhc2giO2E6Mjp7czozOiJvbGQiO2E6MDp7fXM6MzoibmV3IjthOjA6e319czo1MDoibG9naW5fd2ViXzU5YmEzNmFkZGMyYjJmOTQwMTU4MGYwMTRjN2Y1OGVhNGUzMDk4OWQiO2k6Mjt9', 1774941305),
	('m1201zZNHaG9uYE8Di6frPCRmKBM6q3KJSDOnPJh', NULL, '192.168.1.226', 'Mozilla/5.0 (Windows NT 10.0; Win64; x64) AppleWebKit/537.36 (KHTML, like Gecko) Chrome/146.0.0.0 Safari/537.36', 'YTo0OntzOjY6Il90b2tlbiI7czo0MDoienFFZjV0ZjgzV1QzUlVsYWdHSW9ZTGRZdGdydlhiRDdwWnNLaTJYUiI7czo2OiJfZmxhc2giO2E6Mjp7czozOiJvbGQiO2E6MDp7fXM6MzoibmV3IjthOjA6e319czozOiJ1cmwiO2E6MTp7czo4OiJpbnRlbmRlZCI7czozMjoiaHR0cDovLzE5Mi4xNjguMS43OjgwMDIvc2NoZWR1bGUiO31zOjk6Il9wcmV2aW91cyI7YToxOntzOjM6InVybCI7czoyOToiaHR0cDovLzE5Mi4xNjguMS43OjgwMDIvbG9naW4iO319', 1774947158),
	('vCOkFaarGkzzL3shKnSOWZno9HARYNhiftnXWPAB', NULL, '192.168.1.100', 'Mozilla/5.0 (Windows NT 10.0; Win64; x64; rv:149.0) Gecko/20100101 Firefox/149.0', 'YToyOntzOjY6Il90b2tlbiI7czo0MDoiN1RqaTVUalNvS3FhcVBTN1hqNDN0bTNvN0VaazZLR09wVDJRcFFSOCI7czo2OiJfZmxhc2giO2E6Mjp7czozOiJvbGQiO2E6MDp7fXM6MzoibmV3IjthOjA6e319fQ==', 1774941616),
	('wwGKdRfcX0TEkQPRxHlMUuXvaH5cWKR9ov4gt6yU', NULL, '192.168.1.100', 'Mozilla/5.0 (Windows NT 10.0; Win64; x64; rv:149.0) Gecko/20100101 Firefox/149.0', 'YToyOntzOjY6Il90b2tlbiI7czo0MDoiNTNJU1ZRN2huZUtuNk1BQUF3ZlRqdDVBeDBRdDY4akt5Yk5SZmZ3MCI7czo2OiJfZmxhc2giO2E6Mjp7czozOiJvbGQiO2E6MDp7fXM6MzoibmV3IjthOjA6e319fQ==', 1774945635);

-- Dumping structure for table ppm_dies_monitoring.special_dies_repairs
CREATE TABLE IF NOT EXISTS `special_dies_repairs` (
  `id` bigint unsigned NOT NULL AUTO_INCREMENT,
  `die_id` bigint unsigned NOT NULL,
  `repair_type` varchar(50) CHARACTER SET utf8mb4 COLLATE utf8mb4_unicode_ci NOT NULL,
  `priority` varchar(20) CHARACTER SET utf8mb4 COLLATE utf8mb4_unicode_ci NOT NULL DEFAULT 'high',
  `status` varchar(30) CHARACTER SET utf8mb4 COLLATE utf8mb4_unicode_ci NOT NULL DEFAULT 'pending',
  `reason` text CHARACTER SET utf8mb4 COLLATE utf8mb4_unicode_ci NOT NULL,
  `description` text CHARACTER SET utf8mb4 COLLATE utf8mb4_unicode_ci,
  `requested_by` varchar(100) CHARACTER SET utf8mb4 COLLATE utf8mb4_unicode_ci DEFAULT NULL,
  `approved_by` varchar(100) CHARACTER SET utf8mb4 COLLATE utf8mb4_unicode_ci DEFAULT NULL,
  `requested_at` timestamp NULL DEFAULT NULL,
  `approved_at` timestamp NULL DEFAULT NULL,
  `started_at` timestamp NULL DEFAULT NULL,
  `completed_at` timestamp NULL DEFAULT NULL,
  `pic` varchar(100) CHARACTER SET utf8mb4 COLLATE utf8mb4_unicode_ci DEFAULT NULL,
  `work_performed` text CHARACTER SET utf8mb4 COLLATE utf8mb4_unicode_ci,
  `parts_replaced` text CHARACTER SET utf8mb4 COLLATE utf8mb4_unicode_ci,
  `findings` text CHARACTER SET utf8mb4 COLLATE utf8mb4_unicode_ci,
  `recommendations` text CHARACTER SET utf8mb4 COLLATE utf8mb4_unicode_ci,
  `is_ppm_interrupted` tinyint(1) NOT NULL DEFAULT '0',
  `is_urgent_delivery` tinyint(1) NOT NULL DEFAULT '0',
  `delivery_deadline` date DEFAULT NULL,
  `customer_po` varchar(100) CHARACTER SET utf8mb4 COLLATE utf8mb4_unicode_ci DEFAULT NULL,
  `estimated_hours` int DEFAULT NULL,
  `actual_hours` int DEFAULT NULL,
  `previous_ppm_status` varchar(50) CHARACTER SET utf8mb4 COLLATE utf8mb4_unicode_ci DEFAULT NULL,
  `previous_location` varchar(100) CHARACTER SET utf8mb4 COLLATE utf8mb4_unicode_ci DEFAULT NULL,
  `notes` text CHARACTER SET utf8mb4 COLLATE utf8mb4_unicode_ci,
  `created_by` bigint unsigned DEFAULT NULL,
  `created_at` timestamp NULL DEFAULT NULL,
  `updated_at` timestamp NULL DEFAULT NULL,
  PRIMARY KEY (`id`),
  KEY `special_dies_repairs_die_id_foreign` (`die_id`),
  KEY `special_dies_repairs_created_by_foreign` (`created_by`),
  CONSTRAINT `special_dies_repairs_created_by_foreign` FOREIGN KEY (`created_by`) REFERENCES `users` (`id`),
  CONSTRAINT `special_dies_repairs_die_id_foreign` FOREIGN KEY (`die_id`) REFERENCES `dies` (`id`) ON DELETE CASCADE
) ENGINE=InnoDB DEFAULT CHARSET=utf8mb4 COLLATE=utf8mb4_unicode_ci;

-- Dumping data for table ppm_dies_monitoring.special_dies_repairs: ~0 rows (approximately)

-- Dumping structure for table ppm_dies_monitoring.tonnage_standards
CREATE TABLE IF NOT EXISTS `tonnage_standards` (
  `id` bigint unsigned NOT NULL AUTO_INCREMENT,
  `tonnage` varchar(20) CHARACTER SET utf8mb4 COLLATE utf8mb4_unicode_ci NOT NULL,
  `grade` varchar(10) CHARACTER SET utf8mb4 COLLATE utf8mb4_unicode_ci NOT NULL,
  `type` varchar(50) CHARACTER SET utf8mb4 COLLATE utf8mb4_unicode_ci DEFAULT NULL,
  `standard_stroke` int NOT NULL,
  `lot_size` int NOT NULL DEFAULT '2500',
  `description` text CHARACTER SET utf8mb4 COLLATE utf8mb4_unicode_ci,
  `created_at` timestamp NULL DEFAULT NULL,
  `updated_at` timestamp NULL DEFAULT NULL,
  PRIMARY KEY (`id`)
) ENGINE=InnoDB AUTO_INCREMENT=6 DEFAULT CHARSET=utf8mb4 COLLATE=utf8mb4_unicode_ci;

-- Dumping data for table ppm_dies_monitoring.tonnage_standards: ~4 rows (approximately)
INSERT INTO `tonnage_standards` (`id`, `tonnage`, `grade`, `type`, `standard_stroke`, `lot_size`, `description`, `created_at`, `updated_at`) VALUES
	(1, '1200T', 'D', 'Tandem Auto', 5000, 600, '1200 Ton Press - Grade D', '2026-01-21 10:41:16', '2026-03-03 19:48:57'),
	(3, '250T Progressive', 'A', 'Progressive', 10000, 600, '250T Progressive - Grade A', '2026-01-21 10:41:16', '2026-03-03 19:54:35'),
	(4, '250T', 'B', 'Tandem', 7000, 600, '250 Ton Press - Grade B (Tandem)', '2026-01-21 10:41:16', '2026-03-03 19:55:22'),
	(5, '800T', 'C', 'Tandem Auto', 7000, 600, NULL, '2026-03-03 19:45:17', '2026-03-03 19:45:17');

-- Dumping structure for table ppm_dies_monitoring.users
CREATE TABLE IF NOT EXISTS `users` (
  `id` bigint unsigned NOT NULL AUTO_INCREMENT,
  `name` varchar(255) CHARACTER SET utf8mb4 COLLATE utf8mb4_unicode_ci NOT NULL,
  `nik` varchar(20) CHARACTER SET utf8mb4 COLLATE utf8mb4_unicode_ci DEFAULT NULL,
  `email` varchar(255) CHARACTER SET utf8mb4 COLLATE utf8mb4_unicode_ci NOT NULL,
  `role` varchar(20) CHARACTER SET utf8mb4 COLLATE utf8mb4_unicode_ci NOT NULL DEFAULT 'production',
  `photo` varchar(255) CHARACTER SET utf8mb4 COLLATE utf8mb4_unicode_ci DEFAULT NULL,
  `is_active` tinyint(1) NOT NULL DEFAULT '1',
  `email_verified_at` timestamp NULL DEFAULT NULL,
  `password` varchar(255) CHARACTER SET utf8mb4 COLLATE utf8mb4_unicode_ci NOT NULL,
  `remember_token` varchar(100) CHARACTER SET utf8mb4 COLLATE utf8mb4_unicode_ci DEFAULT NULL,
  `created_at` timestamp NULL DEFAULT NULL,
  `updated_at` timestamp NULL DEFAULT NULL,
  PRIMARY KEY (`id`),
  UNIQUE KEY `users_email_unique` (`email`),
  UNIQUE KEY `users_nik_unique` (`nik`)
) ENGINE=InnoDB AUTO_INCREMENT=12 DEFAULT CHARSET=utf8mb4 COLLATE=utf8mb4_unicode_ci;

-- Dumping data for table ppm_dies_monitoring.users: ~10 rows (approximately)
INSERT INTO `users` (`id`, `name`, `nik`, `email`, `role`, `photo`, `is_active`, `email_verified_at`, `password`, `remember_token`, `created_at`, `updated_at`) VALUES
	(1, 'Administrator', '000.00.00', 'admin@gmail.com', 'admin', 'photos/users/BOlil4n4GgP1sh3RupmbDJQehjlNsUhS1dgGCpxH.jpg', 1, NULL, '$2y$12$AZRbOyrHCJIzJMkef/OC4OOokyjCG8IxSrRgFKx8iIE.M.zKv5n7C', NULL, '2026-01-21 10:42:09', '2026-03-09 23:53:20'),
	(2, 'Rydha Ramlan Gunawan', '243.09.10', 'maintenance.dies@thaisummit.co.id', 'mtn_dies', NULL, 1, NULL, '$2y$12$x.59xKVhZKzu3mrMQepGKupPeAwH2LJLEOZ88N6VfhyEg96ww5rc.', 'RvT62uxl0EtbSlihll6keg9Ljc94FJJNkiXAbOT61R6ofjIbubKrxaSItahC', '2026-01-21 20:14:36', '2026-03-13 01:48:23'),
	(3, 'Yadi Heryadi', '072.05.08', 'production.eng@thaisummit.co.id', 'pe', 'photos/users/KKUo96jmJS04AepaPbN5LTVZi1tIbRcqziN8mGZn.jpg', 1, NULL, '$2y$12$AZRbOyrHCJIzJMkef/OC4OOokyjCG8IxSrRgFKx8iIE.M.zKv5n7C', NULL, '2026-01-21 20:25:16', '2026-03-09 23:44:38'),
	(4, 'Pakpoom Luedee', '838.01.23', 'testing@thaisummit.co.id', 'md', NULL, 1, NULL, '$2y$12$j1mhiV7NfS6YTuiqZYZx..2G4GeF9UERKsVdDTl2AAB88S7ZLcTEa', NULL, '2026-01-30 01:16:02', '2026-03-11 19:34:11'),
	(5, 'Sakti Oktaviani', '941.03.25', 'ppic-09@thaisummit.co.id', 'ppic', NULL, 1, NULL, '$2y$12$UYydkLbn7.Xq70IyR6LweeZmlIyH9471Jr8NQ2psGKoJtKPaeiQmK', NULL, '2026-02-15 20:46:47', '2026-03-16 05:04:43'),
	(7, 'Indriani', '578.09.13', 'production-02@thaisummit.co.id', 'production', 'photos/users/JyRmLeN8N6Wz1tVT6U5gXOK7QetdwAfIhjuQn4TG.png', 1, NULL, '$2y$12$0MPww6BCw/Imaj.pr1hekOKCo5UbHg.w7/vFSOFw4tyU1CZOTvO5y', 'jUZooD9gtwwG2AAbb3e2Vsy7cBwRs0YCj7ee1VN1NDJIPHgik00lBcR7wZI9', '2026-03-09 00:24:55', '2026-03-09 23:44:17'),
	(8, 'Didin Jahrudin', '630.07.14', 'it-01@thaisummit.co.id', 'admin', NULL, 1, NULL, '$2y$12$5vAWuSSz5skbf5mHnQTxx.b2dutyVzW9hUbvphwftn8FrgiJwIik6', NULL, '2026-03-09 00:26:13', '2026-03-09 00:26:13'),
	(9, 'Wildan Fathur Rohman', '943.04.25', 'it-03@thaisummit.co.id', 'production', 'photos/users/J9rGjSQiNmW2drCaFA9PHf2QB0uDUXj31bQPV9vP.jpg', 1, NULL, '$2y$12$f3Izh661VP9L1fScmsBDN.WnnaXM.YhpJUvni3QzeDV8kIhF5tQ3G', NULL, '2026-03-09 23:22:23', '2026-03-09 23:22:23'),
	(10, 'Idham Basir', '631.08.14', 'testing2@thaisummit.co.id', 'mgr_gm', 'photos/users/k4TXLPmJXqjlslgL1YiDvQbSnw5cPSxeRnU31xdB.jpg', 1, NULL, '$2y$12$IY0VQm2l5aARhY0IE602Zuq/iC0PZFPNvErStqsWbDP5DHN.2rKma', NULL, '2026-03-09 23:46:36', '2026-03-09 23:47:19'),
	(11, 'Iyan Supadiyanto', '606.10.13', 'production-01@thaisummit.co.id', 'pe', 'photos/users/3BvQDCI3ERb4ajHyGHvNxfx3eJCiiLE9tKy0OXFC.jpg', 1, NULL, '$2y$12$XHZkKfEQHLgYK196./TPr..vxaDFq3oR7HxLo/VZafYI2NvsKQb9y', NULL, '2026-03-09 23:48:16', '2026-03-09 23:48:16');

-- Dumping structure for table ppm_dies_monitoring.user_messages
CREATE TABLE IF NOT EXISTS `user_messages` (
  `id` bigint unsigned NOT NULL AUTO_INCREMENT,
  `sender_id` bigint unsigned NOT NULL,
  `receiver_id` bigint unsigned DEFAULT NULL,
  `receiver_role` varchar(20) COLLATE utf8mb4_unicode_ci DEFAULT NULL,
  `die_id` bigint unsigned DEFAULT NULL,
  `subject` varchar(200) COLLATE utf8mb4_unicode_ci NOT NULL,
  `message` text COLLATE utf8mb4_unicode_ci NOT NULL,
  `priority` enum('normal','urgent','critical') COLLATE utf8mb4_unicode_ci NOT NULL DEFAULT 'normal',
  `category` enum('coordination','schedule_change','urgent_issue','ppm_update','general') COLLATE utf8mb4_unicode_ci NOT NULL DEFAULT 'general',
  `parent_id` bigint unsigned DEFAULT NULL,
  `is_read` tinyint(1) NOT NULL DEFAULT '0',
  `read_at` timestamp NULL DEFAULT NULL,
  `created_at` timestamp NULL DEFAULT NULL,
  `updated_at` timestamp NULL DEFAULT NULL,
  PRIMARY KEY (`id`),
  KEY `user_messages_parent_id_foreign` (`parent_id`),
  KEY `user_messages_receiver_id_is_read_index` (`receiver_id`,`is_read`),
  KEY `user_messages_receiver_role_is_read_index` (`receiver_role`,`is_read`),
  KEY `user_messages_sender_id_created_at_index` (`sender_id`,`created_at`),
  KEY `user_messages_die_id_index` (`die_id`),
  CONSTRAINT `user_messages_die_id_foreign` FOREIGN KEY (`die_id`) REFERENCES `dies` (`id`) ON DELETE SET NULL,
  CONSTRAINT `user_messages_parent_id_foreign` FOREIGN KEY (`parent_id`) REFERENCES `user_messages` (`id`) ON DELETE SET NULL,
  CONSTRAINT `user_messages_receiver_id_foreign` FOREIGN KEY (`receiver_id`) REFERENCES `users` (`id`) ON DELETE SET NULL,
  CONSTRAINT `user_messages_sender_id_foreign` FOREIGN KEY (`sender_id`) REFERENCES `users` (`id`) ON DELETE CASCADE
) ENGINE=InnoDB DEFAULT CHARSET=utf8mb4 COLLATE=utf8mb4_unicode_ci;

-- Dumping data for table ppm_dies_monitoring.user_messages: ~0 rows (approximately)

/*!40103 SET TIME_ZONE=IFNULL(@OLD_TIME_ZONE, 'system') */;
/*!40101 SET SQL_MODE=IFNULL(@OLD_SQL_MODE, '') */;
/*!40014 SET FOREIGN_KEY_CHECKS=IFNULL(@OLD_FOREIGN_KEY_CHECKS, 1) */;
/*!40101 SET CHARACTER_SET_CLIENT=@OLD_CHARACTER_SET_CLIENT */;
/*!40111 SET SQL_NOTES=IFNULL(@OLD_SQL_NOTES, 1) */;
