-- --------------------------------------------------------
-- Host:                         127.0.0.1
-- Server version:               5.7.24 - MySQL Community Server (GPL)
-- Server OS:                    Win64
-- HeidiSQL Version:             12.8.0.6951
-- --------------------------------------------------------

/*!40101 SET @OLD_CHARACTER_SET_CLIENT=@@CHARACTER_SET_CLIENT */;
/*!40101 SET NAMES utf8 */;
/*!50503 SET NAMES utf8mb4 */;
/*!40103 SET @OLD_TIME_ZONE=@@TIME_ZONE */;
/*!40103 SET TIME_ZONE='+00:00' */;
/*!40014 SET @OLD_FOREIGN_KEY_CHECKS=@@FOREIGN_KEY_CHECKS, FOREIGN_KEY_CHECKS=0 */;
/*!40101 SET @OLD_SQL_MODE=@@SQL_MODE, SQL_MODE='NO_AUTO_VALUE_ON_ZERO' */;
/*!40111 SET @OLD_SQL_NOTES=@@SQL_NOTES, SQL_NOTES=0 */;


-- Dumping database structure for ppm_dies_monitoring_april
CREATE DATABASE IF NOT EXISTS `ppm_dies_monitoring_april` /*!40100 DEFAULT CHARACTER SET utf8mb4 */;
USE `ppm_dies_monitoring_april`;

-- Dumping structure for table ppm_dies_monitoring_april.cache
CREATE TABLE IF NOT EXISTS `cache` (
  `key` varchar(255) COLLATE utf8mb4_unicode_ci NOT NULL,
  `value` mediumtext COLLATE utf8mb4_unicode_ci NOT NULL,
  `expiration` int(11) NOT NULL,
  PRIMARY KEY (`key`)
) ENGINE=InnoDB DEFAULT CHARSET=utf8mb4 COLLATE=utf8mb4_unicode_ci;

-- Dumping data for table ppm_dies_monitoring_april.cache: ~0 rows (approximately)

-- Dumping structure for table ppm_dies_monitoring_april.cache_locks
CREATE TABLE IF NOT EXISTS `cache_locks` (
  `key` varchar(255) COLLATE utf8mb4_unicode_ci NOT NULL,
  `owner` varchar(255) COLLATE utf8mb4_unicode_ci NOT NULL,
  `expiration` int(11) NOT NULL,
  PRIMARY KEY (`key`)
) ENGINE=InnoDB DEFAULT CHARSET=utf8mb4 COLLATE=utf8mb4_unicode_ci;

-- Dumping data for table ppm_dies_monitoring_april.cache_locks: ~0 rows (approximately)

-- Dumping structure for table ppm_dies_monitoring_april.customers
CREATE TABLE IF NOT EXISTS `customers` (
  `id` bigint(20) unsigned NOT NULL AUTO_INCREMENT,
  `code` varchar(20) COLLATE utf8mb4_unicode_ci NOT NULL,
  `name` varchar(100) COLLATE utf8mb4_unicode_ci NOT NULL,
  `contact_person` varchar(255) COLLATE utf8mb4_unicode_ci DEFAULT NULL,
  `email` varchar(255) COLLATE utf8mb4_unicode_ci DEFAULT NULL,
  `phone` varchar(255) COLLATE utf8mb4_unicode_ci DEFAULT NULL,
  `address` text COLLATE utf8mb4_unicode_ci,
  `is_active` tinyint(1) NOT NULL DEFAULT '1',
  `created_at` timestamp NULL DEFAULT NULL,
  `updated_at` timestamp NULL DEFAULT NULL,
  PRIMARY KEY (`id`),
  UNIQUE KEY `customers_code_unique` (`code`)
) ENGINE=InnoDB AUTO_INCREMENT=7 DEFAULT CHARSET=utf8mb4 COLLATE=utf8mb4_unicode_ci;

-- Dumping data for table ppm_dies_monitoring_april.customers: ~6 rows (approximately)
INSERT IGNORE INTO `customers` (`id`, `code`, `name`, `contact_person`, `email`, `phone`, `address`, `is_active`, `created_at`, `updated_at`) VALUES
	(1, 'HMMI', 'Honda Motor Manufacturing Indonesia', NULL, NULL, NULL, NULL, 1, '2026-01-21 10:41:16', '2026-01-21 10:41:16'),
	(2, 'ATS', 'Astra Toyota Motor', NULL, NULL, NULL, NULL, 1, '2026-01-21 10:41:16', '2026-01-21 10:41:16'),
	(3, 'UPIN', 'UPIN Manufacturing', NULL, NULL, NULL, NULL, 1, '2026-01-21 10:41:16', '2026-01-21 10:41:16'),
	(4, 'G-TIM', 'G-TIM Industries', NULL, NULL, NULL, NULL, 1, '2026-01-21 10:41:16', '2026-01-21 10:41:16'),
	(5, 'SIM', 'Suzuki Indomobil Motor', NULL, NULL, NULL, NULL, 1, '2026-01-21 10:41:16', '2026-01-21 10:41:16'),
	(6, 'TMMIN', 'Toyota Motor Manufacturing Indonesia', NULL, NULL, NULL, NULL, 1, '2026-01-21 10:41:16', '2026-01-21 10:41:16');

-- Dumping structure for table ppm_dies_monitoring_april.dies
CREATE TABLE IF NOT EXISTS `dies` (
  `id` bigint(20) unsigned NOT NULL AUTO_INCREMENT,
  `part_number` varchar(50) COLLATE utf8mb4_unicode_ci NOT NULL,
  `part_name` varchar(200) COLLATE utf8mb4_unicode_ci NOT NULL,
  `machine_model_id` bigint(20) unsigned NOT NULL,
  `customer_id` bigint(20) unsigned NOT NULL,
  `qty_die` int(11) NOT NULL DEFAULT '1',
  `line` varchar(20) COLLATE utf8mb4_unicode_ci DEFAULT NULL,
  `accumulation_stroke` int(11) NOT NULL DEFAULT '0',
  `last_stroke` int(11) NOT NULL DEFAULT '0',
  `control_stroke` int(11) DEFAULT NULL,
  `last_ppm_date` date DEFAULT NULL,
  `location` varchar(100) COLLATE utf8mb4_unicode_ci DEFAULT NULL,
  `status` enum('active','inactive','maintenance','disposed') COLLATE utf8mb4_unicode_ci NOT NULL DEFAULT 'active',
  `notes` text COLLATE utf8mb4_unicode_ci,
  `created_at` timestamp NULL DEFAULT NULL,
  `updated_at` timestamp NULL DEFAULT NULL,
  PRIMARY KEY (`id`),
  KEY `dies_machine_model_id_foreign` (`machine_model_id`),
  KEY `dies_customer_id_foreign` (`customer_id`),
  KEY `dies_part_number_index` (`part_number`),
  KEY `dies_status_index` (`status`),
  CONSTRAINT `dies_customer_id_foreign` FOREIGN KEY (`customer_id`) REFERENCES `customers` (`id`),
  CONSTRAINT `dies_machine_model_id_foreign` FOREIGN KEY (`machine_model_id`) REFERENCES `machine_models` (`id`)
) ENGINE=InnoDB AUTO_INCREMENT=27 DEFAULT CHARSET=utf8mb4 COLLATE=utf8mb4_unicode_ci;

-- Dumping data for table ppm_dies_monitoring_april.dies: ~25 rows (approximately)
INSERT IGNORE INTO `dies` (`id`, `part_number`, `part_name`, `machine_model_id`, `customer_id`, `qty_die`, `line`, `accumulation_stroke`, `last_stroke`, `control_stroke`, `last_ppm_date`, `location`, `status`, `notes`, `created_at`, `updated_at`) VALUES
	(1, '71142-I6000', 'REINF-FR PILLAR OTR LWR,RH', 1, 1, 4, '800T', 6500, 0, NULL, '2025-10-21', NULL, 'active', NULL, '2026-01-21 10:41:16', '2026-01-21 10:41:16'),
	(2, '71132-I6000', 'REINF-FR PILLAR OTR LWR,LH', 1, 1, 4, '800T', 6200, 0, NULL, '2025-10-21', NULL, 'active', NULL, '2026-01-21 10:41:16', '2026-01-21 10:41:16'),
	(3, '65122-I6000', 'PNL CTR FLOOR SIDE,RH', 1, 1, 4, '800T', 5116, 0, NULL, '2025-11-21', NULL, 'active', NULL, '2026-01-21 10:41:16', '2026-01-21 10:41:16'),
	(4, '65112-I6000', 'PNL CTR FLOOR SIDE,LH', 1, 1, 4, '800T', 5340, 0, NULL, '2025-11-21', NULL, 'active', NULL, '2026-01-21 10:41:16', '2026-01-21 10:41:16'),
	(5, '63111-I6900', 'PNL CTR FLOOR SIDE LOWER,LH', 1, 1, 4, '800T', 4240, 0, NULL, '2025-11-21', NULL, 'active', NULL, '2026-01-21 10:41:16', '2026-01-21 10:41:16'),
	(6, '71176-I6000', 'BRKT FR PILLAR OTR,LH/RH', 1, 1, 4, '800T', 689, 0, NULL, '2025-12-21', NULL, 'active', NULL, '2026-01-21 10:41:17', '2026-01-21 10:41:17'),
	(7, '71362-I6000', 'REINF CTR PLR OTR UPR,RH', 1, 1, 4, '1200T', 2500, 0, NULL, '2025-12-21', NULL, 'active', NULL, '2026-01-21 10:41:17', '2026-01-21 10:41:17'),
	(8, '71352-I6000', 'REINF CTR PLR OTR UPR,LH', 1, 1, 4, '1200T', 2100, 0, NULL, '2025-12-21', NULL, 'active', NULL, '2026-01-21 10:41:17', '2026-01-21 10:41:17'),
	(9, '5240B908/909', 'BRACE DASH SIDE RH', 2, 2, 3, '800T', 1800, 0, NULL, '2025-12-31', NULL, 'active', NULL, '2026-01-21 10:41:17', '2026-01-21 10:41:17'),
	(10, '5253AT11/AT12', 'REINF F/FLR SIDE SILL INR LH', 2, 2, 4, '800T', 3200, 0, NULL, '2025-12-24', NULL, 'active', NULL, '2026-01-21 10:41:17', '2026-01-21 10:41:17'),
	(11, '5253AH61', 'SILL F/FLR SIDE INR LH', 2, 2, 4, '1200T', 4800, 0, NULL, '2025-11-21', NULL, 'active', NULL, '2026-01-21 10:41:17', '2026-01-21 10:41:17'),
	(12, '5253AH62', 'SILL F/FLR SIDE INR RH', 2, 2, 4, '1200T', 4650, 0, NULL, '2025-11-21', NULL, 'active', NULL, '2026-01-21 10:41:17', '2026-01-21 10:41:17'),
	(13, '60415-TSEY-X000-H1', 'STIFF R, BHD SIDE MBR', 3, 3, 3, '250T', 3500, 0, NULL, '2025-12-21', NULL, 'active', NULL, '2026-01-21 10:41:17', '2026-01-21 10:41:17'),
	(14, '60842TG1T00050HM', 'BRKT, BPR BEAM EXTN OUT', 3, 3, 3, '250T', 8500, 0, NULL, '2025-10-21', NULL, 'active', NULL, '2026-01-21 10:41:17', '2026-01-21 10:41:17'),
	(15, '60843-TSEY-X100-H1', 'BRKT R, FR BPR EXTN', 3, 3, 5, '250T', 9800, 0, NULL, '2025-09-21', NULL, 'active', NULL, '2026-01-21 10:41:17', '2026-01-21 10:41:17'),
	(16, '60837-TSEY-X000-H1', 'BRKT R, FR SUB FRM FR', 3, 3, 4, '250T', 5200, 0, NULL, '2025-11-21', NULL, 'active', NULL, '2026-01-21 10:41:17', '2026-01-21 10:41:17'),
	(17, '60937-TSEY-X000-H1', 'BRKT L, FR SUB FRM FR', 3, 3, 4, '250T', 5100, 0, NULL, '2025-11-21', NULL, 'active', NULL, '2026-01-21 10:41:17', '2026-01-21 10:41:17'),
	(18, '60934TSAK000H1', 'BHD RR L, FR SIDE FRM', 4, 3, 1, '250T', 2300, 0, NULL, '2026-01-07', NULL, 'active', NULL, '2026-01-21 10:41:17', '2026-01-21 10:41:17'),
	(19, '63212-TG2-K000', 'R RNFCT CTR PLR STIFF TG2', 5, 4, 3, '250T', 4500, 0, NULL, '2025-12-21', NULL, 'active', NULL, '2026-01-21 10:41:17', '2026-01-21 10:41:17'),
	(20, '63612-TG2-K000', 'L RNFCT CTR PLR STIFF TG2', 5, 4, 3, '250T', 4200, 0, NULL, '2025-12-21', NULL, 'active', NULL, '2026-01-21 10:41:17', '2026-01-21 10:41:17'),
	(21, '65318-T86-P000-H1', 'STIFF L, FRM CTR TNL', 6, 4, 1, '250T', 0, 0, NULL, '2026-01-28', NULL, 'active', NULL, '2026-01-21 10:41:17', '2026-01-27 21:41:19'),
	(22, '64113-72S00', 'REINF ROOF RAIL FR R', 6, 5, 2, '250T', 3200, 0, NULL, '2025-12-31', NULL, 'active', NULL, '2026-01-21 10:41:17', '2026-01-21 10:41:17'),
	(23, '64514/114-72S00', 'REINF ROOF RAIL CTR L', 6, 5, 1, '250T', 2800, 0, NULL, '2026-01-07', NULL, 'active', NULL, '2026-01-21 10:41:17', '2026-01-21 10:41:17'),
	(24, 'T/O 77697-VT010-00', 'INSULATOR, FUEL TANK HEAT NO.  1', 8, 6, 1, '800T', 1500, 0, NULL, '2026-01-14', NULL, 'active', NULL, '2026-01-21 10:41:17', '2026-01-21 10:41:17'),
	(25, '67412 W000P', 'C/ MBR DASH', 2, 6, 4, '1200T', 3800, 0, NULL, '2025-12-21', NULL, 'active', NULL, '2026-01-21 10:41:17', '2026-01-21 10:41:17'),
	(26, 'test', 'test2', 2, 2, 1, '800T', 0, 0, 33, NULL, 'test2', 'active', NULL, '2026-01-21 10:46:42', '2026-01-21 10:46:42');

-- Dumping structure for table ppm_dies_monitoring_april.failed_jobs
CREATE TABLE IF NOT EXISTS `failed_jobs` (
  `id` bigint(20) unsigned NOT NULL AUTO_INCREMENT,
  `uuid` varchar(255) COLLATE utf8mb4_unicode_ci NOT NULL,
  `connection` text COLLATE utf8mb4_unicode_ci NOT NULL,
  `queue` text COLLATE utf8mb4_unicode_ci NOT NULL,
  `payload` longtext COLLATE utf8mb4_unicode_ci NOT NULL,
  `exception` longtext COLLATE utf8mb4_unicode_ci NOT NULL,
  `failed_at` timestamp NOT NULL DEFAULT CURRENT_TIMESTAMP,
  PRIMARY KEY (`id`),
  UNIQUE KEY `failed_jobs_uuid_unique` (`uuid`)
) ENGINE=InnoDB DEFAULT CHARSET=utf8mb4 COLLATE=utf8mb4_unicode_ci;

-- Dumping data for table ppm_dies_monitoring_april.failed_jobs: ~0 rows (approximately)

-- Dumping structure for table ppm_dies_monitoring_april.jobs
CREATE TABLE IF NOT EXISTS `jobs` (
  `id` bigint(20) unsigned NOT NULL AUTO_INCREMENT,
  `queue` varchar(255) COLLATE utf8mb4_unicode_ci NOT NULL,
  `payload` longtext COLLATE utf8mb4_unicode_ci NOT NULL,
  `attempts` tinyint(3) unsigned NOT NULL,
  `reserved_at` int(10) unsigned DEFAULT NULL,
  `available_at` int(10) unsigned NOT NULL,
  `created_at` int(10) unsigned NOT NULL,
  PRIMARY KEY (`id`),
  KEY `jobs_queue_index` (`queue`)
) ENGINE=InnoDB DEFAULT CHARSET=utf8mb4 COLLATE=utf8mb4_unicode_ci;

-- Dumping data for table ppm_dies_monitoring_april.jobs: ~0 rows (approximately)

-- Dumping structure for table ppm_dies_monitoring_april.job_batches
CREATE TABLE IF NOT EXISTS `job_batches` (
  `id` varchar(255) COLLATE utf8mb4_unicode_ci NOT NULL,
  `name` varchar(255) COLLATE utf8mb4_unicode_ci NOT NULL,
  `total_jobs` int(11) NOT NULL,
  `pending_jobs` int(11) NOT NULL,
  `failed_jobs` int(11) NOT NULL,
  `failed_job_ids` longtext COLLATE utf8mb4_unicode_ci NOT NULL,
  `options` mediumtext COLLATE utf8mb4_unicode_ci,
  `cancelled_at` int(11) DEFAULT NULL,
  `created_at` int(11) NOT NULL,
  `finished_at` int(11) DEFAULT NULL,
  PRIMARY KEY (`id`)
) ENGINE=InnoDB DEFAULT CHARSET=utf8mb4 COLLATE=utf8mb4_unicode_ci;

-- Dumping data for table ppm_dies_monitoring_april.job_batches: ~0 rows (approximately)

-- Dumping structure for table ppm_dies_monitoring_april.machine_models
CREATE TABLE IF NOT EXISTS `machine_models` (
  `id` bigint(20) unsigned NOT NULL AUTO_INCREMENT,
  `code` varchar(30) COLLATE utf8mb4_unicode_ci NOT NULL,
  `name` varchar(100) COLLATE utf8mb4_unicode_ci NOT NULL,
  `tonnage_standard_id` bigint(20) unsigned NOT NULL,
  `description` text COLLATE utf8mb4_unicode_ci,
  `is_active` tinyint(1) NOT NULL DEFAULT '1',
  `created_at` timestamp NULL DEFAULT NULL,
  `updated_at` timestamp NULL DEFAULT NULL,
  PRIMARY KEY (`id`),
  UNIQUE KEY `machine_models_code_unique` (`code`),
  KEY `machine_models_tonnage_standard_id_index` (`tonnage_standard_id`),
  CONSTRAINT `machine_models_tonnage_standard_id_foreign` FOREIGN KEY (`tonnage_standard_id`) REFERENCES `tonnage_standards` (`id`)
) ENGINE=InnoDB AUTO_INCREMENT=9 DEFAULT CHARSET=utf8mb4 COLLATE=utf8mb4_unicode_ci;

-- Dumping data for table ppm_dies_monitoring_april.machine_models: ~8 rows (approximately)
INSERT IGNORE INTO `machine_models` (`id`, `code`, `name`, `tonnage_standard_id`, `description`, `is_active`, `created_at`, `updated_at`) VALUES
	(1, 'KS', 'KS Series (Grade B)', 2, NULL, 1, '2026-01-21 10:41:16', '2026-01-21 10:41:16'),
	(2, '4L45W', '4L45W Series', 2, NULL, 1, '2026-01-21 10:41:16', '2026-01-21 10:41:16'),
	(3, '2SJ', '2SJ Series', 3, NULL, 1, '2026-01-21 10:41:16', '2026-01-21 10:41:16'),
	(4, '2SK', '2SK Series', 3, NULL, 1, '2026-01-21 10:41:16', '2026-01-21 10:41:16'),
	(5, 'T64', 'T64 Series', 3, NULL, 1, '2026-01-21 10:41:16', '2026-01-21 10:41:16'),
	(6, 'YHA', 'YHA Series', 4, NULL, 1, '2026-01-21 10:41:16', '2026-01-21 10:41:16'),
	(7, '2JX', '2JX (LHD) Series', 4, NULL, 1, '2026-01-21 10:41:16', '2026-01-21 10:41:16'),
	(8, '560B', '560B Series', 2, NULL, 1, '2026-01-21 10:41:16', '2026-01-21 10:41:16');

-- Dumping structure for table ppm_dies_monitoring_april.migrations
CREATE TABLE IF NOT EXISTS `migrations` (
  `id` int(10) unsigned NOT NULL AUTO_INCREMENT,
  `migration` varchar(255) COLLATE utf8mb4_unicode_ci NOT NULL,
  `batch` int(11) NOT NULL,
  PRIMARY KEY (`id`)
) ENGINE=InnoDB AUTO_INCREMENT=13 DEFAULT CHARSET=utf8mb4 COLLATE=utf8mb4_unicode_ci;

-- Dumping data for table ppm_dies_monitoring_april.migrations: ~11 rows (approximately)
INSERT IGNORE INTO `migrations` (`id`, `migration`, `batch`) VALUES
	(1, '0001_01_01_000000_create_users_table', 1),
	(2, '0001_01_01_000001_create_cache_table', 1),
	(3, '0001_01_01_000002_create_jobs_table', 1),
	(4, '2026_01_21_085400_create_customers_table', 1),
	(5, '2026_01_21_085400_create_machine_models_table', 1),
	(6, '2026_01_21_085400_create_tonnage_standards_table', 1),
	(7, '2026_01_21_085401_create_dies_table', 1),
	(8, '2026_01_21_085401_create_ppm_schedules_table', 1),
	(9, '2026_01_21_085401_create_production_logs_table', 1),
	(10, '2026_01_21_085402_add_machine_models_tonnage_standard_fk', 1),
	(11, '2026_01_21_085407_create_ppm_histories_table', 1),
	(12, '2026_01_22_100000_add_role_and_photo_to_users_table', 2);

-- Dumping structure for table ppm_dies_monitoring_april.password_reset_tokens
CREATE TABLE IF NOT EXISTS `password_reset_tokens` (
  `email` varchar(255) COLLATE utf8mb4_unicode_ci NOT NULL,
  `token` varchar(255) COLLATE utf8mb4_unicode_ci NOT NULL,
  `created_at` timestamp NULL DEFAULT NULL,
  PRIMARY KEY (`email`)
) ENGINE=InnoDB DEFAULT CHARSET=utf8mb4 COLLATE=utf8mb4_unicode_ci;

-- Dumping data for table ppm_dies_monitoring_april.password_reset_tokens: ~0 rows (approximately)

-- Dumping structure for table ppm_dies_monitoring_april.ppm_histories
CREATE TABLE IF NOT EXISTS `ppm_histories` (
  `id` bigint(20) unsigned NOT NULL AUTO_INCREMENT,
  `die_id` bigint(20) unsigned NOT NULL,
  `ppm_date` date NOT NULL,
  `stroke_at_ppm` int(11) NOT NULL,
  `pic` varchar(100) COLLATE utf8mb4_unicode_ci NOT NULL,
  `status` enum('done','pending','cancelled','partial') COLLATE utf8mb4_unicode_ci NOT NULL DEFAULT 'done',
  `maintenance_type` enum('routine','repair','overhaul','emergency') COLLATE utf8mb4_unicode_ci NOT NULL DEFAULT 'routine',
  `work_performed` text COLLATE utf8mb4_unicode_ci,
  `parts_replaced` text COLLATE utf8mb4_unicode_ci,
  `findings` text COLLATE utf8mb4_unicode_ci,
  `recommendations` text COLLATE utf8mb4_unicode_ci,
  `checked_by` varchar(100) COLLATE utf8mb4_unicode_ci DEFAULT NULL,
  `approved_by` varchar(100) COLLATE utf8mb4_unicode_ci DEFAULT NULL,
  `created_by` bigint(20) unsigned DEFAULT NULL,
  `created_at` timestamp NULL DEFAULT NULL,
  `updated_at` timestamp NULL DEFAULT NULL,
  PRIMARY KEY (`id`),
  KEY `ppm_histories_created_by_foreign` (`created_by`),
  KEY `ppm_histories_die_id_ppm_date_index` (`die_id`,`ppm_date`),
  CONSTRAINT `ppm_histories_created_by_foreign` FOREIGN KEY (`created_by`) REFERENCES `users` (`id`) ON DELETE SET NULL,
  CONSTRAINT `ppm_histories_die_id_foreign` FOREIGN KEY (`die_id`) REFERENCES `dies` (`id`) ON DELETE CASCADE
) ENGINE=InnoDB AUTO_INCREMENT=48 DEFAULT CHARSET=utf8mb4 COLLATE=utf8mb4_unicode_ci;

-- Dumping data for table ppm_dies_monitoring_april.ppm_histories: ~46 rows (approximately)
INSERT IGNORE INTO `ppm_histories` (`id`, `die_id`, `ppm_date`, `stroke_at_ppm`, `pic`, `status`, `maintenance_type`, `work_performed`, `parts_replaced`, `findings`, `recommendations`, `checked_by`, `approved_by`, `created_by`, `created_at`, `updated_at`) VALUES
	(1, 1, '2025-10-21', 5395, 'Mr. Manop', 'done', 'routine', 'Routine cleaning and inspection', 'Spring set, Guide pins', 'Spring tension needs adjustment', 'Continue regular monitoring', 'Supervisor A', 'Mr. Manop', NULL, '2025-10-20 17:00:00', '2025-10-20 17:00:00'),
	(2, 1, '2025-08-21', 4065, 'Rydha RG', 'done', 'routine', 'Full service and lubrication', NULL, 'Spring tension needs adjustment', 'Continue regular monitoring', 'Mr. Kammee', 'Dept Head', NULL, '2025-08-20 17:00:00', '2025-08-20 17:00:00'),
	(3, 2, '2025-10-21', 5354, 'Rydha RG', 'done', 'routine', 'Die surface polishing', NULL, 'All components in good condition', 'Continue regular monitoring', 'Mr. Manop', 'Mr. Manop', NULL, '2025-10-20 17:00:00', '2025-10-20 17:00:00'),
	(4, 2, '2025-08-21', 5049, 'Rydha RG', 'done', 'routine', 'Routine cleaning and inspection', NULL, 'Minor alignment issue - corrected', 'Continue regular monitoring', 'Mr. Manop', 'Manager B', NULL, '2025-08-20 17:00:00', '2025-08-20 17:00:00'),
	(5, 2, '2025-06-21', 4105, 'Mr. Kammee', 'done', 'routine', 'Deep cleaning and rust prevention', NULL, 'Punch showing wear - monitoring', 'Schedule overhaul in next PPM', 'Supervisor A', 'Dept Head', NULL, '2025-06-20 17:00:00', '2025-06-20 17:00:00'),
	(6, 3, '2025-11-21', 4266, 'Ahmad Yani', 'done', 'routine', 'Adjusted alignment and clearance', NULL, 'Spring tension needs adjustment', 'Schedule overhaul in next PPM', 'Mr. Kammee', 'Mr. Manop', NULL, '2025-11-20 17:00:00', '2025-11-20 17:00:00'),
	(7, 3, '2025-09-21', 5482, 'Budi Santoso', 'done', 'routine', 'Die surface polishing', NULL, 'Some rust spots found - treated', 'Continue regular monitoring', 'Supervisor A', 'Dept Head', NULL, '2025-09-20 17:00:00', '2025-09-20 17:00:00'),
	(8, 4, '2025-11-21', 5165, 'Ahmad Yani', 'done', 'routine', 'Full service and lubrication', NULL, 'Punch showing wear - monitoring', 'Continue regular monitoring', 'Mr. Kammee', 'Mr. Manop', NULL, '2025-11-20 17:00:00', '2025-11-20 17:00:00'),
	(9, 5, '2025-11-21', 4188, 'Rydha RG', 'done', 'routine', 'Punch and die inspection', NULL, 'Minor alignment issue - corrected', 'Continue regular monitoring', 'Mr. Kammee', 'Manager B', NULL, '2025-11-20 17:00:00', '2025-11-20 17:00:00'),
	(10, 6, '2025-12-21', 4093, 'Mr. Kammee', 'done', 'routine', 'Spring replacement and adjustment', 'Spring set, Guide pins', 'Punch showing wear - monitoring', 'Continue regular monitoring', 'Supervisor A', 'Manager B', NULL, '2025-12-20 17:00:00', '2025-12-20 17:00:00'),
	(11, 6, '2025-10-21', 5202, 'Rydha RG', 'done', 'repair', 'Replaced worn components', NULL, 'Punch showing wear - monitoring', 'Continue regular monitoring', 'Supervisor A', 'Mr. Manop', NULL, '2025-10-20 17:00:00', '2025-10-20 17:00:00'),
	(12, 7, '2025-12-21', 5397, 'Mr. Kammee', 'done', 'routine', 'Full service and lubrication', 'Spring set, Guide pins', 'All components in good condition', 'Continue regular monitoring', 'Mr. Manop', 'Manager B', NULL, '2025-12-20 17:00:00', '2025-12-20 17:00:00'),
	(13, 7, '2025-10-21', 4374, 'Mr. Kammee', 'done', 'routine', 'Full service and lubrication', 'Spring set, Guide pins', 'Minor alignment issue - corrected', 'Schedule overhaul in next PPM', 'Mr. Manop', 'Mr. Manop', NULL, '2025-10-20 17:00:00', '2025-10-20 17:00:00'),
	(14, 8, '2025-12-21', 5794, 'Ahmad Yani', 'done', 'routine', 'Deep cleaning and rust prevention', 'Spring set, Guide pins', 'Spring tension needs adjustment', 'Continue regular monitoring', 'Mr. Manop', 'Dept Head', NULL, '2025-12-20 17:00:00', '2025-12-20 17:00:00'),
	(15, 8, '2025-10-21', 5328, 'Rydha RG', 'done', 'repair', 'Full service and lubrication', NULL, 'All components in good condition', 'Continue regular monitoring', 'Supervisor A', 'Dept Head', NULL, '2025-10-20 17:00:00', '2025-10-20 17:00:00'),
	(16, 9, '2025-12-31', 5021, 'Budi Santoso', 'done', 'routine', 'Die surface polishing', NULL, 'Punch showing wear - monitoring', 'Schedule overhaul in next PPM', 'Supervisor A', 'Manager B', NULL, '2025-12-30 17:00:00', '2025-12-30 17:00:00'),
	(17, 9, '2025-10-31', 5894, 'Mr. Manop', 'done', 'overhaul', 'Punch and die inspection', NULL, 'Minor alignment issue - corrected', 'Schedule overhaul in next PPM', 'Mr. Kammee', 'Manager B', NULL, '2025-10-30 17:00:00', '2025-10-30 17:00:00'),
	(18, 9, '2025-08-31', 5749, 'Budi Santoso', 'done', 'overhaul', 'Die surface polishing', 'Spring set, Guide pins', 'Normal wear condition', 'Schedule overhaul in next PPM', 'Mr. Manop', 'Manager B', NULL, '2025-08-30 17:00:00', '2025-08-30 17:00:00'),
	(19, 10, '2025-12-24', 5644, 'Ahmad Yani', 'done', 'routine', 'Replaced worn components', 'Spring set, Guide pins', 'Spring tension needs adjustment', 'Continue regular monitoring', 'Supervisor A', 'Manager B', NULL, '2025-12-23 17:00:00', '2025-12-23 17:00:00'),
	(20, 10, '2025-10-24', 4059, 'Budi Santoso', 'done', 'routine', 'Spring replacement and adjustment', NULL, 'Minor alignment issue - corrected', 'Schedule overhaul in next PPM', 'Mr. Manop', 'Mr. Manop', NULL, '2025-10-23 17:00:00', '2025-10-23 17:00:00'),
	(21, 11, '2025-11-21', 4732, 'Budi Santoso', 'done', 'routine', 'Replaced worn components', 'Spring set, Guide pins', 'Punch showing wear - monitoring', 'Continue regular monitoring', 'Mr. Kammee', 'Mr. Manop', NULL, '2025-11-20 17:00:00', '2025-11-20 17:00:00'),
	(22, 12, '2025-11-21', 5885, 'Ahmad Yani', 'done', 'routine', 'Spring replacement and adjustment', NULL, 'Punch showing wear - monitoring', 'Continue regular monitoring', 'Mr. Kammee', 'Dept Head', NULL, '2025-11-20 17:00:00', '2025-11-20 17:00:00'),
	(23, 13, '2025-12-21', 5690, 'Mr. Manop', 'done', 'routine', 'Die surface polishing', NULL, 'Some rust spots found - treated', 'Continue regular monitoring', 'Mr. Kammee', 'Dept Head', NULL, '2025-12-20 17:00:00', '2025-12-20 17:00:00'),
	(24, 14, '2025-10-21', 5696, 'Ahmad Yani', 'done', 'routine', 'Replaced worn components', NULL, 'Spring tension needs adjustment', 'Continue regular monitoring', 'Mr. Kammee', 'Mr. Manop', NULL, '2025-10-20 17:00:00', '2025-10-20 17:00:00'),
	(25, 14, '2025-08-21', 5737, 'Budi Santoso', 'done', 'routine', 'Routine cleaning and inspection', 'Spring set, Guide pins', 'Punch showing wear - monitoring', 'Schedule overhaul in next PPM', 'Mr. Kammee', 'Manager B', NULL, '2025-08-20 17:00:00', '2025-08-20 17:00:00'),
	(26, 14, '2025-06-21', 4872, 'Mr. Manop', 'done', 'routine', 'Die surface polishing', NULL, 'All components in good condition', 'Continue regular monitoring', 'Supervisor A', 'Manager B', NULL, '2025-06-20 17:00:00', '2025-06-20 17:00:00'),
	(27, 15, '2025-09-21', 5173, 'Mr. Manop', 'done', 'routine', 'Deep cleaning and rust prevention', 'Spring set, Guide pins', NULL, 'Continue regular monitoring', 'Mr. Kammee', 'Manager B', NULL, '2025-09-20 17:00:00', '2025-09-20 17:00:00'),
	(28, 15, '2025-07-21', 4928, 'Ahmad Yani', 'done', 'overhaul', 'Replaced worn components', NULL, NULL, 'Continue regular monitoring', 'Mr. Manop', 'Mr. Manop', NULL, '2025-07-20 17:00:00', '2025-07-20 17:00:00'),
	(29, 15, '2025-05-21', 5366, 'Budi Santoso', 'done', 'routine', 'Die surface polishing', NULL, 'Punch showing wear - monitoring', 'Schedule overhaul in next PPM', 'Mr. Manop', 'Mr. Manop', NULL, '2025-05-20 17:00:00', '2025-05-20 17:00:00'),
	(30, 16, '2025-11-21', 5364, 'Rydha RG', 'done', 'routine', 'Punch and die inspection', NULL, 'Normal wear condition', 'Continue regular monitoring', 'Mr. Kammee', 'Dept Head', NULL, '2025-11-20 17:00:00', '2025-11-20 17:00:00'),
	(31, 16, '2025-09-21', 5574, 'Mr. Manop', 'done', 'overhaul', 'Routine cleaning and inspection', 'Spring set, Guide pins', NULL, 'Schedule overhaul in next PPM', 'Mr. Manop', 'Manager B', NULL, '2025-09-20 17:00:00', '2025-09-20 17:00:00'),
	(32, 17, '2025-11-21', 5825, 'Mr. Kammee', 'done', 'routine', 'Spring replacement and adjustment', 'Spring set, Guide pins', 'All components in good condition', 'Continue regular monitoring', 'Supervisor A', 'Mr. Manop', NULL, '2025-11-20 17:00:00', '2025-11-20 17:00:00'),
	(33, 18, '2026-01-07', 4438, 'Rydha RG', 'done', 'routine', 'Deep cleaning and rust prevention', 'Spring set, Guide pins', NULL, 'Continue regular monitoring', 'Mr. Manop', 'Mr. Manop', NULL, '2026-01-06 17:00:00', '2026-01-06 17:00:00'),
	(34, 19, '2025-12-21', 4374, 'Mr. Manop', 'done', 'routine', 'Routine cleaning and inspection', NULL, 'Spring tension needs adjustment', 'Continue regular monitoring', 'Mr. Manop', 'Manager B', NULL, '2025-12-20 17:00:00', '2025-12-20 17:00:00'),
	(35, 19, '2025-10-21', 5206, 'Budi Santoso', 'done', 'repair', 'Die surface polishing', NULL, 'Minor scratches on die surface', 'Continue regular monitoring', 'Mr. Manop', 'Manager B', NULL, '2025-10-20 17:00:00', '2025-10-20 17:00:00'),
	(36, 20, '2025-12-21', 4402, 'Rydha RG', 'done', 'routine', 'Replaced worn components', NULL, 'Minor alignment issue - corrected', 'Schedule overhaul in next PPM', 'Mr. Kammee', 'Manager B', NULL, '2025-12-20 17:00:00', '2025-12-20 17:00:00'),
	(37, 20, '2025-10-21', 4570, 'Mr. Manop', 'done', 'routine', 'Adjusted alignment and clearance', NULL, NULL, 'Continue regular monitoring', 'Mr. Kammee', 'Mr. Manop', NULL, '2025-10-20 17:00:00', '2025-10-20 17:00:00'),
	(38, 21, '2025-11-21', 5643, 'Mr. Manop', 'done', 'routine', 'Punch and die inspection', 'Spring set, Guide pins', 'Minor alignment issue - corrected', 'Continue regular monitoring', 'Mr. Manop', 'Manager B', NULL, '2025-11-20 17:00:00', '2025-11-20 17:00:00'),
	(39, 21, '2025-09-21', 5087, 'Budi Santoso', 'done', 'repair', 'Deep cleaning and rust prevention', 'Spring set, Guide pins', 'Minor scratches on die surface', 'Continue regular monitoring', 'Mr. Manop', 'Dept Head', NULL, '2025-09-20 17:00:00', '2025-09-20 17:00:00'),
	(40, 21, '2025-07-21', 4601, 'Mr. Manop', 'done', 'routine', 'Full service and lubrication', 'Spring set, Guide pins', 'Minor scratches on die surface', 'Continue regular monitoring', 'Mr. Kammee', 'Dept Head', NULL, '2025-07-20 17:00:00', '2025-07-20 17:00:00'),
	(41, 22, '2025-12-31', 4685, 'Mr. Kammee', 'done', 'routine', 'Full service and lubrication', NULL, 'Minor scratches on die surface', 'Schedule overhaul in next PPM', 'Mr. Kammee', 'Dept Head', NULL, '2025-12-30 17:00:00', '2025-12-30 17:00:00'),
	(42, 23, '2026-01-07', 4904, 'Rydha RG', 'done', 'routine', 'Spring replacement and adjustment', 'Spring set, Guide pins', 'Some rust spots found - treated', 'Continue regular monitoring', 'Mr. Manop', 'Mr. Manop', NULL, '2026-01-06 17:00:00', '2026-01-06 17:00:00'),
	(43, 23, '2025-11-07', 5649, 'Ahmad Yani', 'done', 'routine', 'Full service and lubrication', 'Spring set, Guide pins', 'Punch showing wear - monitoring', 'Continue regular monitoring', 'Mr. Kammee', 'Mr. Manop', NULL, '2025-11-06 17:00:00', '2025-11-06 17:00:00'),
	(44, 24, '2026-01-14', 5744, 'Mr. Kammee', 'done', 'routine', 'Adjusted alignment and clearance', NULL, 'Spring tension needs adjustment', 'Continue regular monitoring', 'Mr. Manop', 'Dept Head', NULL, '2026-01-13 17:00:00', '2026-01-13 17:00:00'),
	(45, 24, '2025-11-14', 4657, 'Mr. Manop', 'done', 'routine', 'Deep cleaning and rust prevention', 'Spring set, Guide pins', 'All components in good condition', 'Continue regular monitoring', 'Mr. Kammee', 'Dept Head', NULL, '2025-11-13 17:00:00', '2025-11-13 17:00:00'),
	(46, 25, '2025-12-21', 4677, 'Mr. Manop', 'done', 'routine', 'Full service and lubrication', 'Spring set, Guide pins', NULL, 'Continue regular monitoring', 'Supervisor A', 'Manager B', NULL, '2025-12-20 17:00:00', '2025-12-20 17:00:00'),
	(47, 21, '2026-01-28', 6800, 'Rydha', 'done', 'routine', 'test', 'test', NULL, NULL, 'kamme', 'mr manop', 1, '2026-01-27 21:41:19', '2026-01-27 21:41:19');

-- Dumping structure for table ppm_dies_monitoring_april.ppm_schedules
CREATE TABLE IF NOT EXISTS `ppm_schedules` (
  `id` bigint(20) unsigned NOT NULL AUTO_INCREMENT,
  `die_id` bigint(20) unsigned NOT NULL,
  `year` int(11) NOT NULL,
  `month` tinyint(4) NOT NULL,
  `week` tinyint(4) NOT NULL,
  `forecast_stroke` int(11) DEFAULT NULL,
  `plan_week` tinyint(4) DEFAULT NULL,
  `is_done` tinyint(1) NOT NULL DEFAULT '0',
  `actual_stroke` int(11) DEFAULT NULL,
  `ppm_date` date DEFAULT NULL,
  `pic` varchar(100) COLLATE utf8mb4_unicode_ci DEFAULT NULL,
  `notes` text COLLATE utf8mb4_unicode_ci,
  `created_at` timestamp NULL DEFAULT NULL,
  `updated_at` timestamp NULL DEFAULT NULL,
  PRIMARY KEY (`id`),
  UNIQUE KEY `ppm_schedules_die_id_year_month_week_unique` (`die_id`,`year`,`month`,`week`),
  CONSTRAINT `ppm_schedules_die_id_foreign` FOREIGN KEY (`die_id`) REFERENCES `dies` (`id`) ON DELETE CASCADE
) ENGINE=InnoDB AUTO_INCREMENT=396 DEFAULT CHARSET=utf8mb4 COLLATE=utf8mb4_unicode_ci;

-- Dumping data for table ppm_dies_monitoring_april.ppm_schedules: ~395 rows (approximately)
INSERT IGNORE INTO `ppm_schedules` (`id`, `die_id`, `year`, `month`, `week`, `forecast_stroke`, `plan_week`, `is_done`, `actual_stroke`, `ppm_date`, `pic`, `notes`, `created_at`, `updated_at`) VALUES
	(1, 1, 2025, 1, 1, 1714, 2, 0, NULL, NULL, NULL, NULL, '2026-01-21 10:41:18', '2026-01-21 10:41:18'),
	(2, 1, 2025, 2, 1, 2060, 1, 0, NULL, NULL, NULL, NULL, '2026-01-21 10:41:18', '2026-01-21 10:41:18'),
	(3, 1, 2025, 3, 1, 1735, 4, 0, NULL, NULL, NULL, NULL, '2026-01-21 10:41:18', '2026-01-21 10:41:18'),
	(4, 1, 2025, 3, 2, 1212, NULL, 0, NULL, NULL, NULL, NULL, '2026-01-21 10:41:18', '2026-01-21 10:41:18'),
	(5, 1, 2025, 4, 1, 853, 3, 1, 5454, '2025-04-06', 'Mr. Manop', NULL, '2026-01-21 10:41:18', '2026-01-21 10:41:18'),
	(6, 1, 2025, 5, 1, 1184, 4, 0, NULL, NULL, NULL, NULL, '2026-01-21 10:41:18', '2026-01-21 10:41:18'),
	(7, 1, 2025, 6, 1, 2472, 1, 1, 5877, '2025-06-05', 'Rydha RG', NULL, '2026-01-21 10:41:18', '2026-01-21 10:41:18'),
	(8, 1, 2025, 7, 1, 1771, NULL, 1, 4998, '2025-07-07', 'Mr. Manop', NULL, '2026-01-21 10:41:18', '2026-01-21 10:41:18'),
	(9, 1, 2025, 8, 1, 1376, NULL, 0, NULL, NULL, NULL, NULL, '2026-01-21 10:41:18', '2026-01-21 10:41:18'),
	(10, 1, 2025, 9, 1, 2039, NULL, 0, NULL, NULL, NULL, NULL, '2026-01-21 10:41:18', '2026-01-21 10:41:18'),
	(11, 1, 2025, 10, 1, 2045, NULL, 1, 5719, '2025-10-07', 'Mr. Kammee', NULL, '2026-01-21 10:41:18', '2026-01-21 10:41:18'),
	(12, 1, 2025, 11, 1, 2267, NULL, 1, 5117, '2025-11-01', 'Rydha RG', NULL, '2026-01-21 10:41:18', '2026-01-21 10:41:18'),
	(13, 1, 2025, 11, 3, 775, NULL, 0, NULL, NULL, NULL, NULL, '2026-01-21 10:41:18', '2026-01-21 10:41:18'),
	(14, 1, 2025, 12, 1, 1634, 1, 1, 5768, '2025-12-02', 'Rydha RG', NULL, '2026-01-21 10:41:18', '2026-01-21 10:41:18'),
	(15, 2, 2025, 1, 1, 2390, 4, 0, NULL, NULL, NULL, NULL, '2026-01-21 10:41:18', '2026-01-21 10:41:18'),
	(16, 2, 2025, 2, 1, 1850, NULL, 0, NULL, NULL, NULL, NULL, '2026-01-21 10:41:18', '2026-01-21 10:41:18'),
	(17, 2, 2025, 3, 1, 872, 3, 1, 5609, '2025-03-05', 'Mr. Manop', NULL, '2026-01-21 10:41:18', '2026-01-21 10:41:18'),
	(18, 2, 2025, 3, 4, 797, NULL, 0, NULL, NULL, NULL, NULL, '2026-01-21 10:41:18', '2026-01-21 10:41:18'),
	(19, 2, 2025, 4, 1, 1371, 4, 0, NULL, NULL, NULL, NULL, '2026-01-21 10:41:18', '2026-01-21 10:41:18'),
	(20, 2, 2025, 4, 4, 673, NULL, 0, NULL, NULL, NULL, NULL, '2026-01-21 10:41:18', '2026-01-21 10:41:18'),
	(21, 2, 2025, 5, 1, 2337, 3, 0, NULL, NULL, NULL, NULL, '2026-01-21 10:41:18', '2026-01-21 10:41:18'),
	(22, 2, 2025, 6, 1, 1479, NULL, 1, 4424, '2025-06-07', 'Mr. Kammee', NULL, '2026-01-21 10:41:18', '2026-01-21 10:41:18'),
	(23, 2, 2025, 6, 4, 870, NULL, 0, NULL, NULL, NULL, NULL, '2026-01-21 10:41:18', '2026-01-21 10:41:18'),
	(24, 2, 2025, 7, 1, 1347, NULL, 1, 5644, '2025-07-02', 'Mr. Manop', NULL, '2026-01-21 10:41:18', '2026-01-21 10:41:18'),
	(25, 2, 2025, 8, 1, 2053, NULL, 1, 5722, '2025-08-05', 'Mr. Manop', NULL, '2026-01-21 10:41:18', '2026-01-21 10:41:18'),
	(26, 2, 2025, 9, 1, 1094, NULL, 0, NULL, NULL, NULL, NULL, '2026-01-21 10:41:18', '2026-01-21 10:41:18'),
	(27, 2, 2025, 9, 2, 1263, NULL, 0, NULL, NULL, NULL, NULL, '2026-01-21 10:41:18', '2026-01-21 10:41:18'),
	(28, 2, 2025, 10, 1, 1718, 3, 0, NULL, NULL, NULL, NULL, '2026-01-21 10:41:18', '2026-01-21 10:41:18'),
	(29, 2, 2025, 11, 1, 866, NULL, 1, 5598, '2025-11-05', 'Rydha RG', NULL, '2026-01-21 10:41:18', '2026-01-21 10:41:18'),
	(30, 2, 2025, 12, 1, 2030, NULL, 1, 5020, '2025-12-06', 'Rydha RG', NULL, '2026-01-21 10:41:18', '2026-01-21 10:41:18'),
	(31, 3, 2025, 1, 1, 1137, NULL, 1, 4115, '2025-01-01', 'Mr. Kammee', NULL, '2026-01-21 10:41:18', '2026-01-21 10:41:18'),
	(32, 3, 2025, 1, 4, 700, NULL, 0, NULL, NULL, NULL, NULL, '2026-01-21 10:41:18', '2026-01-21 10:41:18'),
	(33, 3, 2025, 2, 1, 2210, NULL, 1, 5057, '2025-02-07', 'Mr. Kammee', NULL, '2026-01-21 10:41:18', '2026-01-21 10:41:18'),
	(34, 3, 2025, 3, 1, 2084, NULL, 1, 4938, '2025-03-04', 'Mr. Kammee', NULL, '2026-01-21 10:41:18', '2026-01-21 10:41:18'),
	(35, 3, 2025, 4, 1, 1873, 3, 0, NULL, NULL, NULL, NULL, '2026-01-21 10:41:18', '2026-01-21 10:41:18'),
	(36, 3, 2025, 4, 3, 1447, NULL, 0, NULL, NULL, NULL, NULL, '2026-01-21 10:41:18', '2026-01-21 10:41:18'),
	(37, 3, 2025, 5, 1, 914, NULL, 0, NULL, NULL, NULL, NULL, '2026-01-21 10:41:18', '2026-01-21 10:41:18'),
	(38, 3, 2025, 6, 1, 944, 4, 0, NULL, NULL, NULL, NULL, '2026-01-21 10:41:18', '2026-01-21 10:41:18'),
	(39, 3, 2025, 7, 1, 2096, NULL, 1, 5565, '2025-07-02', 'Mr. Manop', NULL, '2026-01-21 10:41:18', '2026-01-21 10:41:18'),
	(40, 3, 2025, 8, 1, 1586, 3, 0, NULL, NULL, NULL, NULL, '2026-01-21 10:41:18', '2026-01-21 10:41:18'),
	(41, 3, 2025, 9, 1, 1286, 1, 1, 5929, '2025-09-06', 'Rydha RG', NULL, '2026-01-21 10:41:18', '2026-01-21 10:41:18'),
	(42, 3, 2025, 10, 1, 1068, NULL, 1, 4045, '2025-10-07', 'Rydha RG', NULL, '2026-01-21 10:41:18', '2026-01-21 10:41:18'),
	(43, 3, 2025, 11, 1, 999, NULL, 0, NULL, NULL, NULL, NULL, '2026-01-21 10:41:18', '2026-01-21 10:41:18'),
	(44, 3, 2025, 12, 1, 2103, NULL, 0, NULL, NULL, NULL, NULL, '2026-01-21 10:41:18', '2026-01-21 10:41:18'),
	(45, 4, 2025, 1, 1, 1888, 1, 1, 5140, '2025-01-03', 'Mr. Manop', NULL, '2026-01-21 10:41:18', '2026-01-21 10:41:18'),
	(46, 4, 2025, 1, 4, 1106, NULL, 0, NULL, NULL, NULL, NULL, '2026-01-21 10:41:18', '2026-01-21 10:41:18'),
	(47, 4, 2025, 2, 1, 2296, NULL, 0, NULL, NULL, NULL, NULL, '2026-01-21 10:41:18', '2026-01-21 10:41:18'),
	(48, 4, 2025, 3, 1, 2463, 3, 1, 4625, '2025-03-07', 'Mr. Manop', NULL, '2026-01-21 10:41:18', '2026-01-21 10:41:18'),
	(49, 4, 2025, 4, 1, 1868, NULL, 0, NULL, NULL, NULL, NULL, '2026-01-21 10:41:18', '2026-01-21 10:41:18'),
	(50, 4, 2025, 4, 3, 1472, NULL, 0, NULL, NULL, NULL, NULL, '2026-01-21 10:41:18', '2026-01-21 10:41:18'),
	(51, 4, 2025, 5, 1, 2173, NULL, 1, 5150, '2025-05-05', 'Mr. Manop', NULL, '2026-01-21 10:41:18', '2026-01-21 10:41:18'),
	(52, 4, 2025, 5, 4, 1302, NULL, 0, NULL, NULL, NULL, NULL, '2026-01-21 10:41:18', '2026-01-21 10:41:18'),
	(53, 4, 2025, 6, 1, 2276, 4, 1, 4908, '2025-06-03', 'Mr. Manop', NULL, '2026-01-21 10:41:18', '2026-01-21 10:41:18'),
	(54, 4, 2025, 7, 1, 2085, NULL, 0, NULL, NULL, NULL, NULL, '2026-01-21 10:41:18', '2026-01-21 10:41:18'),
	(55, 4, 2025, 7, 2, 1141, NULL, 0, NULL, NULL, NULL, NULL, '2026-01-21 10:41:18', '2026-01-21 10:41:18'),
	(56, 4, 2025, 8, 1, 2172, NULL, 0, NULL, NULL, NULL, NULL, '2026-01-21 10:41:18', '2026-01-21 10:41:18'),
	(57, 4, 2025, 9, 1, 1216, NULL, 0, NULL, NULL, NULL, NULL, '2026-01-21 10:41:18', '2026-01-21 10:41:18'),
	(58, 4, 2025, 10, 1, 1849, NULL, 1, 4282, '2025-10-03', 'Rydha RG', NULL, '2026-01-21 10:41:18', '2026-01-21 10:41:18'),
	(59, 4, 2025, 10, 2, 606, NULL, 0, NULL, NULL, NULL, NULL, '2026-01-21 10:41:18', '2026-01-21 10:41:18'),
	(60, 4, 2025, 11, 1, 856, NULL, 0, NULL, NULL, NULL, NULL, '2026-01-21 10:41:18', '2026-01-21 10:41:18'),
	(61, 4, 2025, 12, 1, 1151, NULL, 1, 5928, '2025-12-06', 'Mr. Manop', NULL, '2026-01-21 10:41:18', '2026-01-21 10:41:18'),
	(62, 5, 2025, 1, 1, 958, 3, 0, NULL, NULL, NULL, NULL, '2026-01-21 10:41:18', '2026-01-21 10:41:18'),
	(63, 5, 2025, 1, 3, 982, NULL, 0, NULL, NULL, NULL, NULL, '2026-01-21 10:41:18', '2026-01-21 10:41:18'),
	(64, 5, 2025, 2, 1, 1967, 3, 0, NULL, NULL, NULL, NULL, '2026-01-21 10:41:18', '2026-01-21 10:41:18'),
	(65, 5, 2025, 3, 1, 1075, NULL, 1, 5728, '2025-03-04', 'Mr. Manop', NULL, '2026-01-21 10:41:18', '2026-01-21 10:41:18'),
	(66, 5, 2025, 4, 1, 1147, NULL, 0, NULL, NULL, NULL, NULL, '2026-01-21 10:41:18', '2026-01-21 10:41:18'),
	(67, 5, 2025, 4, 2, 1209, NULL, 0, NULL, NULL, NULL, NULL, '2026-01-21 10:41:18', '2026-01-21 10:41:18'),
	(68, 5, 2025, 5, 1, 1612, NULL, 0, NULL, NULL, NULL, NULL, '2026-01-21 10:41:18', '2026-01-21 10:41:18'),
	(69, 5, 2025, 6, 1, 1824, NULL, 1, 5486, '2025-06-07', 'Mr. Manop', NULL, '2026-01-21 10:41:18', '2026-01-21 10:41:18'),
	(70, 5, 2025, 7, 1, 1847, 1, 0, NULL, NULL, NULL, NULL, '2026-01-21 10:41:18', '2026-01-21 10:41:18'),
	(71, 5, 2025, 8, 1, 1145, NULL, 0, NULL, NULL, NULL, NULL, '2026-01-21 10:41:18', '2026-01-21 10:41:18'),
	(72, 5, 2025, 9, 1, 1041, NULL, 1, 5755, '2025-09-06', 'Mr. Kammee', NULL, '2026-01-21 10:41:18', '2026-01-21 10:41:18'),
	(73, 5, 2025, 10, 1, 2425, NULL, 0, NULL, NULL, NULL, NULL, '2026-01-21 10:41:18', '2026-01-21 10:41:18'),
	(74, 5, 2025, 10, 3, 1441, NULL, 0, NULL, NULL, NULL, NULL, '2026-01-21 10:41:18', '2026-01-21 10:41:18'),
	(75, 5, 2025, 11, 1, 2127, 3, 0, NULL, NULL, NULL, NULL, '2026-01-21 10:41:18', '2026-01-21 10:41:18'),
	(76, 5, 2025, 11, 4, 1411, NULL, 0, NULL, NULL, NULL, NULL, '2026-01-21 10:41:18', '2026-01-21 10:41:18'),
	(77, 5, 2025, 12, 1, 2328, 2, 1, 5121, '2025-12-07', 'Rydha RG', NULL, '2026-01-21 10:41:18', '2026-01-21 10:41:18'),
	(78, 6, 2025, 1, 1, 1240, NULL, 0, NULL, NULL, NULL, NULL, '2026-01-21 10:41:18', '2026-01-21 10:41:18'),
	(79, 6, 2025, 2, 1, 2161, 4, 0, NULL, NULL, NULL, NULL, '2026-01-21 10:41:18', '2026-01-21 10:41:18'),
	(80, 6, 2025, 2, 2, 1060, NULL, 0, NULL, NULL, NULL, NULL, '2026-01-21 10:41:18', '2026-01-21 10:41:18'),
	(81, 6, 2025, 3, 1, 1783, 1, 0, NULL, NULL, NULL, NULL, '2026-01-21 10:41:18', '2026-01-21 10:41:18'),
	(82, 6, 2025, 4, 1, 2183, NULL, 0, NULL, NULL, NULL, NULL, '2026-01-21 10:41:18', '2026-01-21 10:41:18'),
	(83, 6, 2025, 5, 1, 1994, 2, 1, 4169, '2025-05-06', 'Rydha RG', NULL, '2026-01-21 10:41:18', '2026-01-21 10:41:18'),
	(84, 6, 2025, 6, 1, 2200, NULL, 1, 4569, '2025-06-07', 'Mr. Kammee', NULL, '2026-01-21 10:41:18', '2026-01-21 10:41:18'),
	(85, 6, 2025, 7, 1, 1118, 1, 1, 5372, '2025-07-02', 'Rydha RG', NULL, '2026-01-21 10:41:18', '2026-01-21 10:41:18'),
	(86, 6, 2025, 7, 2, 869, NULL, 0, NULL, NULL, NULL, NULL, '2026-01-21 10:41:18', '2026-01-21 10:41:18'),
	(87, 6, 2025, 8, 1, 1365, NULL, 0, NULL, NULL, NULL, NULL, '2026-01-21 10:41:18', '2026-01-21 10:41:18'),
	(88, 6, 2025, 9, 1, 894, NULL, 1, 5388, '2025-09-01', 'Mr. Kammee', NULL, '2026-01-21 10:41:18', '2026-01-21 10:41:18'),
	(89, 6, 2025, 10, 1, 2375, 1, 1, 5235, '2025-10-07', 'Mr. Kammee', NULL, '2026-01-21 10:41:18', '2026-01-21 10:41:18'),
	(90, 6, 2025, 11, 1, 2061, NULL, 0, NULL, NULL, NULL, NULL, '2026-01-21 10:41:18', '2026-01-21 10:41:18'),
	(91, 6, 2025, 12, 1, 2189, NULL, 0, NULL, NULL, NULL, NULL, '2026-01-21 10:41:18', '2026-01-21 10:41:18'),
	(92, 6, 2025, 12, 3, 1335, NULL, 0, NULL, NULL, NULL, NULL, '2026-01-21 10:41:18', '2026-01-21 10:41:18'),
	(93, 7, 2025, 1, 1, 2221, NULL, 1, 5771, '2025-01-06', 'Mr. Kammee', NULL, '2026-01-21 10:41:18', '2026-01-21 10:41:18'),
	(94, 7, 2025, 2, 1, 821, NULL, 0, NULL, NULL, NULL, NULL, '2026-01-21 10:41:18', '2026-01-21 10:41:18'),
	(95, 7, 2025, 3, 1, 2120, 4, 0, NULL, NULL, NULL, NULL, '2026-01-21 10:41:18', '2026-01-21 10:41:18'),
	(96, 7, 2025, 3, 2, 838, NULL, 0, NULL, NULL, NULL, NULL, '2026-01-21 10:41:18', '2026-01-21 10:41:18'),
	(97, 7, 2025, 4, 1, 865, NULL, 1, 4386, '2025-04-03', 'Rydha RG', NULL, '2026-01-21 10:41:18', '2026-01-21 10:41:18'),
	(98, 7, 2025, 5, 1, 1943, 3, 1, 5002, '2025-05-04', 'Mr. Manop', NULL, '2026-01-21 10:41:18', '2026-01-21 10:41:18'),
	(99, 7, 2025, 5, 4, 546, NULL, 0, NULL, NULL, NULL, NULL, '2026-01-21 10:41:18', '2026-01-21 10:41:18'),
	(100, 7, 2025, 6, 1, 1456, NULL, 1, 5499, '2025-06-01', 'Mr. Kammee', NULL, '2026-01-21 10:41:18', '2026-01-21 10:41:18'),
	(101, 7, 2025, 7, 1, 842, NULL, 0, NULL, NULL, NULL, NULL, '2026-01-21 10:41:18', '2026-01-21 10:41:18'),
	(102, 7, 2025, 8, 1, 959, NULL, 1, 4836, '2025-08-07', 'Rydha RG', NULL, '2026-01-21 10:41:18', '2026-01-21 10:41:18'),
	(103, 7, 2025, 9, 1, 1467, NULL, 1, 5355, '2025-09-06', 'Rydha RG', NULL, '2026-01-21 10:41:18', '2026-01-21 10:41:18'),
	(104, 7, 2025, 9, 2, 1077, NULL, 0, NULL, NULL, NULL, NULL, '2026-01-21 10:41:18', '2026-01-21 10:41:18'),
	(105, 7, 2025, 10, 1, 1457, NULL, 1, 4131, '2025-10-06', 'Rydha RG', NULL, '2026-01-21 10:41:18', '2026-01-21 10:41:18'),
	(106, 7, 2025, 11, 1, 1913, NULL, 0, NULL, NULL, NULL, NULL, '2026-01-21 10:41:18', '2026-01-21 10:41:18'),
	(107, 7, 2025, 12, 1, 1772, NULL, 0, NULL, NULL, NULL, NULL, '2026-01-21 10:41:18', '2026-01-21 10:41:18'),
	(108, 7, 2025, 12, 2, 954, NULL, 0, NULL, NULL, NULL, NULL, '2026-01-21 10:41:18', '2026-01-21 10:41:18'),
	(109, 8, 2025, 1, 1, 1994, NULL, 0, NULL, NULL, NULL, NULL, '2026-01-21 10:41:18', '2026-01-21 10:41:18'),
	(110, 8, 2025, 2, 1, 1225, NULL, 1, 4666, '2025-02-04', 'Mr. Kammee', NULL, '2026-01-21 10:41:18', '2026-01-21 10:41:18'),
	(111, 8, 2025, 2, 3, 1196, NULL, 0, NULL, NULL, NULL, NULL, '2026-01-21 10:41:18', '2026-01-21 10:41:18'),
	(112, 8, 2025, 3, 1, 1060, 2, 1, 5082, '2025-03-04', 'Mr. Kammee', NULL, '2026-01-21 10:41:18', '2026-01-21 10:41:18'),
	(113, 8, 2025, 4, 1, 1236, NULL, 0, NULL, NULL, NULL, NULL, '2026-01-21 10:41:18', '2026-01-21 10:41:18'),
	(114, 8, 2025, 5, 1, 2201, NULL, 0, NULL, NULL, NULL, NULL, '2026-01-21 10:41:18', '2026-01-21 10:41:18'),
	(115, 8, 2025, 6, 1, 2493, 4, 1, 4425, '2025-06-04', 'Mr. Manop', NULL, '2026-01-21 10:41:18', '2026-01-21 10:41:18'),
	(116, 8, 2025, 7, 1, 936, NULL, 1, 4082, '2025-07-03', 'Mr. Kammee', NULL, '2026-01-21 10:41:18', '2026-01-21 10:41:18'),
	(117, 8, 2025, 7, 3, 1273, NULL, 0, NULL, NULL, NULL, NULL, '2026-01-21 10:41:18', '2026-01-21 10:41:18'),
	(118, 8, 2025, 8, 1, 1935, NULL, 1, 4365, '2025-08-02', 'Rydha RG', NULL, '2026-01-21 10:41:18', '2026-01-21 10:41:18'),
	(119, 8, 2025, 9, 1, 1836, 2, 0, NULL, NULL, NULL, NULL, '2026-01-21 10:41:18', '2026-01-21 10:41:18'),
	(120, 8, 2025, 9, 4, 1448, NULL, 0, NULL, NULL, NULL, NULL, '2026-01-21 10:41:18', '2026-01-21 10:41:18'),
	(121, 8, 2025, 10, 1, 2277, NULL, 0, NULL, NULL, NULL, NULL, '2026-01-21 10:41:18', '2026-01-21 10:41:18'),
	(122, 8, 2025, 10, 4, 1469, NULL, 0, NULL, NULL, NULL, NULL, '2026-01-21 10:41:18', '2026-01-21 10:41:18'),
	(123, 8, 2025, 11, 1, 928, NULL, 0, NULL, NULL, NULL, NULL, '2026-01-21 10:41:18', '2026-01-21 10:41:18'),
	(124, 8, 2025, 12, 1, 1861, NULL, 0, NULL, NULL, NULL, NULL, '2026-01-21 10:41:18', '2026-01-21 10:41:18'),
	(125, 9, 2025, 1, 1, 2384, 4, 0, NULL, NULL, NULL, NULL, '2026-01-21 10:41:18', '2026-01-21 10:41:18'),
	(126, 9, 2025, 2, 1, 875, 4, 0, NULL, NULL, NULL, NULL, '2026-01-21 10:41:18', '2026-01-21 10:41:18'),
	(127, 9, 2025, 3, 1, 944, NULL, 0, NULL, NULL, NULL, NULL, '2026-01-21 10:41:18', '2026-01-21 10:41:18'),
	(128, 9, 2025, 4, 1, 2495, NULL, 1, 4036, '2025-04-03', 'Rydha RG', NULL, '2026-01-21 10:41:18', '2026-01-21 10:41:18'),
	(129, 9, 2025, 5, 1, 2300, 3, 0, NULL, NULL, NULL, NULL, '2026-01-21 10:41:18', '2026-01-21 10:41:18'),
	(130, 9, 2025, 6, 1, 2128, 4, 0, NULL, NULL, NULL, NULL, '2026-01-21 10:41:18', '2026-01-21 10:41:18'),
	(131, 9, 2025, 6, 4, 1318, NULL, 0, NULL, NULL, NULL, NULL, '2026-01-21 10:41:18', '2026-01-21 10:41:18'),
	(132, 9, 2025, 7, 1, 1015, NULL, 1, 4215, '2025-07-05', 'Mr. Manop', NULL, '2026-01-21 10:41:18', '2026-01-21 10:41:18'),
	(133, 9, 2025, 7, 2, 1199, NULL, 0, NULL, NULL, NULL, NULL, '2026-01-21 10:41:18', '2026-01-21 10:41:18'),
	(134, 9, 2025, 8, 1, 1102, NULL, 1, 4217, '2025-08-01', 'Mr. Manop', NULL, '2026-01-21 10:41:18', '2026-01-21 10:41:18'),
	(135, 9, 2025, 9, 1, 1260, 1, 0, NULL, NULL, NULL, NULL, '2026-01-21 10:41:18', '2026-01-21 10:41:18'),
	(136, 9, 2025, 10, 1, 2365, 2, 0, NULL, NULL, NULL, NULL, '2026-01-21 10:41:18', '2026-01-21 10:41:18'),
	(137, 9, 2025, 10, 2, 1422, NULL, 0, NULL, NULL, NULL, NULL, '2026-01-21 10:41:18', '2026-01-21 10:41:18'),
	(138, 9, 2025, 11, 1, 1998, 2, 0, NULL, NULL, NULL, NULL, '2026-01-21 10:41:18', '2026-01-21 10:41:18'),
	(139, 9, 2025, 12, 1, 1972, NULL, 0, NULL, NULL, NULL, NULL, '2026-01-21 10:41:18', '2026-01-21 10:41:18'),
	(140, 10, 2025, 1, 1, 1641, NULL, 0, NULL, NULL, NULL, NULL, '2026-01-21 10:41:18', '2026-01-21 10:41:18'),
	(141, 10, 2025, 2, 1, 2078, NULL, 1, 5764, '2025-02-06', 'Mr. Manop', NULL, '2026-01-21 10:41:18', '2026-01-21 10:41:18'),
	(142, 10, 2025, 3, 1, 2497, NULL, 0, NULL, NULL, NULL, NULL, '2026-01-21 10:41:18', '2026-01-21 10:41:18'),
	(143, 10, 2025, 3, 2, 537, NULL, 0, NULL, NULL, NULL, NULL, '2026-01-21 10:41:18', '2026-01-21 10:41:18'),
	(144, 10, 2025, 4, 1, 1573, NULL, 1, 4848, '2025-04-05', 'Mr. Kammee', NULL, '2026-01-21 10:41:18', '2026-01-21 10:41:18'),
	(145, 10, 2025, 5, 1, 958, NULL, 1, 4009, '2025-05-06', 'Rydha RG', NULL, '2026-01-21 10:41:18', '2026-01-21 10:41:18'),
	(146, 10, 2025, 5, 3, 749, NULL, 0, NULL, NULL, NULL, NULL, '2026-01-21 10:41:18', '2026-01-21 10:41:18'),
	(147, 10, 2025, 6, 1, 1038, NULL, 1, 5179, '2025-06-07', 'Mr. Kammee', NULL, '2026-01-21 10:41:18', '2026-01-21 10:41:18'),
	(148, 10, 2025, 6, 4, 1204, NULL, 0, NULL, NULL, NULL, NULL, '2026-01-21 10:41:18', '2026-01-21 10:41:18'),
	(149, 10, 2025, 7, 1, 2017, 2, 1, 4166, '2025-07-07', 'Rydha RG', NULL, '2026-01-21 10:41:18', '2026-01-21 10:41:18'),
	(150, 10, 2025, 8, 1, 816, NULL, 1, 5589, '2025-08-03', 'Rydha RG', NULL, '2026-01-21 10:41:18', '2026-01-21 10:41:18'),
	(151, 10, 2025, 9, 1, 1660, 2, 1, 4647, '2025-09-02', 'Mr. Manop', NULL, '2026-01-21 10:41:18', '2026-01-21 10:41:18'),
	(152, 10, 2025, 10, 1, 1391, NULL, 1, 4096, '2025-10-01', 'Mr. Manop', NULL, '2026-01-21 10:41:18', '2026-01-21 10:41:18'),
	(153, 10, 2025, 11, 1, 2023, NULL, 1, 4063, '2025-11-05', 'Mr. Kammee', NULL, '2026-01-21 10:41:18', '2026-01-21 10:41:18'),
	(154, 10, 2025, 12, 1, 1466, 1, 0, NULL, NULL, NULL, NULL, '2026-01-21 10:41:18', '2026-01-21 10:41:18'),
	(155, 10, 2025, 12, 2, 1065, NULL, 0, NULL, NULL, NULL, NULL, '2026-01-21 10:41:18', '2026-01-21 10:41:18'),
	(156, 11, 2025, 1, 1, 836, NULL, 1, 5381, '2025-01-05', 'Rydha RG', NULL, '2026-01-21 10:41:18', '2026-01-21 10:41:18'),
	(157, 11, 2025, 1, 2, 1070, NULL, 0, NULL, NULL, NULL, NULL, '2026-01-21 10:41:18', '2026-01-21 10:41:18'),
	(158, 11, 2025, 2, 1, 1173, 2, 1, 4219, '2025-02-01', 'Mr. Manop', NULL, '2026-01-21 10:41:18', '2026-01-21 10:41:18'),
	(159, 11, 2025, 3, 1, 2424, NULL, 1, 5830, '2025-03-04', 'Mr. Manop', NULL, '2026-01-21 10:41:18', '2026-01-21 10:41:18'),
	(160, 11, 2025, 4, 1, 1191, 2, 1, 5603, '2025-04-06', 'Rydha RG', NULL, '2026-01-21 10:41:18', '2026-01-21 10:41:18'),
	(161, 11, 2025, 4, 3, 1168, NULL, 0, NULL, NULL, NULL, NULL, '2026-01-21 10:41:18', '2026-01-21 10:41:18'),
	(162, 11, 2025, 5, 1, 2424, NULL, 0, NULL, NULL, NULL, NULL, '2026-01-21 10:41:18', '2026-01-21 10:41:18'),
	(163, 11, 2025, 5, 2, 1499, NULL, 0, NULL, NULL, NULL, NULL, '2026-01-21 10:41:18', '2026-01-21 10:41:18'),
	(164, 11, 2025, 6, 1, 1969, NULL, 0, NULL, NULL, NULL, NULL, '2026-01-21 10:41:18', '2026-01-21 10:41:18'),
	(165, 11, 2025, 7, 1, 1689, NULL, 0, NULL, NULL, NULL, NULL, '2026-01-21 10:41:18', '2026-01-21 10:41:18'),
	(166, 11, 2025, 8, 1, 1509, 4, 1, 4203, '2025-08-06', 'Rydha RG', NULL, '2026-01-21 10:41:18', '2026-01-21 10:41:18'),
	(167, 11, 2025, 9, 1, 2159, NULL, 0, NULL, NULL, NULL, NULL, '2026-01-21 10:41:18', '2026-01-21 10:41:18'),
	(168, 11, 2025, 9, 4, 849, NULL, 0, NULL, NULL, NULL, NULL, '2026-01-21 10:41:18', '2026-01-21 10:41:18'),
	(169, 11, 2025, 10, 1, 957, NULL, 1, 4915, '2025-10-01', 'Mr. Kammee', NULL, '2026-01-21 10:41:18', '2026-01-21 10:41:18'),
	(170, 11, 2025, 10, 4, 1058, NULL, 0, NULL, NULL, NULL, NULL, '2026-01-21 10:41:18', '2026-01-21 10:41:18'),
	(171, 11, 2025, 11, 1, 1460, NULL, 1, 5934, '2025-11-02', 'Mr. Kammee', NULL, '2026-01-21 10:41:18', '2026-01-21 10:41:18'),
	(172, 11, 2025, 11, 3, 524, NULL, 0, NULL, NULL, NULL, NULL, '2026-01-21 10:41:18', '2026-01-21 10:41:18'),
	(173, 11, 2025, 12, 1, 1974, 3, 0, NULL, NULL, NULL, NULL, '2026-01-21 10:41:18', '2026-01-21 10:41:18'),
	(174, 12, 2025, 1, 1, 1402, NULL, 0, NULL, NULL, NULL, NULL, '2026-01-21 10:41:18', '2026-01-21 10:41:18'),
	(175, 12, 2025, 2, 1, 1936, NULL, 1, 4972, '2025-02-05', 'Mr. Manop', NULL, '2026-01-21 10:41:18', '2026-01-21 10:41:18'),
	(176, 12, 2025, 3, 1, 1189, 2, 1, 5323, '2025-03-02', 'Rydha RG', NULL, '2026-01-21 10:41:18', '2026-01-21 10:41:18'),
	(177, 12, 2025, 4, 1, 1158, 1, 1, 4956, '2025-04-03', 'Mr. Manop', NULL, '2026-01-21 10:41:18', '2026-01-21 10:41:18'),
	(178, 12, 2025, 5, 1, 913, 1, 1, 5304, '2025-05-06', 'Mr. Manop', NULL, '2026-01-21 10:41:18', '2026-01-21 10:41:18'),
	(179, 12, 2025, 5, 4, 895, NULL, 0, NULL, NULL, NULL, NULL, '2026-01-21 10:41:18', '2026-01-21 10:41:18'),
	(180, 12, 2025, 6, 1, 2423, 3, 1, 5900, '2025-06-01', 'Mr. Kammee', NULL, '2026-01-21 10:41:18', '2026-01-21 10:41:18'),
	(181, 12, 2025, 7, 1, 2441, NULL, 0, NULL, NULL, NULL, NULL, '2026-01-21 10:41:18', '2026-01-21 10:41:18'),
	(182, 12, 2025, 7, 3, 776, NULL, 0, NULL, NULL, NULL, NULL, '2026-01-21 10:41:18', '2026-01-21 10:41:18'),
	(183, 12, 2025, 8, 1, 1358, NULL, 1, 4445, '2025-08-07', 'Rydha RG', NULL, '2026-01-21 10:41:18', '2026-01-21 10:41:18'),
	(184, 12, 2025, 8, 4, 650, NULL, 0, NULL, NULL, NULL, NULL, '2026-01-21 10:41:18', '2026-01-21 10:41:18'),
	(185, 12, 2025, 9, 1, 1069, NULL, 0, NULL, NULL, NULL, NULL, '2026-01-21 10:41:18', '2026-01-21 10:41:18'),
	(186, 12, 2025, 10, 1, 1210, 3, 0, NULL, NULL, NULL, NULL, '2026-01-21 10:41:18', '2026-01-21 10:41:18'),
	(187, 12, 2025, 11, 1, 2362, NULL, 0, NULL, NULL, NULL, NULL, '2026-01-21 10:41:18', '2026-01-21 10:41:18'),
	(188, 12, 2025, 12, 1, 1657, NULL, 1, 5637, '2025-12-05', 'Mr. Manop', NULL, '2026-01-21 10:41:18', '2026-01-21 10:41:18'),
	(189, 13, 2025, 1, 1, 1411, NULL, 0, NULL, NULL, NULL, NULL, '2026-01-21 10:41:18', '2026-01-21 10:41:18'),
	(190, 13, 2025, 1, 3, 1418, NULL, 0, NULL, NULL, NULL, NULL, '2026-01-21 10:41:18', '2026-01-21 10:41:18'),
	(191, 13, 2025, 2, 1, 1702, 2, 1, 5190, '2025-02-02', 'Rydha RG', NULL, '2026-01-21 10:41:18', '2026-01-21 10:41:18'),
	(192, 13, 2025, 3, 1, 1182, NULL, 0, NULL, NULL, NULL, NULL, '2026-01-21 10:41:18', '2026-01-21 10:41:18'),
	(193, 13, 2025, 4, 1, 1185, 3, 1, 4268, '2025-04-05', 'Rydha RG', NULL, '2026-01-21 10:41:18', '2026-01-21 10:41:18'),
	(194, 13, 2025, 5, 1, 856, NULL, 1, 4096, '2025-05-05', 'Mr. Manop', NULL, '2026-01-21 10:41:18', '2026-01-21 10:41:18'),
	(195, 13, 2025, 6, 1, 2124, NULL, 1, 4453, '2025-06-01', 'Mr. Manop', NULL, '2026-01-21 10:41:18', '2026-01-21 10:41:18'),
	(196, 13, 2025, 7, 1, 1940, NULL, 0, NULL, NULL, NULL, NULL, '2026-01-21 10:41:18', '2026-01-21 10:41:18'),
	(197, 13, 2025, 8, 1, 1441, NULL, 0, NULL, NULL, NULL, NULL, '2026-01-21 10:41:18', '2026-01-21 10:41:18'),
	(198, 13, 2025, 9, 1, 1554, 1, 1, 5223, '2025-09-02', 'Mr. Manop', NULL, '2026-01-21 10:41:18', '2026-01-21 10:41:18'),
	(199, 13, 2025, 9, 3, 1378, NULL, 0, NULL, NULL, NULL, NULL, '2026-01-21 10:41:18', '2026-01-21 10:41:18'),
	(200, 13, 2025, 10, 1, 1121, NULL, 1, 5445, '2025-10-01', 'Mr. Manop', NULL, '2026-01-21 10:41:18', '2026-01-21 10:41:18'),
	(201, 13, 2025, 11, 1, 2066, 4, 0, NULL, NULL, NULL, NULL, '2026-01-21 10:41:18', '2026-01-21 10:41:18'),
	(202, 13, 2025, 11, 2, 846, NULL, 0, NULL, NULL, NULL, NULL, '2026-01-21 10:41:18', '2026-01-21 10:41:18'),
	(203, 13, 2025, 12, 1, 1717, NULL, 0, NULL, NULL, NULL, NULL, '2026-01-21 10:41:18', '2026-01-21 10:41:18'),
	(204, 13, 2025, 12, 2, 1432, NULL, 0, NULL, NULL, NULL, NULL, '2026-01-21 10:41:18', '2026-01-21 10:41:18'),
	(205, 14, 2025, 1, 1, 1138, NULL, 1, 5659, '2025-01-04', 'Mr. Manop', NULL, '2026-01-21 10:41:18', '2026-01-21 10:41:18'),
	(206, 14, 2025, 2, 1, 1836, NULL, 0, NULL, NULL, NULL, NULL, '2026-01-21 10:41:18', '2026-01-21 10:41:18'),
	(207, 14, 2025, 2, 4, 1170, NULL, 0, NULL, NULL, NULL, NULL, '2026-01-21 10:41:18', '2026-01-21 10:41:18'),
	(208, 14, 2025, 3, 1, 1208, 4, 0, NULL, NULL, NULL, NULL, '2026-01-21 10:41:18', '2026-01-21 10:41:18'),
	(209, 14, 2025, 3, 3, 754, NULL, 0, NULL, NULL, NULL, NULL, '2026-01-21 10:41:18', '2026-01-21 10:41:18'),
	(210, 14, 2025, 4, 1, 1859, 4, 1, 5347, '2025-04-01', 'Mr. Manop', NULL, '2026-01-21 10:41:18', '2026-01-21 10:41:18'),
	(211, 14, 2025, 5, 1, 1534, NULL, 1, 4899, '2025-05-05', 'Rydha RG', NULL, '2026-01-21 10:41:18', '2026-01-21 10:41:18'),
	(212, 14, 2025, 5, 4, 703, NULL, 0, NULL, NULL, NULL, NULL, '2026-01-21 10:41:18', '2026-01-21 10:41:18'),
	(213, 14, 2025, 6, 1, 1681, NULL, 1, 5773, '2025-06-07', 'Mr. Kammee', NULL, '2026-01-21 10:41:18', '2026-01-21 10:41:18'),
	(214, 14, 2025, 6, 4, 724, NULL, 0, NULL, NULL, NULL, NULL, '2026-01-21 10:41:18', '2026-01-21 10:41:18'),
	(215, 14, 2025, 7, 1, 2024, NULL, 0, NULL, NULL, NULL, NULL, '2026-01-21 10:41:18', '2026-01-21 10:41:18'),
	(216, 14, 2025, 8, 1, 1599, NULL, 0, NULL, NULL, NULL, NULL, '2026-01-21 10:41:18', '2026-01-21 10:41:18'),
	(217, 14, 2025, 9, 1, 963, 4, 0, NULL, NULL, NULL, NULL, '2026-01-21 10:41:18', '2026-01-21 10:41:18'),
	(218, 14, 2025, 10, 1, 2051, NULL, 0, NULL, NULL, NULL, NULL, '2026-01-21 10:41:18', '2026-01-21 10:41:18'),
	(219, 14, 2025, 11, 1, 1994, 3, 0, NULL, NULL, NULL, NULL, '2026-01-21 10:41:18', '2026-01-21 10:41:18'),
	(220, 14, 2025, 12, 1, 1120, NULL, 0, NULL, NULL, NULL, NULL, '2026-01-21 10:41:18', '2026-01-21 10:41:18'),
	(221, 14, 2025, 12, 2, 1070, NULL, 0, NULL, NULL, NULL, NULL, '2026-01-21 10:41:18', '2026-01-21 10:41:18'),
	(222, 15, 2025, 1, 1, 844, 2, 0, NULL, NULL, NULL, NULL, '2026-01-21 10:41:18', '2026-01-21 10:41:18'),
	(223, 15, 2025, 1, 3, 1152, NULL, 0, NULL, NULL, NULL, NULL, '2026-01-21 10:41:18', '2026-01-21 10:41:18'),
	(224, 15, 2025, 2, 1, 1688, 3, 1, 5473, '2025-02-03', 'Mr. Manop', NULL, '2026-01-21 10:41:18', '2026-01-21 10:41:18'),
	(225, 15, 2025, 3, 1, 1715, NULL, 1, 4165, '2025-03-05', 'Mr. Kammee', NULL, '2026-01-21 10:41:18', '2026-01-21 10:41:18'),
	(226, 15, 2025, 4, 1, 1970, NULL, 0, NULL, NULL, NULL, NULL, '2026-01-21 10:41:18', '2026-01-21 10:41:18'),
	(227, 15, 2025, 4, 4, 1198, NULL, 0, NULL, NULL, NULL, NULL, '2026-01-21 10:41:18', '2026-01-21 10:41:18'),
	(228, 15, 2025, 5, 1, 1974, NULL, 1, 4262, '2025-05-03', 'Mr. Manop', NULL, '2026-01-21 10:41:18', '2026-01-21 10:41:18'),
	(229, 15, 2025, 5, 2, 569, NULL, 0, NULL, NULL, NULL, NULL, '2026-01-21 10:41:18', '2026-01-21 10:41:18'),
	(230, 15, 2025, 6, 1, 1544, 1, 0, NULL, NULL, NULL, NULL, '2026-01-21 10:41:18', '2026-01-21 10:41:18'),
	(231, 15, 2025, 7, 1, 1175, NULL, 0, NULL, NULL, NULL, NULL, '2026-01-21 10:41:18', '2026-01-21 10:41:18'),
	(232, 15, 2025, 8, 1, 1588, 2, 0, NULL, NULL, NULL, NULL, '2026-01-21 10:41:18', '2026-01-21 10:41:18'),
	(233, 15, 2025, 8, 4, 1078, NULL, 0, NULL, NULL, NULL, NULL, '2026-01-21 10:41:18', '2026-01-21 10:41:18'),
	(234, 15, 2025, 9, 1, 1518, 2, 1, 5646, '2025-09-07', 'Mr. Kammee', NULL, '2026-01-21 10:41:18', '2026-01-21 10:41:18'),
	(235, 15, 2025, 10, 1, 1370, NULL, 0, NULL, NULL, NULL, NULL, '2026-01-21 10:41:18', '2026-01-21 10:41:18'),
	(236, 15, 2025, 11, 1, 952, 3, 1, 4071, '2025-11-03', 'Rydha RG', NULL, '2026-01-21 10:41:18', '2026-01-21 10:41:18'),
	(237, 15, 2025, 11, 2, 1092, NULL, 0, NULL, NULL, NULL, NULL, '2026-01-21 10:41:18', '2026-01-21 10:41:18'),
	(238, 15, 2025, 12, 1, 1037, 1, 0, NULL, NULL, NULL, NULL, '2026-01-21 10:41:18', '2026-01-21 10:41:18'),
	(239, 16, 2025, 1, 1, 1950, 4, 0, NULL, NULL, NULL, NULL, '2026-01-21 10:41:18', '2026-01-21 10:41:18'),
	(240, 16, 2025, 2, 1, 1942, 1, 0, NULL, NULL, NULL, NULL, '2026-01-21 10:41:18', '2026-01-21 10:41:18'),
	(241, 16, 2025, 2, 4, 896, NULL, 0, NULL, NULL, NULL, NULL, '2026-01-21 10:41:18', '2026-01-21 10:41:18'),
	(242, 16, 2025, 3, 1, 963, 4, 0, NULL, NULL, NULL, NULL, '2026-01-21 10:41:18', '2026-01-21 10:41:18'),
	(243, 16, 2025, 3, 3, 561, NULL, 0, NULL, NULL, NULL, NULL, '2026-01-21 10:41:18', '2026-01-21 10:41:18'),
	(244, 16, 2025, 4, 1, 1483, NULL, 0, NULL, NULL, NULL, NULL, '2026-01-21 10:41:18', '2026-01-21 10:41:18'),
	(245, 16, 2025, 5, 1, 2379, NULL, 1, 5369, '2025-05-02', 'Mr. Kammee', NULL, '2026-01-21 10:41:18', '2026-01-21 10:41:18'),
	(246, 16, 2025, 5, 2, 1155, NULL, 0, NULL, NULL, NULL, NULL, '2026-01-21 10:41:18', '2026-01-21 10:41:18'),
	(247, 16, 2025, 6, 1, 2355, NULL, 1, 5678, '2025-06-06', 'Rydha RG', NULL, '2026-01-21 10:41:18', '2026-01-21 10:41:18'),
	(248, 16, 2025, 7, 1, 2128, 2, 1, 5583, '2025-07-02', 'Mr. Kammee', NULL, '2026-01-21 10:41:18', '2026-01-21 10:41:18'),
	(249, 16, 2025, 8, 1, 1434, 1, 0, NULL, NULL, NULL, NULL, '2026-01-21 10:41:18', '2026-01-21 10:41:18'),
	(250, 16, 2025, 8, 4, 871, NULL, 0, NULL, NULL, NULL, NULL, '2026-01-21 10:41:18', '2026-01-21 10:41:18'),
	(251, 16, 2025, 9, 1, 2289, 3, 0, NULL, NULL, NULL, NULL, '2026-01-21 10:41:18', '2026-01-21 10:41:18'),
	(252, 16, 2025, 10, 1, 1251, NULL, 1, 4405, '2025-10-05', 'Rydha RG', NULL, '2026-01-21 10:41:18', '2026-01-21 10:41:18'),
	(253, 16, 2025, 11, 1, 1752, NULL, 1, 4479, '2025-11-07', 'Mr. Manop', NULL, '2026-01-21 10:41:18', '2026-01-21 10:41:18'),
	(254, 16, 2025, 11, 3, 1221, NULL, 0, NULL, NULL, NULL, NULL, '2026-01-21 10:41:18', '2026-01-21 10:41:18'),
	(255, 16, 2025, 12, 1, 1215, 2, 0, NULL, NULL, NULL, NULL, '2026-01-21 10:41:18', '2026-01-21 10:41:18'),
	(256, 16, 2025, 12, 2, 824, NULL, 0, NULL, NULL, NULL, NULL, '2026-01-21 10:41:18', '2026-01-21 10:41:18'),
	(257, 17, 2025, 1, 1, 2031, NULL, 0, NULL, NULL, NULL, NULL, '2026-01-21 10:41:18', '2026-01-21 10:41:18'),
	(258, 17, 2025, 2, 1, 1656, NULL, 0, NULL, NULL, NULL, NULL, '2026-01-21 10:41:18', '2026-01-21 10:41:18'),
	(259, 17, 2025, 2, 3, 901, NULL, 0, NULL, NULL, NULL, NULL, '2026-01-21 10:41:18', '2026-01-21 10:41:18'),
	(260, 17, 2025, 3, 1, 1152, 4, 0, NULL, NULL, NULL, NULL, '2026-01-21 10:41:18', '2026-01-21 10:41:18'),
	(261, 17, 2025, 3, 3, 947, NULL, 0, NULL, NULL, NULL, NULL, '2026-01-21 10:41:18', '2026-01-21 10:41:18'),
	(262, 17, 2025, 4, 1, 1647, NULL, 0, NULL, NULL, NULL, NULL, '2026-01-21 10:41:18', '2026-01-21 10:41:18'),
	(263, 17, 2025, 5, 1, 2420, NULL, 0, NULL, NULL, NULL, NULL, '2026-01-21 10:41:18', '2026-01-21 10:41:18'),
	(264, 17, 2025, 5, 4, 798, NULL, 0, NULL, NULL, NULL, NULL, '2026-01-21 10:41:18', '2026-01-21 10:41:18'),
	(265, 17, 2025, 6, 1, 1564, NULL, 0, NULL, NULL, NULL, NULL, '2026-01-21 10:41:18', '2026-01-21 10:41:18'),
	(266, 17, 2025, 7, 1, 1817, NULL, 1, 5382, '2025-07-06', 'Mr. Kammee', NULL, '2026-01-21 10:41:18', '2026-01-21 10:41:18'),
	(267, 17, 2025, 8, 1, 1902, NULL, 0, NULL, NULL, NULL, NULL, '2026-01-21 10:41:18', '2026-01-21 10:41:18'),
	(268, 17, 2025, 9, 1, 2385, NULL, 0, NULL, NULL, NULL, NULL, '2026-01-21 10:41:18', '2026-01-21 10:41:18'),
	(269, 17, 2025, 9, 2, 891, NULL, 0, NULL, NULL, NULL, NULL, '2026-01-21 10:41:18', '2026-01-21 10:41:18'),
	(270, 17, 2025, 10, 1, 867, NULL, 1, 5862, '2025-10-03', 'Rydha RG', NULL, '2026-01-21 10:41:18', '2026-01-21 10:41:18'),
	(271, 17, 2025, 11, 1, 984, NULL, 0, NULL, NULL, NULL, NULL, '2026-01-21 10:41:18', '2026-01-21 10:41:18'),
	(272, 17, 2025, 11, 3, 507, NULL, 0, NULL, NULL, NULL, NULL, '2026-01-21 10:41:18', '2026-01-21 10:41:18'),
	(273, 17, 2025, 12, 1, 2480, NULL, 0, NULL, NULL, NULL, NULL, '2026-01-21 10:41:18', '2026-01-21 10:41:18'),
	(274, 18, 2025, 1, 1, 1556, NULL, 1, 4663, '2025-01-04', 'Rydha RG', NULL, '2026-01-21 10:41:18', '2026-01-21 10:41:18'),
	(275, 18, 2025, 1, 4, 617, NULL, 0, NULL, NULL, NULL, NULL, '2026-01-21 10:41:18', '2026-01-21 10:41:18'),
	(276, 18, 2025, 2, 1, 1467, 4, 1, 4240, '2025-02-01', 'Rydha RG', NULL, '2026-01-21 10:41:18', '2026-01-21 10:41:18'),
	(277, 18, 2025, 2, 2, 650, NULL, 0, NULL, NULL, NULL, NULL, '2026-01-21 10:41:18', '2026-01-21 10:41:18'),
	(278, 18, 2025, 3, 1, 1527, NULL, 1, 4458, '2025-03-04', 'Mr. Kammee', NULL, '2026-01-21 10:41:18', '2026-01-21 10:41:18'),
	(279, 18, 2025, 4, 1, 2361, 3, 0, NULL, NULL, NULL, NULL, '2026-01-21 10:41:18', '2026-01-21 10:41:18'),
	(280, 18, 2025, 5, 1, 1553, 2, 0, NULL, NULL, NULL, NULL, '2026-01-21 10:41:18', '2026-01-21 10:41:18'),
	(281, 18, 2025, 6, 1, 2277, NULL, 0, NULL, NULL, NULL, NULL, '2026-01-21 10:41:18', '2026-01-21 10:41:18'),
	(282, 18, 2025, 7, 1, 2281, 4, 0, NULL, NULL, NULL, NULL, '2026-01-21 10:41:18', '2026-01-21 10:41:18'),
	(283, 18, 2025, 8, 1, 1831, 1, 1, 5264, '2025-08-05', 'Rydha RG', NULL, '2026-01-21 10:41:18', '2026-01-21 10:41:18'),
	(284, 18, 2025, 9, 1, 1712, 3, 0, NULL, NULL, NULL, NULL, '2026-01-21 10:41:18', '2026-01-21 10:41:18'),
	(285, 18, 2025, 9, 4, 814, NULL, 0, NULL, NULL, NULL, NULL, '2026-01-21 10:41:18', '2026-01-21 10:41:18'),
	(286, 18, 2025, 10, 1, 1229, 1, 0, NULL, NULL, NULL, NULL, '2026-01-21 10:41:18', '2026-01-21 10:41:18'),
	(287, 18, 2025, 11, 1, 1055, 2, 1, 4162, '2025-11-03', 'Mr. Kammee', NULL, '2026-01-21 10:41:18', '2026-01-21 10:41:18'),
	(288, 18, 2025, 12, 1, 1841, NULL, 0, NULL, NULL, NULL, NULL, '2026-01-21 10:41:18', '2026-01-21 10:41:18'),
	(289, 18, 2025, 12, 3, 1145, NULL, 0, NULL, NULL, NULL, NULL, '2026-01-21 10:41:18', '2026-01-21 10:41:18'),
	(290, 19, 2025, 1, 1, 1235, 4, 1, 4532, '2025-01-07', 'Rydha RG', NULL, '2026-01-21 10:41:18', '2026-01-21 10:41:18'),
	(291, 19, 2025, 2, 1, 2006, 1, 1, 4796, '2025-02-06', 'Rydha RG', NULL, '2026-01-21 10:41:18', '2026-01-21 10:41:18'),
	(292, 19, 2025, 3, 1, 1639, 2, 1, 5318, '2025-03-03', 'Rydha RG', NULL, '2026-01-21 10:41:18', '2026-01-21 10:41:18'),
	(293, 19, 2025, 4, 1, 2132, NULL, 0, NULL, NULL, NULL, NULL, '2026-01-21 10:41:18', '2026-01-21 10:41:18'),
	(294, 19, 2025, 5, 1, 1013, NULL, 0, NULL, NULL, NULL, NULL, '2026-01-21 10:41:18', '2026-01-21 10:41:18'),
	(295, 19, 2025, 6, 1, 1583, 1, 0, NULL, NULL, NULL, NULL, '2026-01-21 10:41:18', '2026-01-21 10:41:18'),
	(296, 19, 2025, 7, 1, 2071, NULL, 1, 5381, '2025-07-01', 'Mr. Manop', NULL, '2026-01-21 10:41:18', '2026-01-21 10:41:18'),
	(297, 19, 2025, 8, 1, 2339, NULL, 0, NULL, NULL, NULL, NULL, '2026-01-21 10:41:18', '2026-01-21 10:41:18'),
	(298, 19, 2025, 8, 3, 637, NULL, 0, NULL, NULL, NULL, NULL, '2026-01-21 10:41:18', '2026-01-21 10:41:18'),
	(299, 19, 2025, 9, 1, 1759, 1, 1, 4624, '2025-09-02', 'Mr. Manop', NULL, '2026-01-21 10:41:18', '2026-01-21 10:41:18'),
	(300, 19, 2025, 10, 1, 1045, NULL, 1, 5537, '2025-10-01', 'Mr. Manop', NULL, '2026-01-21 10:41:18', '2026-01-21 10:41:18'),
	(301, 19, 2025, 11, 1, 2382, NULL, 1, 4536, '2025-11-05', 'Mr. Manop', NULL, '2026-01-21 10:41:18', '2026-01-21 10:41:18'),
	(302, 19, 2025, 12, 1, 2397, NULL, 1, 4865, '2025-12-02', 'Mr. Kammee', NULL, '2026-01-21 10:41:18', '2026-01-21 10:41:18'),
	(303, 20, 2025, 1, 1, 1782, 4, 1, 4271, '2025-01-03', 'Rydha RG', NULL, '2026-01-21 10:41:18', '2026-01-21 10:41:18'),
	(304, 20, 2025, 2, 1, 1282, 4, 1, 4354, '2025-02-04', 'Mr. Manop', NULL, '2026-01-21 10:41:18', '2026-01-21 10:41:18'),
	(305, 20, 2025, 3, 1, 1755, NULL, 1, 4586, '2025-03-01', 'Rydha RG', NULL, '2026-01-21 10:41:18', '2026-01-21 10:41:18'),
	(306, 20, 2025, 4, 1, 1539, NULL, 1, 5212, '2025-04-07', 'Rydha RG', NULL, '2026-01-21 10:41:18', '2026-01-21 10:41:18'),
	(307, 20, 2025, 4, 2, 736, NULL, 0, NULL, NULL, NULL, NULL, '2026-01-21 10:41:18', '2026-01-21 10:41:18'),
	(308, 20, 2025, 5, 1, 2187, NULL, 1, 4619, '2025-05-07', 'Mr. Kammee', NULL, '2026-01-21 10:41:18', '2026-01-21 10:41:18'),
	(309, 20, 2025, 6, 1, 936, 1, 1, 4642, '2025-06-02', 'Rydha RG', NULL, '2026-01-21 10:41:18', '2026-01-21 10:41:18'),
	(310, 20, 2025, 6, 2, 1308, NULL, 0, NULL, NULL, NULL, NULL, '2026-01-21 10:41:18', '2026-01-21 10:41:18'),
	(311, 20, 2025, 7, 1, 2443, NULL, 0, NULL, NULL, NULL, NULL, '2026-01-21 10:41:18', '2026-01-21 10:41:18'),
	(312, 20, 2025, 8, 1, 1940, NULL, 1, 5349, '2025-08-03', 'Mr. Kammee', NULL, '2026-01-21 10:41:18', '2026-01-21 10:41:18'),
	(313, 20, 2025, 9, 1, 2080, 4, 0, NULL, NULL, NULL, NULL, '2026-01-21 10:41:18', '2026-01-21 10:41:18'),
	(314, 20, 2025, 10, 1, 1296, NULL, 0, NULL, NULL, NULL, NULL, '2026-01-21 10:41:18', '2026-01-21 10:41:18'),
	(315, 20, 2025, 11, 1, 1319, NULL, 1, 5283, '2025-11-07', 'Rydha RG', NULL, '2026-01-21 10:41:18', '2026-01-21 10:41:18'),
	(316, 20, 2025, 11, 3, 1048, NULL, 0, NULL, NULL, NULL, NULL, '2026-01-21 10:41:18', '2026-01-21 10:41:18'),
	(317, 20, 2025, 12, 1, 2009, NULL, 0, NULL, NULL, NULL, NULL, '2026-01-21 10:41:18', '2026-01-21 10:41:18'),
	(318, 20, 2025, 12, 3, 991, NULL, 0, NULL, NULL, NULL, NULL, '2026-01-21 10:41:18', '2026-01-21 10:41:18'),
	(319, 21, 2025, 1, 1, 2221, 2, 0, NULL, NULL, NULL, NULL, '2026-01-21 10:41:18', '2026-01-21 10:41:18'),
	(320, 21, 2025, 2, 1, 2380, NULL, 1, 4908, '2025-02-02', 'Mr. Manop', NULL, '2026-01-21 10:41:18', '2026-01-21 10:41:18'),
	(321, 21, 2025, 3, 1, 1496, 2, 1, 4087, '2025-03-03', 'Mr. Kammee', NULL, '2026-01-21 10:41:18', '2026-01-21 10:41:18'),
	(322, 21, 2025, 3, 3, 978, NULL, 0, NULL, NULL, NULL, NULL, '2026-01-21 10:41:18', '2026-01-21 10:41:18'),
	(323, 21, 2025, 4, 1, 1495, NULL, 1, 5866, '2025-04-07', 'Mr. Kammee', NULL, '2026-01-21 10:41:18', '2026-01-21 10:41:18'),
	(324, 21, 2025, 5, 1, 2468, NULL, 0, NULL, NULL, NULL, NULL, '2026-01-21 10:41:18', '2026-01-21 10:41:18'),
	(325, 21, 2025, 6, 1, 1295, NULL, 1, 5878, '2025-06-03', 'Mr. Kammee', NULL, '2026-01-21 10:41:18', '2026-01-21 10:41:18'),
	(326, 21, 2025, 6, 3, 1323, NULL, 0, NULL, NULL, NULL, NULL, '2026-01-21 10:41:18', '2026-01-21 10:41:18'),
	(327, 21, 2025, 7, 1, 1206, NULL, 0, NULL, NULL, NULL, NULL, '2026-01-21 10:41:18', '2026-01-21 10:41:18'),
	(328, 21, 2025, 8, 1, 1210, 4, 1, 4278, '2025-08-06', 'Rydha RG', NULL, '2026-01-21 10:41:18', '2026-01-21 10:41:18'),
	(329, 21, 2025, 8, 3, 1442, NULL, 0, NULL, NULL, NULL, NULL, '2026-01-21 10:41:18', '2026-01-21 10:41:18'),
	(330, 21, 2025, 9, 1, 1288, NULL, 1, 4902, '2025-09-05', 'Mr. Manop', NULL, '2026-01-21 10:41:18', '2026-01-21 10:41:18'),
	(331, 21, 2025, 10, 1, 2032, NULL, 0, NULL, NULL, NULL, NULL, '2026-01-21 10:41:18', '2026-01-21 10:41:18'),
	(332, 21, 2025, 10, 2, 1328, NULL, 0, NULL, NULL, NULL, NULL, '2026-01-21 10:41:18', '2026-01-21 10:41:18'),
	(333, 21, 2025, 11, 1, 1419, 1, 1, 5299, '2025-11-05', 'Mr. Kammee', NULL, '2026-01-21 10:41:18', '2026-01-21 10:41:18'),
	(334, 21, 2025, 12, 1, 2410, 4, 1, 5824, '2025-12-04', 'Rydha RG', NULL, '2026-01-21 10:41:18', '2026-01-21 10:41:18'),
	(335, 22, 2025, 1, 1, 1466, 4, 0, NULL, NULL, NULL, NULL, '2026-01-21 10:41:18', '2026-01-21 10:41:18'),
	(336, 22, 2025, 2, 1, 1682, NULL, 0, NULL, NULL, NULL, NULL, '2026-01-21 10:41:18', '2026-01-21 10:41:18'),
	(337, 22, 2025, 3, 1, 1799, NULL, 1, 5150, '2025-03-05', 'Mr. Kammee', NULL, '2026-01-21 10:41:18', '2026-01-21 10:41:18'),
	(338, 22, 2025, 3, 2, 952, NULL, 0, NULL, NULL, NULL, NULL, '2026-01-21 10:41:18', '2026-01-21 10:41:18'),
	(339, 22, 2025, 4, 1, 1090, 3, 1, 4806, '2025-04-03', 'Rydha RG', NULL, '2026-01-21 10:41:18', '2026-01-21 10:41:18'),
	(340, 22, 2025, 4, 4, 841, NULL, 0, NULL, NULL, NULL, NULL, '2026-01-21 10:41:18', '2026-01-21 10:41:18'),
	(341, 22, 2025, 5, 1, 1099, NULL, 1, 4322, '2025-05-02', 'Rydha RG', NULL, '2026-01-21 10:41:18', '2026-01-21 10:41:18'),
	(342, 22, 2025, 6, 1, 2423, 3, 0, NULL, NULL, NULL, NULL, '2026-01-21 10:41:18', '2026-01-21 10:41:18'),
	(343, 22, 2025, 6, 4, 1385, NULL, 0, NULL, NULL, NULL, NULL, '2026-01-21 10:41:18', '2026-01-21 10:41:18'),
	(344, 22, 2025, 7, 1, 1280, 4, 0, NULL, NULL, NULL, NULL, '2026-01-21 10:41:18', '2026-01-21 10:41:18'),
	(345, 22, 2025, 7, 4, 1433, NULL, 0, NULL, NULL, NULL, NULL, '2026-01-21 10:41:18', '2026-01-21 10:41:18'),
	(346, 22, 2025, 8, 1, 1711, 1, 0, NULL, NULL, NULL, NULL, '2026-01-21 10:41:18', '2026-01-21 10:41:18'),
	(347, 22, 2025, 9, 1, 809, 3, 1, 4073, '2025-09-07', 'Rydha RG', NULL, '2026-01-21 10:41:18', '2026-01-21 10:41:18'),
	(348, 22, 2025, 9, 4, 708, NULL, 0, NULL, NULL, NULL, NULL, '2026-01-21 10:41:18', '2026-01-21 10:41:18'),
	(349, 22, 2025, 10, 1, 1608, NULL, 1, 5911, '2025-10-02', 'Mr. Manop', NULL, '2026-01-21 10:41:18', '2026-01-21 10:41:18'),
	(350, 22, 2025, 11, 1, 2401, NULL, 1, 5601, '2025-11-03', 'Mr. Kammee', NULL, '2026-01-21 10:41:18', '2026-01-21 10:41:18'),
	(351, 22, 2025, 12, 1, 2391, NULL, 0, NULL, NULL, NULL, NULL, '2026-01-21 10:41:18', '2026-01-21 10:41:18'),
	(352, 22, 2025, 12, 3, 1228, NULL, 0, NULL, NULL, NULL, NULL, '2026-01-21 10:41:18', '2026-01-21 10:41:18'),
	(353, 23, 2025, 1, 1, 2168, NULL, 1, 5423, '2025-01-06', 'Rydha RG', NULL, '2026-01-21 10:41:18', '2026-01-21 10:41:18'),
	(354, 23, 2025, 1, 4, 1403, NULL, 0, NULL, NULL, NULL, NULL, '2026-01-21 10:41:18', '2026-01-21 10:41:18'),
	(355, 23, 2025, 2, 1, 976, NULL, 1, 4639, '2025-02-01', 'Mr. Kammee', NULL, '2026-01-21 10:41:18', '2026-01-21 10:41:18'),
	(356, 23, 2025, 3, 1, 894, NULL, 0, NULL, NULL, NULL, NULL, '2026-01-21 10:41:18', '2026-01-21 10:41:18'),
	(357, 23, 2025, 4, 1, 1269, NULL, 1, 5678, '2025-04-03', 'Mr. Kammee', NULL, '2026-01-21 10:41:18', '2026-01-21 10:41:18'),
	(358, 23, 2025, 5, 1, 1526, NULL, 1, 5226, '2025-05-04', 'Mr. Manop', NULL, '2026-01-21 10:41:18', '2026-01-21 10:41:18'),
	(359, 23, 2025, 5, 3, 992, NULL, 0, NULL, NULL, NULL, NULL, '2026-01-21 10:41:18', '2026-01-21 10:41:18'),
	(360, 23, 2025, 6, 1, 1976, 1, 1, 4141, '2025-06-06', 'Mr. Kammee', NULL, '2026-01-21 10:41:18', '2026-01-21 10:41:18'),
	(361, 23, 2025, 6, 3, 1014, NULL, 0, NULL, NULL, NULL, NULL, '2026-01-21 10:41:18', '2026-01-21 10:41:18'),
	(362, 23, 2025, 7, 1, 875, NULL, 0, NULL, NULL, NULL, NULL, '2026-01-21 10:41:18', '2026-01-21 10:41:18'),
	(363, 23, 2025, 8, 1, 1799, 3, 1, 4076, '2025-08-03', 'Rydha RG', NULL, '2026-01-21 10:41:18', '2026-01-21 10:41:18'),
	(364, 23, 2025, 9, 1, 1575, NULL, 0, NULL, NULL, NULL, NULL, '2026-01-21 10:41:18', '2026-01-21 10:41:18'),
	(365, 23, 2025, 10, 1, 2197, NULL, 1, 5224, '2025-10-06', 'Rydha RG', NULL, '2026-01-21 10:41:18', '2026-01-21 10:41:18'),
	(366, 23, 2025, 11, 1, 1594, 2, 1, 4885, '2025-11-04', 'Mr. Kammee', NULL, '2026-01-21 10:41:18', '2026-01-21 10:41:18'),
	(367, 23, 2025, 12, 1, 1033, NULL, 1, 5699, '2025-12-05', 'Mr. Kammee', NULL, '2026-01-21 10:41:18', '2026-01-21 10:41:18'),
	(368, 23, 2025, 12, 3, 1039, NULL, 0, NULL, NULL, NULL, NULL, '2026-01-21 10:41:18', '2026-01-21 10:41:18'),
	(369, 24, 2025, 1, 1, 1808, NULL, 0, NULL, NULL, NULL, NULL, '2026-01-21 10:41:18', '2026-01-21 10:41:18'),
	(370, 24, 2025, 1, 3, 820, NULL, 0, NULL, NULL, NULL, NULL, '2026-01-21 10:41:18', '2026-01-21 10:41:18'),
	(371, 24, 2025, 2, 1, 1490, 2, 1, 5784, '2025-02-04', 'Mr. Kammee', NULL, '2026-01-21 10:41:18', '2026-01-21 10:41:18'),
	(372, 24, 2025, 3, 1, 2066, NULL, 1, 4503, '2025-03-03', 'Rydha RG', NULL, '2026-01-21 10:41:18', '2026-01-21 10:41:18'),
	(373, 24, 2025, 4, 1, 2187, 4, 0, NULL, NULL, NULL, NULL, '2026-01-21 10:41:18', '2026-01-21 10:41:18'),
	(374, 24, 2025, 5, 1, 1274, NULL, 0, NULL, NULL, NULL, NULL, '2026-01-21 10:41:18', '2026-01-21 10:41:18'),
	(375, 24, 2025, 6, 1, 1383, NULL, 0, NULL, NULL, NULL, NULL, '2026-01-21 10:41:18', '2026-01-21 10:41:18'),
	(376, 24, 2025, 7, 1, 1243, NULL, 0, NULL, NULL, NULL, NULL, '2026-01-21 10:41:18', '2026-01-21 10:41:18'),
	(377, 24, 2025, 8, 1, 1715, NULL, 0, NULL, NULL, NULL, NULL, '2026-01-21 10:41:18', '2026-01-21 10:41:18'),
	(378, 24, 2025, 9, 1, 2323, 2, 1, 5564, '2025-09-04', 'Mr. Manop', NULL, '2026-01-21 10:41:18', '2026-01-21 10:41:18'),
	(379, 24, 2025, 9, 4, 891, NULL, 0, NULL, NULL, NULL, NULL, '2026-01-21 10:41:18', '2026-01-21 10:41:18'),
	(380, 24, 2025, 10, 1, 1069, NULL, 1, 5024, '2025-10-01', 'Mr. Kammee', NULL, '2026-01-21 10:41:18', '2026-01-21 10:41:18'),
	(381, 24, 2025, 10, 4, 757, NULL, 0, NULL, NULL, NULL, NULL, '2026-01-21 10:41:18', '2026-01-21 10:41:18'),
	(382, 24, 2025, 11, 1, 973, 3, 0, NULL, NULL, NULL, NULL, '2026-01-21 10:41:18', '2026-01-21 10:41:18'),
	(383, 24, 2025, 12, 1, 1163, NULL, 0, NULL, NULL, NULL, NULL, '2026-01-21 10:41:18', '2026-01-21 10:41:18'),
	(384, 25, 2025, 1, 1, 2218, NULL, 1, 5425, '2025-01-06', 'Rydha RG', NULL, '2026-01-21 10:41:18', '2026-01-21 10:41:18'),
	(385, 25, 2025, 2, 1, 1207, NULL, 0, NULL, NULL, NULL, NULL, '2026-01-21 10:41:18', '2026-01-21 10:41:18'),
	(386, 25, 2025, 3, 1, 1450, 4, 1, 4619, '2025-03-05', 'Mr. Manop', NULL, '2026-01-21 10:41:18', '2026-01-21 10:41:18'),
	(387, 25, 2025, 4, 1, 830, NULL, 1, 4256, '2025-04-04', 'Mr. Manop', NULL, '2026-01-21 10:41:18', '2026-01-21 10:41:18'),
	(388, 25, 2025, 5, 1, 2118, NULL, 1, 4371, '2025-05-03', 'Rydha RG', NULL, '2026-01-21 10:41:18', '2026-01-21 10:41:18'),
	(389, 25, 2025, 6, 1, 2177, NULL, 0, NULL, NULL, NULL, NULL, '2026-01-21 10:41:18', '2026-01-21 10:41:18'),
	(390, 25, 2025, 7, 1, 1610, 2, 1, 5085, '2025-07-04', 'Mr. Manop', NULL, '2026-01-21 10:41:18', '2026-01-21 10:41:18'),
	(391, 25, 2025, 8, 1, 1107, 1, 0, NULL, NULL, NULL, NULL, '2026-01-21 10:41:18', '2026-01-21 10:41:18'),
	(392, 25, 2025, 9, 1, 2130, NULL, 1, 5635, '2025-09-04', 'Mr. Manop', NULL, '2026-01-21 10:41:18', '2026-01-21 10:41:18'),
	(393, 25, 2025, 10, 1, 1522, NULL, 1, 4491, '2025-10-07', 'Mr. Kammee', NULL, '2026-01-21 10:41:18', '2026-01-21 10:41:18'),
	(394, 25, 2025, 11, 1, 2065, 4, 0, NULL, NULL, NULL, NULL, '2026-01-21 10:41:18', '2026-01-21 10:41:18'),
	(395, 25, 2025, 12, 1, 911, 3, 1, 5360, '2025-12-01', 'Mr. Manop', NULL, '2026-01-21 10:41:18', '2026-01-21 10:41:18');

-- Dumping structure for table ppm_dies_monitoring_april.production_logs
CREATE TABLE IF NOT EXISTS `production_logs` (
  `id` bigint(20) unsigned NOT NULL AUTO_INCREMENT,
  `die_id` bigint(20) unsigned NOT NULL,
  `production_date` date NOT NULL,
  `shift` tinyint(4) NOT NULL,
  `line` varchar(20) COLLATE utf8mb4_unicode_ci DEFAULT NULL,
  `running_process` enum('Auto','Manual') COLLATE utf8mb4_unicode_ci NOT NULL DEFAULT 'Auto',
  `start_time` time DEFAULT NULL,
  `finish_time` time DEFAULT NULL,
  `total_hours` decimal(5,2) DEFAULT NULL,
  `total_minutes` int(11) DEFAULT NULL,
  `break_time` int(11) DEFAULT NULL,
  `output_qty` int(11) NOT NULL,
  `month` varchar(10) COLLATE utf8mb4_unicode_ci DEFAULT NULL,
  `created_by` bigint(20) unsigned DEFAULT NULL,
  `created_at` timestamp NULL DEFAULT NULL,
  `updated_at` timestamp NULL DEFAULT NULL,
  PRIMARY KEY (`id`),
  KEY `production_logs_created_by_foreign` (`created_by`),
  KEY `production_logs_production_date_index` (`production_date`),
  KEY `production_logs_die_id_production_date_index` (`die_id`,`production_date`),
  CONSTRAINT `production_logs_created_by_foreign` FOREIGN KEY (`created_by`) REFERENCES `users` (`id`) ON DELETE SET NULL,
  CONSTRAINT `production_logs_die_id_foreign` FOREIGN KEY (`die_id`) REFERENCES `dies` (`id`) ON DELETE CASCADE
) ENGINE=InnoDB AUTO_INCREMENT=557 DEFAULT CHARSET=utf8mb4 COLLATE=utf8mb4_unicode_ci;

-- Dumping data for table ppm_dies_monitoring_april.production_logs: ~556 rows (approximately)
INSERT IGNORE INTO `production_logs` (`id`, `die_id`, `production_date`, `shift`, `line`, `running_process`, `start_time`, `finish_time`, `total_hours`, `total_minutes`, `break_time`, `output_qty`, `month`, `created_by`, `created_at`, `updated_at`) VALUES
	(1, 1, '2025-11-23', 2, '800T', 'Auto', '15:00:00', '20:00:00', 5.00, 300, 11, 644, 'Nov', NULL, '2025-11-23 10:41:17', '2025-11-23 10:41:17'),
	(2, 1, '2025-12-14', 1, '800T', 'Auto', '07:00:00', '15:00:00', 8.00, 480, 0, 777, 'Dec', NULL, '2025-12-14 10:41:17', '2025-12-14 10:41:17'),
	(3, 1, '2025-12-12', 2, '800T', 'Auto', '14:00:00', '19:00:00', 5.00, 300, 20, 341, 'Dec', NULL, '2025-12-12 10:41:17', '2025-12-12 10:41:17'),
	(4, 1, '2026-01-20', 3, '800T', 'Auto', '23:00:00', '04:00:00', 5.00, 300, 29, 790, 'Jan', NULL, '2026-01-20 10:41:17', '2026-01-20 10:41:17'),
	(5, 1, '2026-01-20', 1, '800T', 'Auto', '08:00:00', '15:00:00', 7.00, 420, 11, 533, 'Jan', NULL, '2026-01-20 10:41:17', '2026-01-20 10:41:17'),
	(6, 1, '2025-12-10', 1, '800T', 'Auto', '06:00:00', '11:00:00', 5.00, 300, 19, 587, 'Dec', NULL, '2025-12-10 10:41:17', '2025-12-10 10:41:17'),
	(7, 1, '2026-01-09', 1, '800T', 'Auto', '08:00:00', '15:00:00', 7.00, 420, 15, 543, 'Jan', NULL, '2026-01-09 10:41:17', '2026-01-09 10:41:17'),
	(8, 1, '2025-12-22', 3, '800T', 'Auto', '22:00:00', '05:00:00', 7.00, 420, 11, 307, 'Dec', NULL, '2025-12-22 10:41:17', '2025-12-22 10:41:17'),
	(9, 1, '2025-12-23', 1, '800T', 'Auto', '08:00:00', '14:00:00', 6.00, 360, 25, 303, 'Dec', NULL, '2025-12-23 10:41:17', '2025-12-23 10:41:17'),
	(10, 1, '2025-12-12', 2, '800T', 'Auto', '15:00:00', '19:00:00', 4.00, 240, 15, 593, 'Dec', NULL, '2025-12-12 10:41:17', '2025-12-12 10:41:17'),
	(11, 1, '2025-11-28', 3, '800T', 'Manual', '23:00:00', '04:00:00', 5.00, 300, 24, 230, 'Nov', NULL, '2025-11-28 10:41:17', '2025-11-28 10:41:17'),
	(12, 1, '2025-12-24', 2, '800T', 'Auto', '16:00:00', '00:00:00', 8.00, 480, 16, 432, 'Dec', NULL, '2025-12-24 10:41:17', '2025-12-24 10:41:17'),
	(13, 1, '2025-12-06', 1, '800T', 'Auto', '07:00:00', '13:00:00', 6.00, 360, 22, 368, 'Dec', NULL, '2025-12-06 10:41:17', '2025-12-06 10:41:17'),
	(14, 1, '2025-11-26', 3, '800T', 'Auto', '22:00:00', '04:00:00', 6.00, 360, 11, 606, 'Nov', NULL, '2025-11-26 10:41:17', '2025-11-26 10:41:17'),
	(15, 1, '2026-01-15', 2, '800T', 'Auto', '15:00:00', '19:00:00', 4.00, 240, 0, 766, 'Jan', NULL, '2026-01-15 10:41:17', '2026-01-15 10:41:17'),
	(16, 1, '2026-01-12', 1, '800T', 'Auto', '06:00:00', '13:00:00', 7.00, 420, 14, 501, 'Jan', NULL, '2026-01-12 10:41:17', '2026-01-12 10:41:17'),
	(17, 1, '2025-12-13', 1, '800T', 'Auto', '06:00:00', '10:00:00', 4.00, 240, 0, 225, 'Dec', NULL, '2025-12-13 10:41:17', '2025-12-13 10:41:17'),
	(18, 1, '2025-12-02', 1, '800T', 'Auto', '07:00:00', '11:00:00', 4.00, 240, 29, 347, 'Dec', NULL, '2025-12-02 10:41:17', '2025-12-02 10:41:17'),
	(19, 1, '2026-01-20', 1, '800T', 'Auto', '06:00:00', '10:00:00', 4.00, 240, 22, 604, 'Jan', NULL, '2026-01-20 10:41:17', '2026-01-20 10:41:17'),
	(20, 1, '2026-01-16', 1, '800T', 'Auto', '07:00:00', '13:00:00', 6.00, 360, 28, 728, 'Jan', NULL, '2026-01-16 10:41:17', '2026-01-16 10:41:17'),
	(21, 1, '2025-12-17', 1, '800T', 'Auto', '08:00:00', '15:00:00', 7.00, 420, 16, 337, 'Dec', NULL, '2025-12-17 10:41:17', '2025-12-17 10:41:17'),
	(22, 1, '2026-01-03', 2, '800T', 'Auto', '15:00:00', '19:00:00', 4.00, 240, 17, 481, 'Jan', NULL, '2026-01-03 10:41:17', '2026-01-03 10:41:17'),
	(23, 1, '2026-01-04', 2, '800T', 'Auto', '15:00:00', '22:00:00', 7.00, 420, 30, 262, 'Jan', NULL, '2026-01-04 10:41:17', '2026-01-04 10:41:17'),
	(24, 2, '2026-01-04', 3, '800T', 'Auto', '23:00:00', '05:00:00', 6.00, 360, 25, 397, 'Jan', NULL, '2026-01-04 10:41:17', '2026-01-04 10:41:17'),
	(25, 2, '2026-01-19', 2, '800T', 'Auto', '16:00:00', '00:00:00', 8.00, 480, 26, 223, 'Jan', NULL, '2026-01-19 10:41:17', '2026-01-19 10:41:17'),
	(26, 2, '2025-12-11', 1, '800T', 'Auto', '08:00:00', '14:00:00', 6.00, 360, 27, 728, 'Dec', NULL, '2025-12-11 10:41:17', '2025-12-11 10:41:17'),
	(27, 2, '2025-12-28', 3, '800T', 'Auto', '22:00:00', '02:00:00', 4.00, 240, 27, 642, 'Dec', NULL, '2025-12-28 10:41:17', '2025-12-28 10:41:17'),
	(28, 2, '2026-01-20', 3, '800T', 'Auto', '22:00:00', '02:00:00', 4.00, 240, 0, 262, 'Jan', NULL, '2026-01-20 10:41:17', '2026-01-20 10:41:17'),
	(29, 2, '2026-01-02', 2, '800T', 'Manual', '15:00:00', '23:00:00', 8.00, 480, 13, 227, 'Jan', NULL, '2026-01-02 10:41:17', '2026-01-02 10:41:17'),
	(30, 2, '2025-12-16', 1, '800T', 'Auto', '06:00:00', '14:00:00', 8.00, 480, 16, 576, 'Dec', NULL, '2025-12-16 10:41:17', '2025-12-16 10:41:17'),
	(31, 2, '2025-12-14', 2, '800T', 'Auto', '14:00:00', '19:00:00', 5.00, 300, 21, 428, 'Dec', NULL, '2025-12-14 10:41:17', '2025-12-14 10:41:17'),
	(32, 2, '2025-12-16', 2, '800T', 'Auto', '15:00:00', '22:00:00', 7.00, 420, 13, 401, 'Dec', NULL, '2025-12-16 10:41:17', '2025-12-16 10:41:17'),
	(33, 2, '2025-12-11', 3, '800T', 'Manual', '23:00:00', '06:00:00', 7.00, 420, 14, 486, 'Dec', NULL, '2025-12-11 10:41:17', '2025-12-11 10:41:17'),
	(34, 2, '2025-11-22', 3, '800T', 'Manual', '22:00:00', '02:00:00', 4.00, 240, 26, 553, 'Nov', NULL, '2025-11-22 10:41:17', '2025-11-22 10:41:17'),
	(35, 2, '2026-01-09', 1, '800T', 'Manual', '08:00:00', '12:00:00', 4.00, 240, 13, 439, 'Jan', NULL, '2026-01-09 10:41:17', '2026-01-09 10:41:17'),
	(36, 2, '2026-01-20', 3, '800T', 'Auto', '22:00:00', '04:00:00', 6.00, 360, 0, 253, 'Jan', NULL, '2026-01-20 10:41:17', '2026-01-20 10:41:17'),
	(37, 2, '2026-01-13', 2, '800T', 'Manual', '14:00:00', '19:00:00', 5.00, 300, 0, 676, 'Jan', NULL, '2026-01-13 10:41:17', '2026-01-13 10:41:17'),
	(38, 2, '2025-12-24', 2, '800T', 'Manual', '14:00:00', '20:00:00', 6.00, 360, 12, 751, 'Dec', NULL, '2025-12-24 10:41:17', '2025-12-24 10:41:17'),
	(39, 2, '2025-11-27', 1, '800T', 'Auto', '06:00:00', '10:00:00', 4.00, 240, 29, 550, 'Nov', NULL, '2025-11-27 10:41:17', '2025-11-27 10:41:17'),
	(40, 2, '2025-12-28', 3, '800T', 'Auto', '22:00:00', '02:00:00', 4.00, 240, 14, 354, 'Dec', NULL, '2025-12-28 10:41:17', '2025-12-28 10:41:17'),
	(41, 2, '2025-12-30', 1, '800T', 'Auto', '07:00:00', '14:00:00', 7.00, 420, 11, 343, 'Dec', NULL, '2025-12-30 10:41:17', '2025-12-30 10:41:17'),
	(42, 2, '2025-11-24', 2, '800T', 'Auto', '14:00:00', '19:00:00', 5.00, 300, 0, 471, 'Nov', NULL, '2025-11-24 10:41:17', '2025-11-24 10:41:17'),
	(43, 2, '2025-11-29', 2, '800T', 'Auto', '16:00:00', '20:00:00', 4.00, 240, 12, 574, 'Nov', NULL, '2025-11-29 10:41:17', '2025-11-29 10:41:17'),
	(44, 2, '2025-11-25', 2, '800T', 'Auto', '15:00:00', '20:00:00', 5.00, 300, 0, 434, 'Nov', NULL, '2025-11-25 10:41:17', '2025-11-25 10:41:17'),
	(45, 2, '2025-12-18', 3, '800T', 'Manual', '22:00:00', '05:00:00', 7.00, 420, 10, 338, 'Dec', NULL, '2025-12-18 10:41:17', '2025-12-18 10:41:17'),
	(46, 2, '2026-01-02', 2, '800T', 'Auto', '14:00:00', '18:00:00', 4.00, 240, 12, 777, 'Jan', NULL, '2026-01-02 10:41:17', '2026-01-02 10:41:17'),
	(47, 2, '2026-01-01', 3, '800T', 'Auto', '22:00:00', '04:00:00', 6.00, 360, 0, 532, 'Jan', NULL, '2026-01-01 10:41:17', '2026-01-01 10:41:17'),
	(48, 2, '2025-12-18', 2, '800T', 'Manual', '16:00:00', '00:00:00', 8.00, 480, 17, 300, 'Dec', NULL, '2025-12-18 10:41:17', '2025-12-18 10:41:17'),
	(49, 2, '2025-12-26', 3, '800T', 'Manual', '22:00:00', '03:00:00', 5.00, 300, 30, 390, 'Dec', NULL, '2025-12-26 10:41:17', '2025-12-26 10:41:17'),
	(50, 2, '2025-12-17', 2, '800T', 'Auto', '16:00:00', '23:00:00', 7.00, 420, 0, 320, 'Dec', NULL, '2025-12-17 10:41:17', '2025-12-17 10:41:17'),
	(51, 3, '2025-12-16', 1, '800T', 'Auto', '08:00:00', '15:00:00', 7.00, 420, 22, 557, 'Dec', NULL, '2025-12-16 10:41:17', '2025-12-16 10:41:17'),
	(52, 3, '2025-11-30', 3, '800T', 'Auto', '23:00:00', '06:00:00', 7.00, 420, 16, 400, 'Nov', NULL, '2025-11-30 10:41:17', '2025-11-30 10:41:17'),
	(53, 3, '2025-12-05', 3, '800T', 'Auto', '23:00:00', '07:00:00', 8.00, 480, 0, 289, 'Dec', NULL, '2025-12-05 10:41:17', '2025-12-05 10:41:17'),
	(54, 3, '2025-12-16', 3, '800T', 'Auto', '23:00:00', '05:00:00', 6.00, 360, 30, 523, 'Dec', NULL, '2025-12-16 10:41:17', '2025-12-16 10:41:17'),
	(55, 3, '2026-01-13', 1, '800T', 'Auto', '06:00:00', '14:00:00', 8.00, 480, 24, 470, 'Jan', NULL, '2026-01-13 10:41:17', '2026-01-13 10:41:17'),
	(56, 3, '2025-12-24', 1, '800T', 'Auto', '08:00:00', '15:00:00', 7.00, 420, 0, 722, 'Dec', NULL, '2025-12-24 10:41:17', '2025-12-24 10:41:17'),
	(57, 3, '2025-12-04', 3, '800T', 'Auto', '23:00:00', '04:00:00', 5.00, 300, 0, 323, 'Dec', NULL, '2025-12-04 10:41:17', '2025-12-04 10:41:17'),
	(58, 3, '2025-12-25', 3, '800T', 'Auto', '22:00:00', '05:00:00', 7.00, 420, 0, 385, 'Dec', NULL, '2025-12-25 10:41:17', '2025-12-25 10:41:17'),
	(59, 3, '2026-01-13', 1, '800T', 'Auto', '07:00:00', '12:00:00', 5.00, 300, 0, 499, 'Jan', NULL, '2026-01-13 10:41:17', '2026-01-13 10:41:17'),
	(60, 3, '2025-12-12', 1, '800T', 'Auto', '07:00:00', '14:00:00', 7.00, 420, 20, 450, 'Dec', NULL, '2025-12-12 10:41:17', '2025-12-12 10:41:17'),
	(61, 3, '2025-12-22', 1, '800T', 'Auto', '06:00:00', '12:00:00', 6.00, 360, 0, 751, 'Dec', NULL, '2025-12-22 10:41:17', '2025-12-22 10:41:17'),
	(62, 3, '2026-01-14', 3, '800T', 'Auto', '23:00:00', '07:00:00', 8.00, 480, 19, 432, 'Jan', NULL, '2026-01-14 10:41:17', '2026-01-14 10:41:17'),
	(63, 3, '2025-11-25', 1, '800T', 'Auto', '07:00:00', '14:00:00', 7.00, 420, 26, 628, 'Nov', NULL, '2025-11-25 10:41:17', '2025-11-25 10:41:17'),
	(64, 3, '2025-12-10', 1, '800T', 'Auto', '08:00:00', '13:00:00', 5.00, 300, 29, 565, 'Dec', NULL, '2025-12-10 10:41:17', '2025-12-10 10:41:17'),
	(65, 3, '2026-01-19', 2, '800T', 'Auto', '16:00:00', '20:00:00', 4.00, 240, 19, 355, 'Jan', NULL, '2026-01-19 10:41:17', '2026-01-19 10:41:17'),
	(66, 3, '2025-12-01', 2, '800T', 'Auto', '15:00:00', '20:00:00', 5.00, 300, 10, 749, 'Dec', NULL, '2025-12-01 10:41:17', '2025-12-01 10:41:17'),
	(67, 3, '2025-12-27', 1, '800T', 'Auto', '08:00:00', '12:00:00', 4.00, 240, 15, 286, 'Dec', NULL, '2025-12-27 10:41:17', '2025-12-27 10:41:17'),
	(68, 3, '2025-12-06', 3, '800T', 'Auto', '22:00:00', '02:00:00', 4.00, 240, 0, 234, 'Dec', NULL, '2025-12-06 10:41:17', '2025-12-06 10:41:17'),
	(69, 3, '2026-01-05', 1, '800T', 'Auto', '07:00:00', '13:00:00', 6.00, 360, 24, 326, 'Jan', NULL, '2026-01-05 10:41:17', '2026-01-05 10:41:17'),
	(70, 3, '2026-01-13', 1, '800T', 'Manual', '06:00:00', '11:00:00', 5.00, 300, 17, 676, 'Jan', NULL, '2026-01-13 10:41:17', '2026-01-13 10:41:17'),
	(71, 4, '2025-11-26', 2, '800T', 'Auto', '15:00:00', '20:00:00', 5.00, 300, 10, 580, 'Nov', NULL, '2025-11-26 10:41:17', '2025-11-26 10:41:17'),
	(72, 4, '2026-01-04', 1, '800T', 'Auto', '06:00:00', '12:00:00', 6.00, 360, 0, 283, 'Jan', NULL, '2026-01-04 10:41:17', '2026-01-04 10:41:17'),
	(73, 4, '2026-01-01', 2, '800T', 'Auto', '16:00:00', '20:00:00', 4.00, 240, 0, 363, 'Jan', NULL, '2026-01-01 10:41:17', '2026-01-01 10:41:17'),
	(74, 4, '2025-12-06', 1, '800T', 'Manual', '06:00:00', '12:00:00', 6.00, 360, 23, 477, 'Dec', NULL, '2025-12-06 10:41:17', '2025-12-06 10:41:17'),
	(75, 4, '2026-01-18', 3, '800T', 'Auto', '23:00:00', '03:00:00', 4.00, 240, 21, 781, 'Jan', NULL, '2026-01-18 10:41:17', '2026-01-18 10:41:17'),
	(76, 4, '2025-12-02', 2, '800T', 'Auto', '15:00:00', '19:00:00', 4.00, 240, 26, 355, 'Dec', NULL, '2025-12-02 10:41:17', '2025-12-02 10:41:17'),
	(77, 4, '2025-12-24', 3, '800T', 'Auto', '22:00:00', '05:00:00', 7.00, 420, 21, 492, 'Dec', NULL, '2025-12-24 10:41:17', '2025-12-24 10:41:17'),
	(78, 4, '2025-12-07', 3, '800T', 'Auto', '22:00:00', '03:00:00', 5.00, 300, 11, 409, 'Dec', NULL, '2025-12-07 10:41:17', '2025-12-07 10:41:17'),
	(79, 4, '2025-12-02', 3, '800T', 'Manual', '23:00:00', '04:00:00', 5.00, 300, 25, 442, 'Dec', NULL, '2025-12-02 10:41:17', '2025-12-02 10:41:17'),
	(80, 4, '2025-12-08', 3, '800T', 'Auto', '23:00:00', '06:00:00', 7.00, 420, 0, 572, 'Dec', NULL, '2025-12-08 10:41:17', '2025-12-08 10:41:17'),
	(81, 4, '2025-12-29', 3, '800T', 'Auto', '23:00:00', '04:00:00', 5.00, 300, 21, 521, 'Dec', NULL, '2025-12-29 10:41:17', '2025-12-29 10:41:17'),
	(82, 4, '2025-11-24', 3, '800T', 'Auto', '23:00:00', '07:00:00', 8.00, 480, 11, 599, 'Nov', NULL, '2025-11-24 10:41:17', '2025-11-24 10:41:17'),
	(83, 4, '2026-01-02', 2, '800T', 'Auto', '15:00:00', '23:00:00', 8.00, 480, 19, 514, 'Jan', NULL, '2026-01-02 10:41:17', '2026-01-02 10:41:17'),
	(84, 4, '2026-01-08', 3, '800T', 'Auto', '23:00:00', '05:00:00', 6.00, 360, 15, 311, 'Jan', NULL, '2026-01-08 10:41:17', '2026-01-08 10:41:17'),
	(85, 4, '2025-12-06', 2, '800T', 'Auto', '15:00:00', '19:00:00', 4.00, 240, 0, 598, 'Dec', NULL, '2025-12-06 10:41:17', '2025-12-06 10:41:17'),
	(86, 4, '2025-12-25', 1, '800T', 'Auto', '06:00:00', '12:00:00', 6.00, 360, 0, 478, 'Dec', NULL, '2025-12-25 10:41:17', '2025-12-25 10:41:17'),
	(87, 4, '2025-12-24', 1, '800T', 'Manual', '08:00:00', '14:00:00', 6.00, 360, 0, 800, 'Dec', NULL, '2025-12-24 10:41:17', '2025-12-24 10:41:17'),
	(88, 4, '2025-12-24', 1, '800T', 'Auto', '06:00:00', '12:00:00', 6.00, 360, 26, 399, 'Dec', NULL, '2025-12-24 10:41:17', '2025-12-24 10:41:17'),
	(89, 4, '2026-01-01', 2, '800T', 'Auto', '16:00:00', '21:00:00', 5.00, 300, 29, 611, 'Jan', NULL, '2026-01-01 10:41:17', '2026-01-01 10:41:17'),
	(90, 4, '2025-12-16', 3, '800T', 'Auto', '22:00:00', '02:00:00', 4.00, 240, 0, 445, 'Dec', NULL, '2025-12-16 10:41:17', '2025-12-16 10:41:17'),
	(91, 4, '2025-12-23', 3, '800T', 'Auto', '23:00:00', '03:00:00', 4.00, 240, 11, 789, 'Dec', NULL, '2025-12-23 10:41:17', '2025-12-23 10:41:17'),
	(92, 4, '2026-01-14', 2, '800T', 'Auto', '16:00:00', '23:00:00', 7.00, 420, 0, 641, 'Jan', NULL, '2026-01-14 10:41:17', '2026-01-14 10:41:17'),
	(93, 4, '2025-12-14', 3, '800T', 'Auto', '22:00:00', '06:00:00', 8.00, 480, 10, 591, 'Dec', NULL, '2025-12-14 10:41:17', '2025-12-14 10:41:17'),
	(94, 5, '2025-11-27', 1, '800T', 'Auto', '06:00:00', '12:00:00', 6.00, 360, 0, 321, 'Nov', NULL, '2025-11-27 10:41:17', '2025-11-27 10:41:17'),
	(95, 5, '2025-12-01', 3, '800T', 'Manual', '22:00:00', '04:00:00', 6.00, 360, 28, 687, 'Dec', NULL, '2025-12-01 10:41:17', '2025-12-01 10:41:17'),
	(96, 5, '2026-01-19', 3, '800T', 'Auto', '22:00:00', '03:00:00', 5.00, 300, 13, 393, 'Jan', NULL, '2026-01-19 10:41:17', '2026-01-19 10:41:17'),
	(97, 5, '2025-12-16', 2, '800T', 'Auto', '15:00:00', '22:00:00', 7.00, 420, 0, 426, 'Dec', NULL, '2025-12-16 10:41:17', '2025-12-16 10:41:17'),
	(98, 5, '2025-12-10', 3, '800T', 'Manual', '23:00:00', '06:00:00', 7.00, 420, 0, 772, 'Dec', NULL, '2025-12-10 10:41:17', '2025-12-10 10:41:17'),
	(99, 5, '2025-12-15', 1, '800T', 'Auto', '08:00:00', '14:00:00', 6.00, 360, 0, 499, 'Dec', NULL, '2025-12-15 10:41:17', '2025-12-15 10:41:17'),
	(100, 5, '2025-12-10', 2, '800T', 'Auto', '15:00:00', '23:00:00', 8.00, 480, 0, 318, 'Dec', NULL, '2025-12-10 10:41:17', '2025-12-10 10:41:17'),
	(101, 5, '2026-01-17', 1, '800T', 'Auto', '07:00:00', '13:00:00', 6.00, 360, 18, 709, 'Jan', NULL, '2026-01-17 10:41:17', '2026-01-17 10:41:17'),
	(102, 5, '2025-11-27', 1, '800T', 'Auto', '06:00:00', '14:00:00', 8.00, 480, 26, 776, 'Nov', NULL, '2025-11-27 10:41:17', '2025-11-27 10:41:17'),
	(103, 5, '2025-12-09', 1, '800T', 'Auto', '07:00:00', '15:00:00', 8.00, 480, 0, 250, 'Dec', NULL, '2025-12-09 10:41:17', '2025-12-09 10:41:17'),
	(104, 5, '2026-01-05', 1, '800T', 'Auto', '08:00:00', '15:00:00', 7.00, 420, 25, 279, 'Jan', NULL, '2026-01-05 10:41:17', '2026-01-05 10:41:17'),
	(105, 5, '2025-12-19', 2, '800T', 'Auto', '16:00:00', '00:00:00', 8.00, 480, 0, 751, 'Dec', NULL, '2025-12-19 10:41:17', '2025-12-19 10:41:17'),
	(106, 5, '2025-12-07', 1, '800T', 'Manual', '07:00:00', '11:00:00', 4.00, 240, 30, 489, 'Dec', NULL, '2025-12-07 10:41:17', '2025-12-07 10:41:17'),
	(107, 5, '2025-12-12', 2, '800T', 'Manual', '14:00:00', '18:00:00', 4.00, 240, 27, 321, 'Dec', NULL, '2025-12-12 10:41:17', '2025-12-12 10:41:17'),
	(108, 5, '2026-01-08', 1, '800T', 'Manual', '06:00:00', '12:00:00', 6.00, 360, 0, 533, 'Jan', NULL, '2026-01-08 10:41:17', '2026-01-08 10:41:17'),
	(109, 5, '2025-12-26', 1, '800T', 'Auto', '08:00:00', '16:00:00', 8.00, 480, 0, 708, 'Dec', NULL, '2025-12-26 10:41:17', '2025-12-26 10:41:17'),
	(110, 5, '2025-11-28', 3, '800T', 'Auto', '22:00:00', '03:00:00', 5.00, 300, 19, 617, 'Nov', NULL, '2025-11-28 10:41:17', '2025-11-28 10:41:17'),
	(111, 6, '2025-12-10', 1, '800T', 'Auto', '06:00:00', '10:00:00', 4.00, 240, 19, 712, 'Dec', NULL, '2025-12-10 10:41:17', '2025-12-10 10:41:17'),
	(112, 6, '2025-11-22', 2, '800T', 'Manual', '16:00:00', '21:00:00', 5.00, 300, 22, 278, 'Nov', NULL, '2025-11-22 10:41:17', '2025-11-22 10:41:17'),
	(113, 6, '2026-01-01', 3, '800T', 'Manual', '23:00:00', '03:00:00', 4.00, 240, 11, 652, 'Jan', NULL, '2026-01-01 10:41:17', '2026-01-01 10:41:17'),
	(114, 6, '2025-12-30', 2, '800T', 'Manual', '15:00:00', '21:00:00', 6.00, 360, 27, 283, 'Dec', NULL, '2025-12-30 10:41:17', '2025-12-30 10:41:17'),
	(115, 6, '2025-12-06', 2, '800T', 'Manual', '14:00:00', '18:00:00', 4.00, 240, 0, 582, 'Dec', NULL, '2025-12-06 10:41:17', '2025-12-06 10:41:17'),
	(116, 6, '2025-12-08', 2, '800T', 'Manual', '15:00:00', '19:00:00', 4.00, 240, 14, 503, 'Dec', NULL, '2025-12-08 10:41:17', '2025-12-08 10:41:17'),
	(117, 6, '2025-12-23', 3, '800T', 'Manual', '22:00:00', '04:00:00', 6.00, 360, 29, 212, 'Dec', NULL, '2025-12-23 10:41:17', '2025-12-23 10:41:17'),
	(118, 6, '2025-12-03', 3, '800T', 'Manual', '22:00:00', '05:00:00', 7.00, 420, 25, 548, 'Dec', NULL, '2025-12-03 10:41:17', '2025-12-03 10:41:17'),
	(119, 6, '2025-11-26', 1, '800T', 'Auto', '06:00:00', '13:00:00', 7.00, 420, 17, 500, 'Nov', NULL, '2025-11-26 10:41:17', '2025-11-26 10:41:17'),
	(120, 6, '2025-12-09', 3, '800T', 'Auto', '23:00:00', '06:00:00', 7.00, 420, 0, 395, 'Dec', NULL, '2025-12-09 10:41:17', '2025-12-09 10:41:17'),
	(121, 6, '2025-12-17', 3, '800T', 'Auto', '22:00:00', '05:00:00', 7.00, 420, 30, 272, 'Dec', NULL, '2025-12-17 10:41:17', '2025-12-17 10:41:17'),
	(122, 6, '2026-01-16', 2, '800T', 'Auto', '15:00:00', '22:00:00', 7.00, 420, 0, 773, 'Jan', NULL, '2026-01-16 10:41:17', '2026-01-16 10:41:17'),
	(123, 6, '2026-01-02', 3, '800T', 'Auto', '23:00:00', '04:00:00', 5.00, 300, 20, 421, 'Jan', NULL, '2026-01-02 10:41:17', '2026-01-02 10:41:17'),
	(124, 6, '2025-11-23', 3, '800T', 'Manual', '22:00:00', '06:00:00', 8.00, 480, 0, 441, 'Nov', NULL, '2025-11-23 10:41:17', '2025-11-23 10:41:17'),
	(125, 6, '2026-01-10', 1, '800T', 'Auto', '06:00:00', '10:00:00', 4.00, 240, 19, 431, 'Jan', NULL, '2026-01-10 10:41:17', '2026-01-10 10:41:17'),
	(126, 6, '2025-11-25', 2, '800T', 'Auto', '14:00:00', '22:00:00', 8.00, 480, 0, 253, 'Nov', NULL, '2025-11-25 10:41:17', '2025-11-25 10:41:17'),
	(127, 6, '2026-01-18', 1, '800T', 'Manual', '08:00:00', '14:00:00', 6.00, 360, 0, 548, 'Jan', NULL, '2026-01-18 10:41:17', '2026-01-18 10:41:17'),
	(128, 6, '2025-12-30', 1, '800T', 'Manual', '06:00:00', '12:00:00', 6.00, 360, 25, 617, 'Dec', NULL, '2025-12-30 10:41:17', '2025-12-30 10:41:17'),
	(129, 6, '2026-01-17', 2, '800T', 'Auto', '15:00:00', '19:00:00', 4.00, 240, 0, 796, 'Jan', NULL, '2026-01-17 10:41:17', '2026-01-17 10:41:17'),
	(130, 6, '2025-12-26', 1, '800T', 'Auto', '06:00:00', '13:00:00', 7.00, 420, 0, 476, 'Dec', NULL, '2025-12-26 10:41:17', '2025-12-26 10:41:17'),
	(131, 6, '2025-12-31', 2, '800T', 'Manual', '15:00:00', '21:00:00', 6.00, 360, 22, 263, 'Dec', NULL, '2025-12-31 10:41:17', '2025-12-31 10:41:17'),
	(132, 6, '2025-12-09', 3, '800T', 'Auto', '22:00:00', '05:00:00', 7.00, 420, 21, 693, 'Dec', NULL, '2025-12-09 10:41:17', '2025-12-09 10:41:17'),
	(133, 6, '2025-11-26', 1, '800T', 'Auto', '06:00:00', '11:00:00', 5.00, 300, 14, 689, 'Nov', NULL, '2025-11-26 10:41:17', '2025-11-26 10:41:17'),
	(134, 6, '2025-11-24', 1, '800T', 'Auto', '08:00:00', '12:00:00', 4.00, 240, 25, 438, 'Nov', NULL, '2025-11-24 10:41:17', '2025-11-24 10:41:17'),
	(135, 7, '2025-12-09', 1, '1200T', 'Auto', '07:00:00', '13:00:00', 6.00, 360, 27, 693, 'Dec', NULL, '2025-12-09 10:41:17', '2025-12-09 10:41:17'),
	(136, 7, '2025-12-07', 2, '1200T', 'Auto', '16:00:00', '20:00:00', 4.00, 240, 27, 622, 'Dec', NULL, '2025-12-07 10:41:17', '2025-12-07 10:41:17'),
	(137, 7, '2026-01-09', 3, '1200T', 'Auto', '23:00:00', '05:00:00', 6.00, 360, 0, 743, 'Jan', NULL, '2026-01-09 10:41:17', '2026-01-09 10:41:17'),
	(138, 7, '2026-01-03', 1, '1200T', 'Auto', '07:00:00', '14:00:00', 7.00, 420, 30, 349, 'Jan', NULL, '2026-01-03 10:41:17', '2026-01-03 10:41:17'),
	(139, 7, '2025-12-11', 1, '1200T', 'Auto', '08:00:00', '16:00:00', 8.00, 480, 0, 650, 'Dec', NULL, '2025-12-11 10:41:17', '2025-12-11 10:41:17'),
	(140, 7, '2026-01-18', 3, '1200T', 'Auto', '23:00:00', '07:00:00', 8.00, 480, 27, 666, 'Jan', NULL, '2026-01-18 10:41:17', '2026-01-18 10:41:17'),
	(141, 7, '2026-01-13', 2, '1200T', 'Auto', '14:00:00', '20:00:00', 6.00, 360, 30, 578, 'Jan', NULL, '2026-01-13 10:41:17', '2026-01-13 10:41:17'),
	(142, 7, '2025-12-15', 2, '1200T', 'Auto', '14:00:00', '19:00:00', 5.00, 300, 22, 450, 'Dec', NULL, '2025-12-15 10:41:17', '2025-12-15 10:41:17'),
	(143, 7, '2026-01-06', 3, '1200T', 'Manual', '22:00:00', '06:00:00', 8.00, 480, 21, 667, 'Jan', NULL, '2026-01-06 10:41:17', '2026-01-06 10:41:17'),
	(144, 7, '2025-11-25', 2, '1200T', 'Auto', '16:00:00', '21:00:00', 5.00, 300, 13, 587, 'Nov', NULL, '2025-11-25 10:41:17', '2025-11-25 10:41:17'),
	(145, 7, '2025-12-01', 3, '1200T', 'Manual', '22:00:00', '02:00:00', 4.00, 240, 22, 717, 'Dec', NULL, '2025-12-01 10:41:17', '2025-12-01 10:41:17'),
	(146, 7, '2025-12-23', 2, '1200T', 'Manual', '16:00:00', '00:00:00', 8.00, 480, 18, 416, 'Dec', NULL, '2025-12-23 10:41:17', '2025-12-23 10:41:17'),
	(147, 7, '2026-01-01', 1, '1200T', 'Manual', '08:00:00', '13:00:00', 5.00, 300, 15, 714, 'Jan', NULL, '2026-01-01 10:41:17', '2026-01-01 10:41:17'),
	(148, 7, '2025-12-29', 2, '1200T', 'Manual', '14:00:00', '19:00:00', 5.00, 300, 30, 604, 'Dec', NULL, '2025-12-29 10:41:17', '2025-12-29 10:41:17'),
	(149, 7, '2025-12-01', 3, '1200T', 'Manual', '23:00:00', '05:00:00', 6.00, 360, 0, 392, 'Dec', NULL, '2025-12-01 10:41:17', '2025-12-01 10:41:17'),
	(150, 7, '2026-01-14', 1, '1200T', 'Auto', '07:00:00', '13:00:00', 6.00, 360, 0, 611, 'Jan', NULL, '2026-01-14 10:41:17', '2026-01-14 10:41:17'),
	(151, 7, '2025-12-25', 2, '1200T', 'Manual', '15:00:00', '21:00:00', 6.00, 360, 26, 681, 'Dec', NULL, '2025-12-25 10:41:17', '2025-12-25 10:41:17'),
	(152, 7, '2025-12-11', 2, '1200T', 'Auto', '15:00:00', '20:00:00', 5.00, 300, 26, 739, 'Dec', NULL, '2025-12-11 10:41:17', '2025-12-11 10:41:17'),
	(153, 7, '2025-12-30', 3, '1200T', 'Manual', '23:00:00', '06:00:00', 7.00, 420, 26, 344, 'Dec', NULL, '2025-12-30 10:41:17', '2025-12-30 10:41:17'),
	(154, 7, '2025-12-31', 1, '1200T', 'Auto', '07:00:00', '12:00:00', 5.00, 300, 24, 679, 'Dec', NULL, '2025-12-31 10:41:17', '2025-12-31 10:41:17'),
	(155, 7, '2026-01-01', 2, '1200T', 'Auto', '14:00:00', '22:00:00', 8.00, 480, 28, 302, 'Jan', NULL, '2026-01-01 10:41:17', '2026-01-01 10:41:17'),
	(156, 7, '2025-12-25', 3, '1200T', 'Manual', '23:00:00', '03:00:00', 4.00, 240, 23, 487, 'Dec', NULL, '2025-12-25 10:41:17', '2025-12-25 10:41:17'),
	(157, 7, '2026-01-06', 1, '1200T', 'Auto', '06:00:00', '12:00:00', 6.00, 360, 29, 206, 'Jan', NULL, '2026-01-06 10:41:17', '2026-01-06 10:41:17'),
	(158, 7, '2025-12-11', 3, '1200T', 'Auto', '22:00:00', '03:00:00', 5.00, 300, 17, 653, 'Dec', NULL, '2025-12-11 10:41:17', '2025-12-11 10:41:17'),
	(159, 7, '2025-11-26', 1, '1200T', 'Auto', '08:00:00', '15:00:00', 7.00, 420, 17, 697, 'Nov', NULL, '2025-11-26 10:41:17', '2025-11-26 10:41:17'),
	(160, 7, '2026-01-04', 1, '1200T', 'Auto', '08:00:00', '12:00:00', 4.00, 240, 0, 296, 'Jan', NULL, '2026-01-04 10:41:17', '2026-01-04 10:41:17'),
	(161, 7, '2025-12-10', 3, '1200T', 'Manual', '22:00:00', '06:00:00', 8.00, 480, 11, 727, 'Dec', NULL, '2025-12-10 10:41:17', '2025-12-10 10:41:17'),
	(162, 8, '2025-11-27', 3, '1200T', 'Auto', '23:00:00', '07:00:00', 8.00, 480, 16, 342, 'Nov', NULL, '2025-11-27 10:41:17', '2025-11-27 10:41:17'),
	(163, 8, '2025-11-28', 3, '1200T', 'Auto', '23:00:00', '06:00:00', 7.00, 420, 29, 234, 'Nov', NULL, '2025-11-28 10:41:17', '2025-11-28 10:41:17'),
	(164, 8, '2025-12-18', 3, '1200T', 'Auto', '22:00:00', '05:00:00', 7.00, 420, 17, 491, 'Dec', NULL, '2025-12-18 10:41:17', '2025-12-18 10:41:17'),
	(165, 8, '2026-01-09', 3, '1200T', 'Auto', '23:00:00', '07:00:00', 8.00, 480, 26, 798, 'Jan', NULL, '2026-01-09 10:41:17', '2026-01-09 10:41:17'),
	(166, 8, '2025-12-29', 3, '1200T', 'Auto', '22:00:00', '03:00:00', 5.00, 300, 19, 766, 'Dec', NULL, '2025-12-29 10:41:17', '2025-12-29 10:41:17'),
	(167, 8, '2026-01-07', 2, '1200T', 'Manual', '16:00:00', '23:00:00', 7.00, 420, 0, 686, 'Jan', NULL, '2026-01-07 10:41:17', '2026-01-07 10:41:17'),
	(168, 8, '2025-12-20', 1, '1200T', 'Auto', '08:00:00', '13:00:00', 5.00, 300, 21, 323, 'Dec', NULL, '2025-12-20 10:41:17', '2025-12-20 10:41:17'),
	(169, 8, '2025-12-16', 3, '1200T', 'Auto', '23:00:00', '04:00:00', 5.00, 300, 13, 405, 'Dec', NULL, '2025-12-16 10:41:17', '2025-12-16 10:41:17'),
	(170, 8, '2026-01-11', 1, '1200T', 'Auto', '06:00:00', '11:00:00', 5.00, 300, 17, 755, 'Jan', NULL, '2026-01-11 10:41:17', '2026-01-11 10:41:17'),
	(171, 8, '2026-01-01', 2, '1200T', 'Manual', '14:00:00', '22:00:00', 8.00, 480, 23, 440, 'Jan', NULL, '2026-01-01 10:41:17', '2026-01-01 10:41:17'),
	(172, 8, '2025-12-26', 1, '1200T', 'Auto', '07:00:00', '11:00:00', 4.00, 240, 0, 372, 'Dec', NULL, '2025-12-26 10:41:17', '2025-12-26 10:41:17'),
	(173, 8, '2026-01-17', 1, '1200T', 'Auto', '07:00:00', '14:00:00', 7.00, 420, 0, 608, 'Jan', NULL, '2026-01-17 10:41:17', '2026-01-17 10:41:17'),
	(174, 8, '2025-12-12', 1, '1200T', 'Auto', '07:00:00', '14:00:00', 7.00, 420, 0, 523, 'Dec', NULL, '2025-12-12 10:41:17', '2025-12-12 10:41:17'),
	(175, 8, '2025-12-23', 3, '1200T', 'Auto', '22:00:00', '06:00:00', 8.00, 480, 18, 785, 'Dec', NULL, '2025-12-23 10:41:17', '2025-12-23 10:41:17'),
	(176, 8, '2025-12-31', 3, '1200T', 'Auto', '22:00:00', '03:00:00', 5.00, 300, 28, 392, 'Dec', NULL, '2025-12-31 10:41:17', '2025-12-31 10:41:17'),
	(177, 8, '2025-12-06', 2, '1200T', 'Auto', '14:00:00', '19:00:00', 5.00, 300, 25, 426, 'Dec', NULL, '2025-12-06 10:41:17', '2025-12-06 10:41:17'),
	(178, 8, '2026-01-16', 2, '1200T', 'Auto', '14:00:00', '18:00:00', 4.00, 240, 15, 625, 'Jan', NULL, '2026-01-16 10:41:17', '2026-01-16 10:41:17'),
	(179, 9, '2025-12-19', 3, '800T', 'Auto', '23:00:00', '05:00:00', 6.00, 360, 21, 432, 'Dec', NULL, '2025-12-19 10:41:17', '2025-12-19 10:41:17'),
	(180, 9, '2026-01-02', 1, '800T', 'Auto', '06:00:00', '10:00:00', 4.00, 240, 0, 311, 'Jan', NULL, '2026-01-02 10:41:17', '2026-01-02 10:41:17'),
	(181, 9, '2025-12-27', 1, '800T', 'Manual', '08:00:00', '15:00:00', 7.00, 420, 12, 335, 'Dec', NULL, '2025-12-27 10:41:17', '2025-12-27 10:41:17'),
	(182, 9, '2025-12-09', 1, '800T', 'Auto', '06:00:00', '12:00:00', 6.00, 360, 19, 674, 'Dec', NULL, '2025-12-09 10:41:17', '2025-12-09 10:41:17'),
	(183, 9, '2025-12-18', 3, '800T', 'Manual', '22:00:00', '02:00:00', 4.00, 240, 18, 707, 'Dec', NULL, '2025-12-18 10:41:17', '2025-12-18 10:41:17'),
	(184, 9, '2025-11-23', 2, '800T', 'Auto', '14:00:00', '21:00:00', 7.00, 420, 20, 231, 'Nov', NULL, '2025-11-23 10:41:17', '2025-11-23 10:41:17'),
	(185, 9, '2025-12-27', 2, '800T', 'Manual', '14:00:00', '19:00:00', 5.00, 300, 16, 414, 'Dec', NULL, '2025-12-27 10:41:17', '2025-12-27 10:41:17'),
	(186, 9, '2025-12-23', 1, '800T', 'Manual', '07:00:00', '15:00:00', 8.00, 480, 29, 507, 'Dec', NULL, '2025-12-23 10:41:17', '2025-12-23 10:41:17'),
	(187, 9, '2025-12-06', 2, '800T', 'Manual', '15:00:00', '20:00:00', 5.00, 300, 18, 738, 'Dec', NULL, '2025-12-06 10:41:17', '2025-12-06 10:41:17'),
	(188, 9, '2026-01-16', 1, '800T', 'Auto', '06:00:00', '10:00:00', 4.00, 240, 26, 656, 'Jan', NULL, '2026-01-16 10:41:17', '2026-01-16 10:41:17'),
	(189, 9, '2026-01-12', 3, '800T', 'Auto', '23:00:00', '05:00:00', 6.00, 360, 0, 723, 'Jan', NULL, '2026-01-12 10:41:17', '2026-01-12 10:41:17'),
	(190, 9, '2025-11-28', 2, '800T', 'Auto', '15:00:00', '21:00:00', 6.00, 360, 29, 434, 'Nov', NULL, '2025-11-28 10:41:17', '2025-11-28 10:41:17'),
	(191, 9, '2025-12-05', 2, '800T', 'Auto', '15:00:00', '22:00:00', 7.00, 420, 19, 698, 'Dec', NULL, '2025-12-05 10:41:17', '2025-12-05 10:41:17'),
	(192, 9, '2025-11-30', 3, '800T', 'Auto', '23:00:00', '03:00:00', 4.00, 240, 0, 647, 'Nov', NULL, '2025-11-30 10:41:17', '2025-11-30 10:41:17'),
	(193, 9, '2026-01-16', 2, '800T', 'Auto', '15:00:00', '20:00:00', 5.00, 300, 24, 345, 'Jan', NULL, '2026-01-16 10:41:17', '2026-01-16 10:41:17'),
	(194, 9, '2025-11-27', 3, '800T', 'Auto', '22:00:00', '02:00:00', 4.00, 240, 0, 274, 'Nov', NULL, '2025-11-27 10:41:17', '2025-11-27 10:41:17'),
	(195, 9, '2025-12-21', 3, '800T', 'Auto', '22:00:00', '05:00:00', 7.00, 420, 10, 664, 'Dec', NULL, '2025-12-21 10:41:17', '2025-12-21 10:41:17'),
	(196, 9, '2025-11-28', 3, '800T', 'Auto', '22:00:00', '04:00:00', 6.00, 360, 10, 231, 'Nov', NULL, '2025-11-28 10:41:17', '2025-11-28 10:41:17'),
	(197, 9, '2026-01-13', 2, '800T', 'Auto', '14:00:00', '19:00:00', 5.00, 300, 0, 543, 'Jan', NULL, '2026-01-13 10:41:17', '2026-01-13 10:41:17'),
	(198, 9, '2025-12-24', 3, '800T', 'Auto', '23:00:00', '06:00:00', 7.00, 420, 27, 606, 'Dec', NULL, '2025-12-24 10:41:17', '2025-12-24 10:41:17'),
	(199, 10, '2025-12-24', 2, '800T', 'Auto', '16:00:00', '23:00:00', 7.00, 420, 0, 628, 'Dec', NULL, '2025-12-24 10:41:17', '2025-12-24 10:41:17'),
	(200, 10, '2025-11-26', 2, '800T', 'Auto', '15:00:00', '21:00:00', 6.00, 360, 15, 330, 'Nov', NULL, '2025-11-26 10:41:17', '2025-11-26 10:41:17'),
	(201, 10, '2025-11-23', 2, '800T', 'Manual', '16:00:00', '00:00:00', 8.00, 480, 21, 517, 'Nov', NULL, '2025-11-23 10:41:17', '2025-11-23 10:41:17'),
	(202, 10, '2026-01-13', 3, '800T', 'Manual', '22:00:00', '03:00:00', 5.00, 300, 23, 319, 'Jan', NULL, '2026-01-13 10:41:17', '2026-01-13 10:41:17'),
	(203, 10, '2025-11-28', 2, '800T', 'Manual', '16:00:00', '23:00:00', 7.00, 420, 30, 255, 'Nov', NULL, '2025-11-28 10:41:17', '2025-11-28 10:41:17'),
	(204, 10, '2025-11-26', 2, '800T', 'Manual', '15:00:00', '19:00:00', 4.00, 240, 26, 752, 'Nov', NULL, '2025-11-26 10:41:17', '2025-11-26 10:41:17'),
	(205, 10, '2026-01-01', 2, '800T', 'Auto', '16:00:00', '22:00:00', 6.00, 360, 15, 716, 'Jan', NULL, '2026-01-01 10:41:17', '2026-01-01 10:41:17'),
	(206, 10, '2025-12-16', 1, '800T', 'Auto', '08:00:00', '12:00:00', 4.00, 240, 0, 377, 'Dec', NULL, '2025-12-16 10:41:17', '2025-12-16 10:41:17'),
	(207, 10, '2025-11-27', 2, '800T', 'Auto', '14:00:00', '18:00:00', 4.00, 240, 16, 227, 'Nov', NULL, '2025-11-27 10:41:17', '2025-11-27 10:41:17'),
	(208, 10, '2026-01-14', 1, '800T', 'Manual', '08:00:00', '16:00:00', 8.00, 480, 0, 777, 'Jan', NULL, '2026-01-14 10:41:17', '2026-01-14 10:41:17'),
	(209, 10, '2025-12-31', 3, '800T', 'Auto', '22:00:00', '05:00:00', 7.00, 420, 22, 287, 'Dec', NULL, '2025-12-31 10:41:17', '2025-12-31 10:41:17'),
	(210, 10, '2025-11-28', 2, '800T', 'Manual', '16:00:00', '22:00:00', 6.00, 360, 16, 244, 'Nov', NULL, '2025-11-28 10:41:17', '2025-11-28 10:41:17'),
	(211, 10, '2025-12-14', 3, '800T', 'Manual', '22:00:00', '05:00:00', 7.00, 420, 13, 398, 'Dec', NULL, '2025-12-14 10:41:17', '2025-12-14 10:41:17'),
	(212, 10, '2025-12-22', 2, '800T', 'Manual', '14:00:00', '20:00:00', 6.00, 360, 26, 576, 'Dec', NULL, '2025-12-22 10:41:17', '2025-12-22 10:41:17'),
	(213, 10, '2025-12-15', 3, '800T', 'Auto', '23:00:00', '06:00:00', 7.00, 420, 15, 439, 'Dec', NULL, '2025-12-15 10:41:17', '2025-12-15 10:41:17'),
	(214, 10, '2026-01-19', 3, '800T', 'Auto', '22:00:00', '03:00:00', 5.00, 300, 11, 210, 'Jan', NULL, '2026-01-19 10:41:17', '2026-01-19 10:41:17'),
	(215, 10, '2026-01-04', 3, '800T', 'Auto', '22:00:00', '05:00:00', 7.00, 420, 15, 628, 'Jan', NULL, '2026-01-04 10:41:17', '2026-01-04 10:41:17'),
	(216, 10, '2026-01-15', 1, '800T', 'Auto', '06:00:00', '10:00:00', 4.00, 240, 0, 770, 'Jan', NULL, '2026-01-15 10:41:17', '2026-01-15 10:41:17'),
	(217, 10, '2026-01-03', 1, '800T', 'Auto', '08:00:00', '12:00:00', 4.00, 240, 24, 370, 'Jan', NULL, '2026-01-03 10:41:17', '2026-01-03 10:41:17'),
	(218, 10, '2025-12-18', 1, '800T', 'Manual', '06:00:00', '12:00:00', 6.00, 360, 11, 499, 'Dec', NULL, '2025-12-18 10:41:17', '2025-12-18 10:41:17'),
	(219, 10, '2025-11-22', 2, '800T', 'Auto', '15:00:00', '19:00:00', 4.00, 240, 30, 667, 'Nov', NULL, '2025-11-22 10:41:17', '2025-11-22 10:41:17'),
	(220, 10, '2026-01-07', 1, '800T', 'Auto', '07:00:00', '12:00:00', 5.00, 300, 10, 431, 'Jan', NULL, '2026-01-07 10:41:17', '2026-01-07 10:41:17'),
	(221, 10, '2025-12-12', 1, '800T', 'Auto', '06:00:00', '11:00:00', 5.00, 300, 12, 770, 'Dec', NULL, '2025-12-12 10:41:17', '2025-12-12 10:41:17'),
	(222, 10, '2025-12-06', 1, '800T', 'Auto', '08:00:00', '14:00:00', 6.00, 360, 0, 772, 'Dec', NULL, '2025-12-06 10:41:17', '2025-12-06 10:41:17'),
	(223, 10, '2025-12-14', 2, '800T', 'Auto', '14:00:00', '18:00:00', 4.00, 240, 13, 717, 'Dec', NULL, '2025-12-14 10:41:17', '2025-12-14 10:41:17'),
	(224, 10, '2025-11-28', 1, '800T', 'Manual', '06:00:00', '11:00:00', 5.00, 300, 24, 420, 'Nov', NULL, '2025-11-28 10:41:17', '2025-11-28 10:41:17'),
	(225, 10, '2025-11-27', 3, '800T', 'Auto', '22:00:00', '04:00:00', 6.00, 360, 24, 538, 'Nov', NULL, '2025-11-27 10:41:17', '2025-11-27 10:41:17'),
	(226, 10, '2025-12-19', 1, '800T', 'Auto', '08:00:00', '12:00:00', 4.00, 240, 0, 262, 'Dec', NULL, '2025-12-19 10:41:17', '2025-12-19 10:41:17'),
	(227, 11, '2025-12-03', 3, '1200T', 'Auto', '22:00:00', '06:00:00', 8.00, 480, 0, 735, 'Dec', NULL, '2025-12-03 10:41:17', '2025-12-03 10:41:17'),
	(228, 11, '2025-11-26', 3, '1200T', 'Auto', '23:00:00', '03:00:00', 4.00, 240, 14, 358, 'Nov', NULL, '2025-11-26 10:41:17', '2025-11-26 10:41:17'),
	(229, 11, '2025-12-07', 3, '1200T', 'Manual', '23:00:00', '03:00:00', 4.00, 240, 23, 239, 'Dec', NULL, '2025-12-07 10:41:17', '2025-12-07 10:41:17'),
	(230, 11, '2025-11-26', 2, '1200T', 'Auto', '15:00:00', '19:00:00', 4.00, 240, 12, 497, 'Nov', NULL, '2025-11-26 10:41:17', '2025-11-26 10:41:17'),
	(231, 11, '2025-12-09', 1, '1200T', 'Auto', '07:00:00', '15:00:00', 8.00, 480, 26, 461, 'Dec', NULL, '2025-12-09 10:41:17', '2025-12-09 10:41:17'),
	(232, 11, '2025-12-27', 2, '1200T', 'Auto', '15:00:00', '23:00:00', 8.00, 480, 0, 605, 'Dec', NULL, '2025-12-27 10:41:17', '2025-12-27 10:41:17'),
	(233, 11, '2025-12-11', 3, '1200T', 'Auto', '23:00:00', '04:00:00', 5.00, 300, 22, 241, 'Dec', NULL, '2025-12-11 10:41:17', '2025-12-11 10:41:17'),
	(234, 11, '2025-12-19', 3, '1200T', 'Manual', '23:00:00', '04:00:00', 5.00, 300, 14, 222, 'Dec', NULL, '2025-12-19 10:41:17', '2025-12-19 10:41:17'),
	(235, 11, '2026-01-11', 1, '1200T', 'Auto', '06:00:00', '12:00:00', 6.00, 360, 0, 731, 'Jan', NULL, '2026-01-11 10:41:17', '2026-01-11 10:41:17'),
	(236, 11, '2025-12-05', 2, '1200T', 'Manual', '15:00:00', '23:00:00', 8.00, 480, 28, 300, 'Dec', NULL, '2025-12-05 10:41:17', '2025-12-05 10:41:17'),
	(237, 11, '2025-12-13', 1, '1200T', 'Manual', '07:00:00', '11:00:00', 4.00, 240, 12, 460, 'Dec', NULL, '2025-12-13 10:41:17', '2025-12-13 10:41:17'),
	(238, 11, '2025-12-31', 2, '1200T', 'Auto', '15:00:00', '20:00:00', 5.00, 300, 20, 604, 'Dec', NULL, '2025-12-31 10:41:17', '2025-12-31 10:41:17'),
	(239, 11, '2025-12-14', 1, '1200T', 'Auto', '08:00:00', '12:00:00', 4.00, 240, 16, 672, 'Dec', NULL, '2025-12-14 10:41:17', '2025-12-14 10:41:17'),
	(240, 11, '2026-01-07', 1, '1200T', 'Manual', '06:00:00', '10:00:00', 4.00, 240, 19, 407, 'Jan', NULL, '2026-01-07 10:41:17', '2026-01-07 10:41:17'),
	(241, 11, '2025-12-21', 3, '1200T', 'Manual', '22:00:00', '06:00:00', 8.00, 480, 22, 292, 'Dec', NULL, '2025-12-21 10:41:17', '2025-12-21 10:41:17'),
	(242, 11, '2025-11-27', 3, '1200T', 'Auto', '22:00:00', '02:00:00', 4.00, 240, 0, 231, 'Nov', NULL, '2025-11-27 10:41:17', '2025-11-27 10:41:17'),
	(243, 11, '2025-12-25', 2, '1200T', 'Auto', '15:00:00', '22:00:00', 7.00, 420, 30, 562, 'Dec', NULL, '2025-12-25 10:41:17', '2025-12-25 10:41:17'),
	(244, 11, '2026-01-05', 3, '1200T', 'Auto', '23:00:00', '03:00:00', 4.00, 240, 0, 228, 'Jan', NULL, '2026-01-05 10:41:17', '2026-01-05 10:41:17'),
	(245, 11, '2026-01-16', 3, '1200T', 'Auto', '22:00:00', '03:00:00', 5.00, 300, 11, 727, 'Jan', NULL, '2026-01-16 10:41:17', '2026-01-16 10:41:17'),
	(246, 11, '2025-11-28', 3, '1200T', 'Auto', '22:00:00', '03:00:00', 5.00, 300, 0, 624, 'Nov', NULL, '2025-11-28 10:41:17', '2025-11-28 10:41:17'),
	(247, 11, '2026-01-16', 1, '1200T', 'Auto', '06:00:00', '10:00:00', 4.00, 240, 25, 696, 'Jan', NULL, '2026-01-16 10:41:17', '2026-01-16 10:41:17'),
	(248, 11, '2025-12-13', 1, '1200T', 'Auto', '08:00:00', '14:00:00', 6.00, 360, 30, 337, 'Dec', NULL, '2025-12-13 10:41:17', '2025-12-13 10:41:17'),
	(249, 11, '2025-12-13', 1, '1200T', 'Auto', '06:00:00', '12:00:00', 6.00, 360, 0, 407, 'Dec', NULL, '2025-12-13 10:41:17', '2025-12-13 10:41:17'),
	(250, 12, '2025-11-22', 2, '1200T', 'Auto', '14:00:00', '19:00:00', 5.00, 300, 11, 706, 'Nov', NULL, '2025-11-22 10:41:17', '2025-11-22 10:41:17'),
	(251, 12, '2026-01-06', 3, '1200T', 'Manual', '23:00:00', '07:00:00', 8.00, 480, 24, 603, 'Jan', NULL, '2026-01-06 10:41:17', '2026-01-06 10:41:17'),
	(252, 12, '2025-12-11', 1, '1200T', 'Auto', '07:00:00', '14:00:00', 7.00, 420, 0, 269, 'Dec', NULL, '2025-12-11 10:41:17', '2025-12-11 10:41:17'),
	(253, 12, '2026-01-06', 3, '1200T', 'Auto', '22:00:00', '03:00:00', 5.00, 300, 28, 286, 'Jan', NULL, '2026-01-06 10:41:17', '2026-01-06 10:41:17'),
	(254, 12, '2026-01-05', 1, '1200T', 'Auto', '07:00:00', '12:00:00', 5.00, 300, 29, 452, 'Jan', NULL, '2026-01-05 10:41:17', '2026-01-05 10:41:17'),
	(255, 12, '2025-12-10', 2, '1200T', 'Auto', '15:00:00', '22:00:00', 7.00, 420, 24, 600, 'Dec', NULL, '2025-12-10 10:41:17', '2025-12-10 10:41:17'),
	(256, 12, '2025-12-04', 2, '1200T', 'Auto', '15:00:00', '23:00:00', 8.00, 480, 18, 622, 'Dec', NULL, '2025-12-04 10:41:17', '2025-12-04 10:41:17'),
	(257, 12, '2025-12-22', 3, '1200T', 'Auto', '22:00:00', '05:00:00', 7.00, 420, 0, 768, 'Dec', NULL, '2025-12-22 10:41:17', '2025-12-22 10:41:17'),
	(258, 12, '2025-11-27', 1, '1200T', 'Manual', '08:00:00', '15:00:00', 7.00, 420, 16, 724, 'Nov', NULL, '2025-11-27 10:41:17', '2025-11-27 10:41:17'),
	(259, 12, '2025-12-12', 2, '1200T', 'Auto', '16:00:00', '00:00:00', 8.00, 480, 24, 518, 'Dec', NULL, '2025-12-12 10:41:17', '2025-12-12 10:41:17'),
	(260, 12, '2026-01-12', 1, '1200T', 'Auto', '07:00:00', '14:00:00', 7.00, 420, 26, 750, 'Jan', NULL, '2026-01-12 10:41:17', '2026-01-12 10:41:17'),
	(261, 12, '2026-01-12', 3, '1200T', 'Auto', '22:00:00', '02:00:00', 4.00, 240, 22, 329, 'Jan', NULL, '2026-01-12 10:41:17', '2026-01-12 10:41:17'),
	(262, 12, '2026-01-19', 3, '1200T', 'Auto', '22:00:00', '05:00:00', 7.00, 420, 0, 545, 'Jan', NULL, '2026-01-19 10:41:17', '2026-01-19 10:41:17'),
	(263, 12, '2026-01-09', 2, '1200T', 'Manual', '15:00:00', '19:00:00', 4.00, 240, 0, 348, 'Jan', NULL, '2026-01-09 10:41:17', '2026-01-09 10:41:17'),
	(264, 12, '2025-12-16', 3, '1200T', 'Auto', '22:00:00', '05:00:00', 7.00, 420, 29, 659, 'Dec', NULL, '2025-12-16 10:41:17', '2025-12-16 10:41:17'),
	(265, 12, '2026-01-01', 1, '1200T', 'Auto', '07:00:00', '15:00:00', 8.00, 480, 0, 459, 'Jan', NULL, '2026-01-01 10:41:17', '2026-01-01 10:41:17'),
	(266, 12, '2026-01-19', 3, '1200T', 'Auto', '23:00:00', '07:00:00', 8.00, 480, 23, 204, 'Jan', NULL, '2026-01-19 10:41:17', '2026-01-19 10:41:17'),
	(267, 12, '2025-12-13', 2, '1200T', 'Auto', '16:00:00', '20:00:00', 4.00, 240, 20, 298, 'Dec', NULL, '2025-12-13 10:41:17', '2025-12-13 10:41:17'),
	(268, 12, '2025-11-29', 1, '1200T', 'Auto', '08:00:00', '14:00:00', 6.00, 360, 11, 362, 'Nov', NULL, '2025-11-29 10:41:17', '2025-11-29 10:41:17'),
	(269, 13, '2025-12-22', 2, '250T', 'Auto', '16:00:00', '21:00:00', 5.00, 300, 0, 464, 'Dec', NULL, '2025-12-22 10:41:17', '2025-12-22 10:41:17'),
	(270, 13, '2025-12-27', 2, '250T', 'Manual', '16:00:00', '00:00:00', 8.00, 480, 19, 656, 'Dec', NULL, '2025-12-27 10:41:17', '2025-12-27 10:41:17'),
	(271, 13, '2025-12-06', 2, '250T', 'Auto', '16:00:00', '20:00:00', 4.00, 240, 0, 599, 'Dec', NULL, '2025-12-06 10:41:17', '2025-12-06 10:41:17'),
	(272, 13, '2026-01-02', 1, '250T', 'Manual', '07:00:00', '11:00:00', 4.00, 240, 25, 347, 'Jan', NULL, '2026-01-02 10:41:17', '2026-01-02 10:41:17'),
	(273, 13, '2026-01-08', 2, '250T', 'Auto', '16:00:00', '21:00:00', 5.00, 300, 0, 474, 'Jan', NULL, '2026-01-08 10:41:17', '2026-01-08 10:41:17'),
	(274, 13, '2025-12-08', 1, '250T', 'Auto', '07:00:00', '14:00:00', 7.00, 420, 28, 476, 'Dec', NULL, '2025-12-08 10:41:17', '2025-12-08 10:41:17'),
	(275, 13, '2025-12-09', 1, '250T', 'Auto', '06:00:00', '13:00:00', 7.00, 420, 26, 711, 'Dec', NULL, '2025-12-09 10:41:17', '2025-12-09 10:41:17'),
	(276, 13, '2025-12-17', 3, '250T', 'Auto', '23:00:00', '03:00:00', 4.00, 240, 0, 257, 'Dec', NULL, '2025-12-17 10:41:17', '2025-12-17 10:41:17'),
	(277, 13, '2025-12-20', 3, '250T', 'Auto', '23:00:00', '04:00:00', 5.00, 300, 28, 703, 'Dec', NULL, '2025-12-20 10:41:17', '2025-12-20 10:41:17'),
	(278, 13, '2025-11-25', 1, '250T', 'Auto', '07:00:00', '15:00:00', 8.00, 480, 15, 457, 'Nov', NULL, '2025-11-25 10:41:17', '2025-11-25 10:41:17'),
	(279, 13, '2025-12-13', 2, '250T', 'Auto', '15:00:00', '22:00:00', 7.00, 420, 12, 645, 'Dec', NULL, '2025-12-13 10:41:17', '2025-12-13 10:41:17'),
	(280, 13, '2025-12-09', 3, '250T', 'Auto', '22:00:00', '03:00:00', 5.00, 300, 0, 358, 'Dec', NULL, '2025-12-09 10:41:17', '2025-12-09 10:41:17'),
	(281, 13, '2026-01-03', 3, '250T', 'Auto', '22:00:00', '02:00:00', 4.00, 240, 23, 691, 'Jan', NULL, '2026-01-03 10:41:17', '2026-01-03 10:41:17'),
	(282, 13, '2025-12-26', 3, '250T', 'Auto', '22:00:00', '05:00:00', 7.00, 420, 0, 475, 'Dec', NULL, '2025-12-26 10:41:17', '2025-12-26 10:41:17'),
	(283, 13, '2025-12-20', 2, '250T', 'Auto', '15:00:00', '23:00:00', 8.00, 480, 0, 344, 'Dec', NULL, '2025-12-20 10:41:17', '2025-12-20 10:41:17'),
	(284, 13, '2025-12-04', 3, '250T', 'Auto', '22:00:00', '05:00:00', 7.00, 420, 28, 458, 'Dec', NULL, '2025-12-04 10:41:17', '2025-12-04 10:41:17'),
	(285, 13, '2025-12-30', 2, '250T', 'Auto', '16:00:00', '20:00:00', 4.00, 240, 17, 718, 'Dec', NULL, '2025-12-30 10:41:17', '2025-12-30 10:41:17'),
	(286, 13, '2025-12-07', 2, '250T', 'Auto', '16:00:00', '00:00:00', 8.00, 480, 22, 435, 'Dec', NULL, '2025-12-07 10:41:17', '2025-12-07 10:41:17'),
	(287, 13, '2026-01-06', 1, '250T', 'Auto', '08:00:00', '14:00:00', 6.00, 360, 14, 348, 'Jan', NULL, '2026-01-06 10:41:17', '2026-01-06 10:41:17'),
	(288, 13, '2025-12-21', 1, '250T', 'Auto', '08:00:00', '15:00:00', 7.00, 420, 18, 490, 'Dec', NULL, '2025-12-21 10:41:17', '2025-12-21 10:41:17'),
	(289, 13, '2025-11-25', 3, '250T', 'Auto', '23:00:00', '04:00:00', 5.00, 300, 25, 627, 'Nov', NULL, '2025-11-25 10:41:17', '2025-11-25 10:41:17'),
	(290, 13, '2025-12-28', 1, '250T', 'Auto', '06:00:00', '12:00:00', 6.00, 360, 21, 260, 'Dec', NULL, '2025-12-28 10:41:17', '2025-12-28 10:41:17'),
	(291, 13, '2026-01-14', 3, '250T', 'Auto', '22:00:00', '06:00:00', 8.00, 480, 0, 276, 'Jan', NULL, '2026-01-14 10:41:17', '2026-01-14 10:41:17'),
	(292, 14, '2025-11-29', 3, '250T', 'Auto', '23:00:00', '06:00:00', 7.00, 420, 26, 208, 'Nov', NULL, '2025-11-29 10:41:17', '2025-11-29 10:41:17'),
	(293, 14, '2025-12-20', 1, '250T', 'Auto', '08:00:00', '16:00:00', 8.00, 480, 13, 362, 'Dec', NULL, '2025-12-20 10:41:17', '2025-12-20 10:41:17'),
	(294, 14, '2025-12-29', 2, '250T', 'Manual', '15:00:00', '19:00:00', 4.00, 240, 21, 557, 'Dec', NULL, '2025-12-29 10:41:17', '2025-12-29 10:41:17'),
	(295, 14, '2025-12-26', 2, '250T', 'Auto', '14:00:00', '20:00:00', 6.00, 360, 22, 377, 'Dec', NULL, '2025-12-26 10:41:17', '2025-12-26 10:41:17'),
	(296, 14, '2026-01-13', 3, '250T', 'Manual', '22:00:00', '02:00:00', 4.00, 240, 0, 420, 'Jan', NULL, '2026-01-13 10:41:17', '2026-01-13 10:41:17'),
	(297, 14, '2025-12-30', 2, '250T', 'Auto', '14:00:00', '21:00:00', 7.00, 420, 0, 484, 'Dec', NULL, '2025-12-30 10:41:17', '2025-12-30 10:41:17'),
	(298, 14, '2025-12-16', 3, '250T', 'Auto', '22:00:00', '05:00:00', 7.00, 420, 0, 460, 'Dec', NULL, '2025-12-16 10:41:17', '2025-12-16 10:41:17'),
	(299, 14, '2025-12-05', 3, '250T', 'Auto', '23:00:00', '06:00:00', 7.00, 420, 22, 762, 'Dec', NULL, '2025-12-05 10:41:17', '2025-12-05 10:41:17'),
	(300, 14, '2025-12-25', 2, '250T', 'Auto', '16:00:00', '22:00:00', 6.00, 360, 21, 444, 'Dec', NULL, '2025-12-25 10:41:17', '2025-12-25 10:41:17'),
	(301, 14, '2026-01-19', 2, '250T', 'Auto', '15:00:00', '20:00:00', 5.00, 300, 29, 209, 'Jan', NULL, '2026-01-19 10:41:17', '2026-01-19 10:41:17'),
	(302, 14, '2025-12-19', 1, '250T', 'Manual', '06:00:00', '10:00:00', 4.00, 240, 12, 614, 'Dec', NULL, '2025-12-19 10:41:17', '2025-12-19 10:41:17'),
	(303, 14, '2025-12-18', 2, '250T', 'Auto', '16:00:00', '00:00:00', 8.00, 480, 10, 506, 'Dec', NULL, '2025-12-18 10:41:17', '2025-12-18 10:41:17'),
	(304, 14, '2025-11-22', 2, '250T', 'Auto', '15:00:00', '22:00:00', 7.00, 420, 28, 465, 'Nov', NULL, '2025-11-22 10:41:17', '2025-11-22 10:41:17'),
	(305, 14, '2025-11-22', 1, '250T', 'Auto', '07:00:00', '14:00:00', 7.00, 420, 11, 497, 'Nov', NULL, '2025-11-22 10:41:17', '2025-11-22 10:41:17'),
	(306, 14, '2026-01-06', 2, '250T', 'Manual', '16:00:00', '00:00:00', 8.00, 480, 0, 366, 'Jan', NULL, '2026-01-06 10:41:17', '2026-01-06 10:41:17'),
	(307, 14, '2025-12-22', 3, '250T', 'Auto', '23:00:00', '06:00:00', 7.00, 420, 16, 633, 'Dec', NULL, '2025-12-22 10:41:17', '2025-12-22 10:41:17'),
	(308, 14, '2026-01-14', 3, '250T', 'Auto', '23:00:00', '04:00:00', 5.00, 300, 27, 656, 'Jan', NULL, '2026-01-14 10:41:17', '2026-01-14 10:41:17'),
	(309, 14, '2025-11-26', 2, '250T', 'Auto', '14:00:00', '18:00:00', 4.00, 240, 30, 506, 'Nov', NULL, '2025-11-26 10:41:17', '2025-11-26 10:41:17'),
	(310, 14, '2026-01-13', 1, '250T', 'Manual', '08:00:00', '12:00:00', 4.00, 240, 19, 529, 'Jan', NULL, '2026-01-13 10:41:17', '2026-01-13 10:41:17'),
	(311, 15, '2025-11-26', 2, '250T', 'Auto', '16:00:00', '23:00:00', 7.00, 420, 0, 245, 'Nov', NULL, '2025-11-26 10:41:17', '2025-11-26 10:41:17'),
	(312, 15, '2025-12-10', 3, '250T', 'Auto', '23:00:00', '07:00:00', 8.00, 480, 15, 636, 'Dec', NULL, '2025-12-10 10:41:17', '2025-12-10 10:41:17'),
	(313, 15, '2025-12-29', 3, '250T', 'Auto', '22:00:00', '04:00:00', 6.00, 360, 27, 563, 'Dec', NULL, '2025-12-29 10:41:17', '2025-12-29 10:41:17'),
	(314, 15, '2025-11-30', 3, '250T', 'Auto', '22:00:00', '03:00:00', 5.00, 300, 10, 416, 'Nov', NULL, '2025-11-30 10:41:17', '2025-11-30 10:41:17'),
	(315, 15, '2025-12-14', 1, '250T', 'Auto', '06:00:00', '13:00:00', 7.00, 420, 26, 773, 'Dec', NULL, '2025-12-14 10:41:17', '2025-12-14 10:41:17'),
	(316, 15, '2026-01-03', 2, '250T', 'Auto', '14:00:00', '22:00:00', 8.00, 480, 0, 241, 'Jan', NULL, '2026-01-03 10:41:17', '2026-01-03 10:41:17'),
	(317, 15, '2025-12-09', 3, '250T', 'Auto', '22:00:00', '06:00:00', 8.00, 480, 21, 381, 'Dec', NULL, '2025-12-09 10:41:17', '2025-12-09 10:41:17'),
	(318, 15, '2025-12-25', 3, '250T', 'Auto', '22:00:00', '06:00:00', 8.00, 480, 0, 231, 'Dec', NULL, '2025-12-25 10:41:17', '2025-12-25 10:41:17'),
	(319, 15, '2026-01-07', 2, '250T', 'Auto', '14:00:00', '21:00:00', 7.00, 420, 26, 669, 'Jan', NULL, '2026-01-07 10:41:17', '2026-01-07 10:41:17'),
	(320, 15, '2026-01-07', 3, '250T', 'Manual', '23:00:00', '07:00:00', 8.00, 480, 12, 364, 'Jan', NULL, '2026-01-07 10:41:17', '2026-01-07 10:41:17'),
	(321, 15, '2025-11-24', 3, '250T', 'Auto', '22:00:00', '02:00:00', 4.00, 240, 15, 228, 'Nov', NULL, '2025-11-24 10:41:17', '2025-11-24 10:41:17'),
	(322, 15, '2025-12-27', 1, '250T', 'Auto', '06:00:00', '11:00:00', 5.00, 300, 12, 295, 'Dec', NULL, '2025-12-27 10:41:17', '2025-12-27 10:41:17'),
	(323, 15, '2026-01-07', 2, '250T', 'Manual', '16:00:00', '21:00:00', 5.00, 300, 10, 452, 'Jan', NULL, '2026-01-07 10:41:17', '2026-01-07 10:41:17'),
	(324, 15, '2025-11-29', 2, '250T', 'Manual', '14:00:00', '20:00:00', 6.00, 360, 23, 214, 'Nov', NULL, '2025-11-29 10:41:17', '2025-11-29 10:41:17'),
	(325, 15, '2026-01-13', 2, '250T', 'Auto', '15:00:00', '23:00:00', 8.00, 480, 0, 692, 'Jan', NULL, '2026-01-13 10:41:17', '2026-01-13 10:41:17'),
	(326, 15, '2025-12-15', 2, '250T', 'Auto', '14:00:00', '20:00:00', 6.00, 360, 30, 537, 'Dec', NULL, '2025-12-15 10:41:17', '2025-12-15 10:41:17'),
	(327, 15, '2026-01-03', 1, '250T', 'Auto', '06:00:00', '14:00:00', 8.00, 480, 21, 474, 'Jan', NULL, '2026-01-03 10:41:17', '2026-01-03 10:41:17'),
	(328, 15, '2026-01-03', 3, '250T', 'Auto', '22:00:00', '03:00:00', 5.00, 300, 15, 555, 'Jan', NULL, '2026-01-03 10:41:17', '2026-01-03 10:41:17'),
	(329, 15, '2026-01-10', 2, '250T', 'Auto', '15:00:00', '20:00:00', 5.00, 300, 10, 584, 'Jan', NULL, '2026-01-10 10:41:17', '2026-01-10 10:41:17'),
	(330, 15, '2025-12-10', 2, '250T', 'Auto', '14:00:00', '22:00:00', 8.00, 480, 23, 297, 'Dec', NULL, '2025-12-10 10:41:17', '2025-12-10 10:41:17'),
	(331, 15, '2025-12-02', 2, '250T', 'Auto', '16:00:00', '23:00:00', 7.00, 420, 0, 654, 'Dec', NULL, '2025-12-02 10:41:17', '2025-12-02 10:41:17'),
	(332, 15, '2025-12-24', 3, '250T', 'Auto', '23:00:00', '07:00:00', 8.00, 480, 29, 368, 'Dec', NULL, '2025-12-24 10:41:17', '2025-12-24 10:41:17'),
	(333, 15, '2025-11-23', 2, '250T', 'Manual', '14:00:00', '21:00:00', 7.00, 420, 23, 491, 'Nov', NULL, '2025-11-23 10:41:17', '2025-11-23 10:41:17'),
	(334, 15, '2026-01-14', 2, '250T', 'Manual', '15:00:00', '19:00:00', 4.00, 240, 0, 411, 'Jan', NULL, '2026-01-14 10:41:17', '2026-01-14 10:41:17'),
	(335, 15, '2025-11-25', 3, '250T', 'Manual', '22:00:00', '03:00:00', 5.00, 300, 0, 343, 'Nov', NULL, '2025-11-25 10:41:17', '2025-11-25 10:41:17'),
	(336, 15, '2025-12-02', 2, '250T', 'Auto', '16:00:00', '23:00:00', 7.00, 420, 13, 780, 'Dec', NULL, '2025-12-02 10:41:17', '2025-12-02 10:41:17'),
	(337, 15, '2025-12-19', 2, '250T', 'Auto', '16:00:00', '21:00:00', 5.00, 300, 16, 244, 'Dec', NULL, '2025-12-19 10:41:17', '2025-12-19 10:41:17'),
	(338, 16, '2025-11-28', 1, '250T', 'Manual', '07:00:00', '11:00:00', 4.00, 240, 24, 759, 'Nov', NULL, '2025-11-28 10:41:17', '2025-11-28 10:41:17'),
	(339, 16, '2025-12-31', 1, '250T', 'Auto', '08:00:00', '12:00:00', 4.00, 240, 20, 584, 'Dec', NULL, '2025-12-31 10:41:17', '2025-12-31 10:41:17'),
	(340, 16, '2025-11-30', 1, '250T', 'Auto', '07:00:00', '11:00:00', 4.00, 240, 0, 278, 'Nov', NULL, '2025-11-30 10:41:17', '2025-11-30 10:41:17'),
	(341, 16, '2025-12-24', 1, '250T', 'Auto', '07:00:00', '15:00:00', 8.00, 480, 26, 517, 'Dec', NULL, '2025-12-24 10:41:17', '2025-12-24 10:41:17'),
	(342, 16, '2025-12-26', 2, '250T', 'Manual', '15:00:00', '22:00:00', 7.00, 420, 19, 558, 'Dec', NULL, '2025-12-26 10:41:17', '2025-12-26 10:41:17'),
	(343, 16, '2025-12-16', 1, '250T', 'Manual', '06:00:00', '12:00:00', 6.00, 360, 23, 430, 'Dec', NULL, '2025-12-16 10:41:17', '2025-12-16 10:41:17'),
	(344, 16, '2025-12-03', 3, '250T', 'Manual', '22:00:00', '03:00:00', 5.00, 300, 19, 725, 'Dec', NULL, '2025-12-03 10:41:17', '2025-12-03 10:41:17'),
	(345, 16, '2026-01-08', 1, '250T', 'Manual', '06:00:00', '14:00:00', 8.00, 480, 28, 618, 'Jan', NULL, '2026-01-08 10:41:17', '2026-01-08 10:41:17'),
	(346, 16, '2025-12-31', 1, '250T', 'Auto', '06:00:00', '13:00:00', 7.00, 420, 0, 258, 'Dec', NULL, '2025-12-31 10:41:17', '2025-12-31 10:41:17'),
	(347, 16, '2026-01-13', 2, '250T', 'Manual', '15:00:00', '21:00:00', 6.00, 360, 27, 441, 'Jan', NULL, '2026-01-13 10:41:17', '2026-01-13 10:41:17'),
	(348, 16, '2026-01-20', 2, '250T', 'Auto', '16:00:00', '00:00:00', 8.00, 480, 29, 684, 'Jan', NULL, '2026-01-20 10:41:17', '2026-01-20 10:41:17'),
	(349, 16, '2025-12-31', 1, '250T', 'Manual', '07:00:00', '14:00:00', 7.00, 420, 20, 562, 'Dec', NULL, '2025-12-31 10:41:17', '2025-12-31 10:41:17'),
	(350, 16, '2025-12-18', 1, '250T', 'Auto', '08:00:00', '12:00:00', 4.00, 240, 28, 524, 'Dec', NULL, '2025-12-18 10:41:17', '2025-12-18 10:41:17'),
	(351, 16, '2026-01-11', 1, '250T', 'Auto', '08:00:00', '14:00:00', 6.00, 360, 0, 418, 'Jan', NULL, '2026-01-11 10:41:17', '2026-01-11 10:41:17'),
	(352, 16, '2025-12-05', 2, '250T', 'Auto', '16:00:00', '21:00:00', 5.00, 300, 21, 548, 'Dec', NULL, '2025-12-05 10:41:17', '2025-12-05 10:41:17'),
	(353, 16, '2025-11-23', 2, '250T', 'Auto', '14:00:00', '19:00:00', 5.00, 300, 22, 725, 'Nov', NULL, '2025-11-23 10:41:17', '2025-11-23 10:41:17'),
	(354, 16, '2025-12-18', 3, '250T', 'Auto', '22:00:00', '03:00:00', 5.00, 300, 19, 477, 'Dec', NULL, '2025-12-18 10:41:17', '2025-12-18 10:41:17'),
	(355, 16, '2025-12-17', 3, '250T', 'Auto', '23:00:00', '03:00:00', 4.00, 240, 23, 677, 'Dec', NULL, '2025-12-17 10:41:17', '2025-12-17 10:41:17'),
	(356, 16, '2025-12-24', 3, '250T', 'Auto', '23:00:00', '03:00:00', 4.00, 240, 18, 296, 'Dec', NULL, '2025-12-24 10:41:17', '2025-12-24 10:41:17'),
	(357, 16, '2025-12-24', 3, '250T', 'Auto', '23:00:00', '05:00:00', 6.00, 360, 20, 690, 'Dec', NULL, '2025-12-24 10:41:17', '2025-12-24 10:41:17'),
	(358, 16, '2025-12-25', 2, '250T', 'Manual', '14:00:00', '22:00:00', 8.00, 480, 11, 667, 'Dec', NULL, '2025-12-25 10:41:17', '2025-12-25 10:41:17'),
	(359, 16, '2025-12-08', 3, '250T', 'Manual', '22:00:00', '02:00:00', 4.00, 240, 12, 266, 'Dec', NULL, '2025-12-08 10:41:17', '2025-12-08 10:41:17'),
	(360, 16, '2025-11-30', 3, '250T', 'Manual', '22:00:00', '02:00:00', 4.00, 240, 11, 270, 'Nov', NULL, '2025-11-30 10:41:17', '2025-11-30 10:41:17'),
	(361, 17, '2025-11-30', 3, '250T', 'Manual', '22:00:00', '06:00:00', 8.00, 480, 21, 429, 'Nov', NULL, '2025-11-30 10:41:17', '2025-11-30 10:41:17'),
	(362, 17, '2025-12-04', 3, '250T', 'Manual', '22:00:00', '02:00:00', 4.00, 240, 19, 211, 'Dec', NULL, '2025-12-04 10:41:17', '2025-12-04 10:41:17'),
	(363, 17, '2025-12-28', 1, '250T', 'Manual', '07:00:00', '12:00:00', 5.00, 300, 20, 689, 'Dec', NULL, '2025-12-28 10:41:17', '2025-12-28 10:41:17'),
	(364, 17, '2025-12-03', 2, '250T', 'Manual', '14:00:00', '19:00:00', 5.00, 300, 16, 526, 'Dec', NULL, '2025-12-03 10:41:17', '2025-12-03 10:41:17'),
	(365, 17, '2025-12-20', 1, '250T', 'Auto', '06:00:00', '13:00:00', 7.00, 420, 25, 639, 'Dec', NULL, '2025-12-20 10:41:17', '2025-12-20 10:41:17'),
	(366, 17, '2025-12-27', 1, '250T', 'Auto', '08:00:00', '16:00:00', 8.00, 480, 10, 521, 'Dec', NULL, '2025-12-27 10:41:17', '2025-12-27 10:41:17'),
	(367, 17, '2025-12-09', 2, '250T', 'Auto', '14:00:00', '19:00:00', 5.00, 300, 21, 599, 'Dec', NULL, '2025-12-09 10:41:17', '2025-12-09 10:41:17'),
	(368, 17, '2026-01-11', 2, '250T', 'Manual', '16:00:00', '22:00:00', 6.00, 360, 27, 295, 'Jan', NULL, '2026-01-11 10:41:17', '2026-01-11 10:41:17'),
	(369, 17, '2025-12-02', 2, '250T', 'Auto', '16:00:00', '22:00:00', 6.00, 360, 0, 206, 'Dec', NULL, '2025-12-02 10:41:17', '2025-12-02 10:41:17'),
	(370, 17, '2025-12-03', 3, '250T', 'Auto', '23:00:00', '04:00:00', 5.00, 300, 28, 543, 'Dec', NULL, '2025-12-03 10:41:17', '2025-12-03 10:41:17'),
	(371, 17, '2026-01-14', 3, '250T', 'Manual', '22:00:00', '05:00:00', 7.00, 420, 12, 263, 'Jan', NULL, '2026-01-14 10:41:17', '2026-01-14 10:41:17'),
	(372, 17, '2026-01-12', 1, '250T', 'Manual', '08:00:00', '15:00:00', 7.00, 420, 30, 641, 'Jan', NULL, '2026-01-12 10:41:17', '2026-01-12 10:41:17'),
	(373, 17, '2025-12-20', 2, '250T', 'Auto', '16:00:00', '00:00:00', 8.00, 480, 0, 357, 'Dec', NULL, '2025-12-20 10:41:17', '2025-12-20 10:41:17'),
	(374, 17, '2026-01-19', 1, '250T', 'Auto', '08:00:00', '14:00:00', 6.00, 360, 24, 699, 'Jan', NULL, '2026-01-19 10:41:17', '2026-01-19 10:41:17'),
	(375, 17, '2025-12-15', 1, '250T', 'Manual', '06:00:00', '12:00:00', 6.00, 360, 17, 362, 'Dec', NULL, '2025-12-15 10:41:17', '2025-12-15 10:41:17'),
	(376, 17, '2025-11-29', 1, '250T', 'Manual', '06:00:00', '13:00:00', 7.00, 420, 0, 270, 'Nov', NULL, '2025-11-29 10:41:17', '2025-11-29 10:41:17'),
	(377, 17, '2025-12-12', 1, '250T', 'Manual', '07:00:00', '15:00:00', 8.00, 480, 26, 681, 'Dec', NULL, '2025-12-12 10:41:17', '2025-12-12 10:41:17'),
	(378, 18, '2026-01-09', 2, '250T', 'Auto', '16:00:00', '20:00:00', 4.00, 240, 16, 702, 'Jan', NULL, '2026-01-09 10:41:17', '2026-01-09 10:41:17'),
	(379, 18, '2025-11-28', 1, '250T', 'Auto', '08:00:00', '12:00:00', 4.00, 240, 15, 734, 'Nov', NULL, '2025-11-28 10:41:17', '2025-11-28 10:41:17'),
	(380, 18, '2026-01-14', 2, '250T', 'Auto', '16:00:00', '20:00:00', 4.00, 240, 16, 237, 'Jan', NULL, '2026-01-14 10:41:17', '2026-01-14 10:41:17'),
	(381, 18, '2025-12-25', 3, '250T', 'Auto', '22:00:00', '02:00:00', 4.00, 240, 19, 311, 'Dec', NULL, '2025-12-25 10:41:17', '2025-12-25 10:41:17'),
	(382, 18, '2025-12-18', 2, '250T', 'Auto', '16:00:00', '20:00:00', 4.00, 240, 18, 681, 'Dec', NULL, '2025-12-18 10:41:17', '2025-12-18 10:41:17'),
	(383, 18, '2025-12-16', 1, '250T', 'Manual', '08:00:00', '12:00:00', 4.00, 240, 24, 359, 'Dec', NULL, '2025-12-16 10:41:17', '2025-12-16 10:41:17'),
	(384, 18, '2025-12-28', 3, '250T', 'Manual', '23:00:00', '03:00:00', 4.00, 240, 0, 203, 'Dec', NULL, '2025-12-28 10:41:17', '2025-12-28 10:41:17'),
	(385, 18, '2025-12-20', 3, '250T', 'Auto', '22:00:00', '06:00:00', 8.00, 480, 27, 786, 'Dec', NULL, '2025-12-20 10:41:17', '2025-12-20 10:41:17'),
	(386, 18, '2026-01-05', 1, '250T', 'Auto', '06:00:00', '10:00:00', 4.00, 240, 0, 586, 'Jan', NULL, '2026-01-05 10:41:17', '2026-01-05 10:41:17'),
	(387, 18, '2025-12-25', 1, '250T', 'Manual', '06:00:00', '14:00:00', 8.00, 480, 19, 201, 'Dec', NULL, '2025-12-25 10:41:17', '2025-12-25 10:41:17'),
	(388, 18, '2025-11-27', 2, '250T', 'Manual', '15:00:00', '19:00:00', 4.00, 240, 0, 300, 'Nov', NULL, '2025-11-27 10:41:17', '2025-11-27 10:41:17'),
	(389, 18, '2026-01-14', 1, '250T', 'Auto', '07:00:00', '13:00:00', 6.00, 360, 25, 641, 'Jan', NULL, '2026-01-14 10:41:17', '2026-01-14 10:41:17'),
	(390, 18, '2025-12-20', 3, '250T', 'Auto', '22:00:00', '03:00:00', 5.00, 300, 27, 205, 'Dec', NULL, '2025-12-20 10:41:17', '2025-12-20 10:41:17'),
	(391, 18, '2025-12-20', 2, '250T', 'Manual', '14:00:00', '18:00:00', 4.00, 240, 0, 630, 'Dec', NULL, '2025-12-20 10:41:17', '2025-12-20 10:41:17'),
	(392, 18, '2025-12-11', 1, '250T', 'Auto', '06:00:00', '11:00:00', 5.00, 300, 30, 377, 'Dec', NULL, '2025-12-11 10:41:17', '2025-12-11 10:41:17'),
	(393, 18, '2026-01-19', 2, '250T', 'Auto', '16:00:00', '20:00:00', 4.00, 240, 17, 709, 'Jan', NULL, '2026-01-19 10:41:17', '2026-01-19 10:41:17'),
	(394, 18, '2025-12-20', 1, '250T', 'Auto', '07:00:00', '13:00:00', 6.00, 360, 0, 604, 'Dec', NULL, '2025-12-20 10:41:17', '2025-12-20 10:41:17'),
	(395, 18, '2025-12-10', 2, '250T', 'Auto', '16:00:00', '22:00:00', 6.00, 360, 29, 471, 'Dec', NULL, '2025-12-10 10:41:17', '2025-12-10 10:41:17'),
	(396, 18, '2025-11-24', 3, '250T', 'Auto', '22:00:00', '02:00:00', 4.00, 240, 12, 712, 'Nov', NULL, '2025-11-24 10:41:17', '2025-11-24 10:41:17'),
	(397, 19, '2025-12-13', 3, '250T', 'Auto', '22:00:00', '03:00:00', 5.00, 300, 25, 209, 'Dec', NULL, '2025-12-13 10:41:17', '2025-12-13 10:41:17'),
	(398, 19, '2025-11-22', 3, '250T', 'Auto', '22:00:00', '03:00:00', 5.00, 300, 28, 723, 'Nov', NULL, '2025-11-22 10:41:17', '2025-11-22 10:41:17'),
	(399, 19, '2025-12-01', 1, '250T', 'Auto', '08:00:00', '13:00:00', 5.00, 300, 22, 217, 'Dec', NULL, '2025-12-01 10:41:17', '2025-12-01 10:41:17'),
	(400, 19, '2025-12-21', 1, '250T', 'Auto', '08:00:00', '16:00:00', 8.00, 480, 22, 485, 'Dec', NULL, '2025-12-21 10:41:17', '2025-12-21 10:41:17'),
	(401, 19, '2025-12-25', 2, '250T', 'Auto', '15:00:00', '22:00:00', 7.00, 420, 20, 209, 'Dec', NULL, '2025-12-25 10:41:17', '2025-12-25 10:41:17'),
	(402, 19, '2025-11-29', 2, '250T', 'Auto', '15:00:00', '19:00:00', 4.00, 240, 23, 677, 'Nov', NULL, '2025-11-29 10:41:17', '2025-11-29 10:41:17'),
	(403, 19, '2025-11-26', 3, '250T', 'Auto', '23:00:00', '04:00:00', 5.00, 300, 23, 555, 'Nov', NULL, '2025-11-26 10:41:17', '2025-11-26 10:41:17'),
	(404, 19, '2026-01-06', 3, '250T', 'Auto', '23:00:00', '04:00:00', 5.00, 300, 12, 682, 'Jan', NULL, '2026-01-06 10:41:17', '2026-01-06 10:41:17'),
	(405, 19, '2025-12-23', 3, '250T', 'Auto', '22:00:00', '02:00:00', 4.00, 240, 28, 475, 'Dec', NULL, '2025-12-23 10:41:17', '2025-12-23 10:41:17'),
	(406, 19, '2025-11-24', 3, '250T', 'Auto', '23:00:00', '07:00:00', 8.00, 480, 27, 557, 'Nov', NULL, '2025-11-24 10:41:17', '2025-11-24 10:41:17'),
	(407, 19, '2026-01-07', 1, '250T', 'Auto', '08:00:00', '15:00:00', 7.00, 420, 23, 390, 'Jan', NULL, '2026-01-07 10:41:17', '2026-01-07 10:41:17'),
	(408, 19, '2025-12-21', 1, '250T', 'Auto', '08:00:00', '14:00:00', 6.00, 360, 16, 249, 'Dec', NULL, '2025-12-21 10:41:17', '2025-12-21 10:41:17'),
	(409, 19, '2025-11-25', 2, '250T', 'Manual', '15:00:00', '22:00:00', 7.00, 420, 0, 711, 'Nov', NULL, '2025-11-25 10:41:17', '2025-11-25 10:41:17'),
	(410, 19, '2025-12-02', 3, '250T', 'Manual', '23:00:00', '03:00:00', 4.00, 240, 29, 583, 'Dec', NULL, '2025-12-02 10:41:17', '2025-12-02 10:41:17'),
	(411, 19, '2025-12-18', 3, '250T', 'Auto', '22:00:00', '02:00:00', 4.00, 240, 10, 768, 'Dec', NULL, '2025-12-18 10:41:17', '2025-12-18 10:41:17'),
	(412, 19, '2026-01-03', 3, '250T', 'Auto', '23:00:00', '05:00:00', 6.00, 360, 17, 360, 'Jan', NULL, '2026-01-03 10:41:17', '2026-01-03 10:41:17'),
	(413, 19, '2025-11-22', 2, '250T', 'Auto', '15:00:00', '19:00:00', 4.00, 240, 0, 733, 'Nov', NULL, '2025-11-22 10:41:17', '2025-11-22 10:41:17'),
	(414, 19, '2025-12-08', 2, '250T', 'Auto', '16:00:00', '20:00:00', 4.00, 240, 23, 291, 'Dec', NULL, '2025-12-08 10:41:17', '2025-12-08 10:41:17'),
	(415, 20, '2025-12-30', 1, '250T', 'Auto', '07:00:00', '13:00:00', 6.00, 360, 15, 518, 'Dec', NULL, '2025-12-30 10:41:17', '2025-12-30 10:41:17'),
	(416, 20, '2025-12-29', 1, '250T', 'Auto', '08:00:00', '13:00:00', 5.00, 300, 17, 765, 'Dec', NULL, '2025-12-29 10:41:17', '2025-12-29 10:41:17'),
	(417, 20, '2025-12-03', 1, '250T', 'Auto', '06:00:00', '11:00:00', 5.00, 300, 13, 669, 'Dec', NULL, '2025-12-03 10:41:17', '2025-12-03 10:41:17'),
	(418, 20, '2025-12-04', 2, '250T', 'Manual', '14:00:00', '21:00:00', 7.00, 420, 0, 785, 'Dec', NULL, '2025-12-04 10:41:17', '2025-12-04 10:41:17'),
	(419, 20, '2025-11-22', 3, '250T', 'Manual', '23:00:00', '07:00:00', 8.00, 480, 21, 381, 'Nov', NULL, '2025-11-22 10:41:17', '2025-11-22 10:41:17'),
	(420, 20, '2026-01-20', 2, '250T', 'Auto', '14:00:00', '20:00:00', 6.00, 360, 19, 409, 'Jan', NULL, '2026-01-20 10:41:17', '2026-01-20 10:41:17'),
	(421, 20, '2025-12-26', 2, '250T', 'Manual', '16:00:00', '00:00:00', 8.00, 480, 15, 423, 'Dec', NULL, '2025-12-26 10:41:17', '2025-12-26 10:41:17'),
	(422, 20, '2025-12-16', 2, '250T', 'Manual', '15:00:00', '20:00:00', 5.00, 300, 24, 605, 'Dec', NULL, '2025-12-16 10:41:17', '2025-12-16 10:41:17'),
	(423, 20, '2025-11-24', 3, '250T', 'Auto', '23:00:00', '05:00:00', 6.00, 360, 19, 604, 'Nov', NULL, '2025-11-24 10:41:17', '2025-11-24 10:41:17'),
	(424, 20, '2025-11-25', 3, '250T', 'Manual', '23:00:00', '05:00:00', 6.00, 360, 16, 429, 'Nov', NULL, '2025-11-25 10:41:17', '2025-11-25 10:41:17'),
	(425, 20, '2025-11-28', 3, '250T', 'Auto', '22:00:00', '03:00:00', 5.00, 300, 26, 449, 'Nov', NULL, '2025-11-28 10:41:17', '2025-11-28 10:41:17'),
	(426, 20, '2025-11-25', 3, '250T', 'Manual', '23:00:00', '05:00:00', 6.00, 360, 28, 535, 'Nov', NULL, '2025-11-25 10:41:17', '2025-11-25 10:41:17'),
	(427, 20, '2025-12-07', 3, '250T', 'Auto', '22:00:00', '03:00:00', 5.00, 300, 24, 267, 'Dec', NULL, '2025-12-07 10:41:17', '2025-12-07 10:41:17'),
	(428, 20, '2025-12-04', 3, '250T', 'Auto', '23:00:00', '03:00:00', 4.00, 240, 20, 589, 'Dec', NULL, '2025-12-04 10:41:17', '2025-12-04 10:41:17'),
	(429, 20, '2025-12-24', 1, '250T', 'Auto', '08:00:00', '14:00:00', 6.00, 360, 0, 482, 'Dec', NULL, '2025-12-24 10:41:17', '2025-12-24 10:41:17'),
	(430, 20, '2025-11-29', 2, '250T', 'Auto', '15:00:00', '21:00:00', 6.00, 360, 13, 720, 'Nov', NULL, '2025-11-29 10:41:17', '2025-11-29 10:41:17'),
	(431, 20, '2025-12-20', 2, '250T', 'Auto', '16:00:00', '20:00:00', 4.00, 240, 18, 502, 'Dec', NULL, '2025-12-20 10:41:17', '2025-12-20 10:41:17'),
	(432, 20, '2026-01-17', 1, '250T', 'Manual', '06:00:00', '11:00:00', 5.00, 300, 24, 386, 'Jan', NULL, '2026-01-17 10:41:17', '2026-01-17 10:41:17'),
	(433, 20, '2026-01-16', 2, '250T', 'Manual', '15:00:00', '19:00:00', 4.00, 240, 0, 466, 'Jan', NULL, '2026-01-16 10:41:17', '2026-01-16 10:41:17'),
	(434, 20, '2025-12-14', 2, '250T', 'Auto', '15:00:00', '22:00:00', 7.00, 420, 0, 531, 'Dec', NULL, '2025-12-14 10:41:17', '2025-12-14 10:41:17'),
	(435, 20, '2025-12-24', 3, '250T', 'Auto', '23:00:00', '03:00:00', 4.00, 240, 25, 471, 'Dec', NULL, '2025-12-24 10:41:17', '2025-12-24 10:41:17'),
	(436, 20, '2025-12-21', 3, '250T', 'Auto', '23:00:00', '05:00:00', 6.00, 360, 24, 504, 'Dec', NULL, '2025-12-21 10:41:17', '2025-12-21 10:41:17'),
	(437, 20, '2026-01-19', 1, '250T', 'Auto', '07:00:00', '13:00:00', 6.00, 360, 21, 300, 'Jan', NULL, '2026-01-19 10:41:17', '2026-01-19 10:41:17'),
	(438, 20, '2025-12-24', 3, '250T', 'Auto', '23:00:00', '07:00:00', 8.00, 480, 0, 604, 'Dec', NULL, '2025-12-24 10:41:17', '2025-12-24 10:41:17'),
	(439, 20, '2025-12-18', 3, '250T', 'Auto', '23:00:00', '04:00:00', 5.00, 300, 14, 769, 'Dec', NULL, '2025-12-18 10:41:17', '2025-12-18 10:41:17'),
	(440, 20, '2025-12-11', 1, '250T', 'Auto', '06:00:00', '12:00:00', 6.00, 360, 12, 667, 'Dec', NULL, '2025-12-11 10:41:17', '2025-12-11 10:41:17'),
	(441, 20, '2025-12-19', 1, '250T', 'Auto', '06:00:00', '10:00:00', 4.00, 240, 30, 529, 'Dec', NULL, '2025-12-19 10:41:17', '2025-12-19 10:41:17'),
	(442, 20, '2025-12-25', 3, '250T', 'Auto', '23:00:00', '07:00:00', 8.00, 480, 29, 271, 'Dec', NULL, '2025-12-25 10:41:17', '2025-12-25 10:41:17'),
	(443, 20, '2025-12-29', 1, '250T', 'Manual', '07:00:00', '13:00:00', 6.00, 360, 0, 670, 'Dec', NULL, '2025-12-29 10:41:17', '2025-12-29 10:41:17'),
	(444, 21, '2025-11-26', 2, '250T', 'Auto', '16:00:00', '20:00:00', 4.00, 240, 27, 495, 'Nov', NULL, '2025-11-26 10:41:17', '2025-11-26 10:41:17'),
	(445, 21, '2025-12-27', 1, '250T', 'Manual', '06:00:00', '10:00:00', 4.00, 240, 24, 353, 'Dec', NULL, '2025-12-27 10:41:17', '2025-12-27 10:41:17'),
	(446, 21, '2025-12-05', 3, '250T', 'Auto', '23:00:00', '06:00:00', 7.00, 420, 23, 667, 'Dec', NULL, '2025-12-05 10:41:17', '2025-12-05 10:41:17'),
	(447, 21, '2026-01-20', 3, '250T', 'Auto', '23:00:00', '04:00:00', 5.00, 300, 22, 800, 'Jan', NULL, '2026-01-20 10:41:17', '2026-01-20 10:41:17'),
	(448, 21, '2025-12-15', 2, '250T', 'Auto', '16:00:00', '00:00:00', 8.00, 480, 24, 268, 'Dec', NULL, '2025-12-15 10:41:17', '2025-12-15 10:41:17'),
	(449, 21, '2025-12-27', 3, '250T', 'Auto', '23:00:00', '03:00:00', 4.00, 240, 25, 597, 'Dec', NULL, '2025-12-27 10:41:17', '2025-12-27 10:41:17'),
	(450, 21, '2025-12-31', 3, '250T', 'Manual', '22:00:00', '05:00:00', 7.00, 420, 0, 731, 'Dec', NULL, '2025-12-31 10:41:17', '2025-12-31 10:41:17'),
	(451, 21, '2025-12-25', 3, '250T', 'Auto', '22:00:00', '02:00:00', 4.00, 240, 26, 785, 'Dec', NULL, '2025-12-25 10:41:17', '2025-12-25 10:41:17'),
	(452, 21, '2025-12-27', 1, '250T', 'Auto', '07:00:00', '13:00:00', 6.00, 360, 0, 308, 'Dec', NULL, '2025-12-27 10:41:17', '2025-12-27 10:41:17'),
	(453, 21, '2025-11-28', 2, '250T', 'Auto', '15:00:00', '19:00:00', 4.00, 240, 18, 239, 'Nov', NULL, '2025-11-28 10:41:17', '2025-11-28 10:41:17'),
	(454, 21, '2026-01-16', 2, '250T', 'Auto', '15:00:00', '19:00:00', 4.00, 240, 0, 414, 'Jan', NULL, '2026-01-16 10:41:17', '2026-01-16 10:41:17'),
	(455, 21, '2025-12-23', 2, '250T', 'Manual', '14:00:00', '19:00:00', 5.00, 300, 14, 389, 'Dec', NULL, '2025-12-23 10:41:17', '2025-12-23 10:41:17'),
	(456, 21, '2025-11-24', 2, '250T', 'Manual', '15:00:00', '20:00:00', 5.00, 300, 30, 210, 'Nov', NULL, '2025-11-24 10:41:17', '2025-11-24 10:41:17'),
	(457, 21, '2025-11-26', 1, '250T', 'Manual', '07:00:00', '14:00:00', 7.00, 420, 11, 267, 'Nov', NULL, '2025-11-26 10:41:17', '2025-11-26 10:41:17'),
	(458, 21, '2025-11-27', 1, '250T', 'Manual', '08:00:00', '15:00:00', 7.00, 420, 0, 763, 'Nov', NULL, '2025-11-27 10:41:17', '2025-11-27 10:41:17'),
	(459, 21, '2025-12-01', 3, '250T', 'Auto', '23:00:00', '07:00:00', 8.00, 480, 15, 228, 'Dec', NULL, '2025-12-01 10:41:17', '2025-12-01 10:41:17'),
	(460, 21, '2025-12-09', 1, '250T', 'Auto', '08:00:00', '12:00:00', 4.00, 240, 22, 428, 'Dec', NULL, '2025-12-09 10:41:17', '2025-12-09 10:41:17'),
	(461, 21, '2025-12-21', 2, '250T', 'Auto', '15:00:00', '20:00:00', 5.00, 300, 12, 214, 'Dec', NULL, '2025-12-21 10:41:17', '2025-12-21 10:41:17'),
	(462, 22, '2026-01-13', 3, '250T', 'Auto', '22:00:00', '03:00:00', 5.00, 300, 19, 311, 'Jan', NULL, '2026-01-13 10:41:17', '2026-01-13 10:41:17'),
	(463, 22, '2025-12-05', 1, '250T', 'Auto', '06:00:00', '10:00:00', 4.00, 240, 28, 677, 'Dec', NULL, '2025-12-05 10:41:17', '2025-12-05 10:41:17'),
	(464, 22, '2026-01-10', 1, '250T', 'Manual', '06:00:00', '12:00:00', 6.00, 360, 15, 564, 'Jan', NULL, '2026-01-10 10:41:17', '2026-01-10 10:41:17'),
	(465, 22, '2025-12-24', 2, '250T', 'Auto', '16:00:00', '22:00:00', 6.00, 360, 14, 338, 'Dec', NULL, '2025-12-24 10:41:17', '2025-12-24 10:41:17'),
	(466, 22, '2025-12-17', 2, '250T', 'Manual', '15:00:00', '21:00:00', 6.00, 360, 10, 337, 'Dec', NULL, '2025-12-17 10:41:17', '2025-12-17 10:41:17'),
	(467, 22, '2025-12-19', 1, '250T', 'Auto', '08:00:00', '12:00:00', 4.00, 240, 19, 590, 'Dec', NULL, '2025-12-19 10:41:17', '2025-12-19 10:41:17'),
	(468, 22, '2025-11-22', 1, '250T', 'Auto', '08:00:00', '16:00:00', 8.00, 480, 20, 533, 'Nov', NULL, '2025-11-22 10:41:17', '2025-11-22 10:41:17'),
	(469, 22, '2025-12-19', 2, '250T', 'Auto', '16:00:00', '00:00:00', 8.00, 480, 15, 615, 'Dec', NULL, '2025-12-19 10:41:17', '2025-12-19 10:41:17'),
	(470, 22, '2025-12-17', 3, '250T', 'Auto', '22:00:00', '03:00:00', 5.00, 300, 29, 267, 'Dec', NULL, '2025-12-17 10:41:17', '2025-12-17 10:41:17'),
	(471, 22, '2026-01-04', 3, '250T', 'Auto', '23:00:00', '03:00:00', 4.00, 240, 29, 277, 'Jan', NULL, '2026-01-04 10:41:17', '2026-01-04 10:41:17'),
	(472, 22, '2026-01-18', 1, '250T', 'Auto', '08:00:00', '15:00:00', 7.00, 420, 16, 718, 'Jan', NULL, '2026-01-18 10:41:17', '2026-01-18 10:41:17'),
	(473, 22, '2026-01-15', 1, '250T', 'Auto', '07:00:00', '11:00:00', 4.00, 240, 10, 327, 'Jan', NULL, '2026-01-15 10:41:17', '2026-01-15 10:41:17'),
	(474, 22, '2025-11-28', 2, '250T', 'Manual', '15:00:00', '23:00:00', 8.00, 480, 22, 501, 'Nov', NULL, '2025-11-28 10:41:17', '2025-11-28 10:41:17'),
	(475, 22, '2025-12-26', 3, '250T', 'Auto', '23:00:00', '03:00:00', 4.00, 240, 29, 544, 'Dec', NULL, '2025-12-26 10:41:17', '2025-12-26 10:41:17'),
	(476, 22, '2025-12-24', 1, '250T', 'Auto', '08:00:00', '13:00:00', 5.00, 300, 18, 646, 'Dec', NULL, '2025-12-24 10:41:17', '2025-12-24 10:41:17'),
	(477, 22, '2025-12-27', 1, '250T', 'Auto', '06:00:00', '13:00:00', 7.00, 420, 23, 775, 'Dec', NULL, '2025-12-27 10:41:17', '2025-12-27 10:41:17'),
	(478, 22, '2025-11-29', 1, '250T', 'Auto', '07:00:00', '14:00:00', 7.00, 420, 0, 695, 'Nov', NULL, '2025-11-29 10:41:17', '2025-11-29 10:41:17'),
	(479, 22, '2026-01-16', 2, '250T', 'Auto', '14:00:00', '22:00:00', 8.00, 480, 24, 575, 'Jan', NULL, '2026-01-16 10:41:17', '2026-01-16 10:41:17'),
	(480, 22, '2026-01-12', 2, '250T', 'Auto', '16:00:00', '21:00:00', 5.00, 300, 0, 306, 'Jan', NULL, '2026-01-12 10:41:17', '2026-01-12 10:41:17'),
	(481, 23, '2025-12-07', 3, '250T', 'Manual', '23:00:00', '05:00:00', 6.00, 360, 0, 503, 'Dec', NULL, '2025-12-07 10:41:17', '2025-12-07 10:41:17'),
	(482, 23, '2025-12-26', 2, '250T', 'Auto', '14:00:00', '21:00:00', 7.00, 420, 12, 657, 'Dec', NULL, '2025-12-26 10:41:17', '2025-12-26 10:41:17'),
	(483, 23, '2026-01-20', 1, '250T', 'Manual', '08:00:00', '16:00:00', 8.00, 480, 23, 274, 'Jan', NULL, '2026-01-20 10:41:17', '2026-01-20 10:41:17'),
	(484, 23, '2025-12-17', 1, '250T', 'Auto', '06:00:00', '11:00:00', 5.00, 300, 16, 303, 'Dec', NULL, '2025-12-17 10:41:17', '2025-12-17 10:41:17'),
	(485, 23, '2025-12-19', 2, '250T', 'Auto', '14:00:00', '20:00:00', 6.00, 360, 0, 321, 'Dec', NULL, '2025-12-19 10:41:17', '2025-12-19 10:41:17'),
	(486, 23, '2025-12-13', 2, '250T', 'Auto', '15:00:00', '20:00:00', 5.00, 300, 0, 364, 'Dec', NULL, '2025-12-13 10:41:17', '2025-12-13 10:41:17'),
	(487, 23, '2026-01-18', 2, '250T', 'Auto', '16:00:00', '20:00:00', 4.00, 240, 23, 785, 'Jan', NULL, '2026-01-18 10:41:17', '2026-01-18 10:41:17'),
	(488, 23, '2025-12-28', 3, '250T', 'Auto', '23:00:00', '05:00:00', 6.00, 360, 0, 419, 'Dec', NULL, '2025-12-28 10:41:17', '2025-12-28 10:41:17'),
	(489, 23, '2026-01-05', 1, '250T', 'Auto', '07:00:00', '14:00:00', 7.00, 420, 14, 452, 'Jan', NULL, '2026-01-05 10:41:17', '2026-01-05 10:41:17'),
	(490, 23, '2025-12-05', 2, '250T', 'Auto', '16:00:00', '20:00:00', 4.00, 240, 14, 306, 'Dec', NULL, '2025-12-05 10:41:17', '2025-12-05 10:41:17'),
	(491, 23, '2026-01-06', 2, '250T', 'Manual', '15:00:00', '21:00:00', 6.00, 360, 26, 277, 'Jan', NULL, '2026-01-06 10:41:17', '2026-01-06 10:41:17'),
	(492, 23, '2025-12-10', 2, '250T', 'Auto', '15:00:00', '19:00:00', 4.00, 240, 0, 508, 'Dec', NULL, '2025-12-10 10:41:17', '2025-12-10 10:41:17'),
	(493, 23, '2025-12-10', 2, '250T', 'Auto', '14:00:00', '18:00:00', 4.00, 240, 0, 707, 'Dec', NULL, '2025-12-10 10:41:17', '2025-12-10 10:41:17'),
	(494, 23, '2026-01-14', 2, '250T', 'Manual', '15:00:00', '23:00:00', 8.00, 480, 0, 262, 'Jan', NULL, '2026-01-14 10:41:17', '2026-01-14 10:41:17'),
	(495, 23, '2025-11-26', 2, '250T', 'Auto', '15:00:00', '19:00:00', 4.00, 240, 16, 531, 'Nov', NULL, '2025-11-26 10:41:17', '2025-11-26 10:41:17'),
	(496, 23, '2026-01-08', 3, '250T', 'Auto', '22:00:00', '02:00:00', 4.00, 240, 10, 347, 'Jan', NULL, '2026-01-08 10:41:17', '2026-01-08 10:41:17'),
	(497, 23, '2025-12-20', 3, '250T', 'Auto', '23:00:00', '03:00:00', 4.00, 240, 0, 266, 'Dec', NULL, '2025-12-20 10:41:17', '2025-12-20 10:41:17'),
	(498, 23, '2025-11-26', 1, '250T', 'Auto', '08:00:00', '15:00:00', 7.00, 420, 26, 474, 'Nov', NULL, '2025-11-26 10:41:17', '2025-11-26 10:41:17'),
	(499, 23, '2025-12-14', 2, '250T', 'Auto', '14:00:00', '22:00:00', 8.00, 480, 30, 313, 'Dec', NULL, '2025-12-14 10:41:17', '2025-12-14 10:41:17'),
	(500, 23, '2025-12-08', 2, '250T', 'Manual', '16:00:00', '20:00:00', 4.00, 240, 20, 367, 'Dec', NULL, '2025-12-08 10:41:17', '2025-12-08 10:41:17'),
	(501, 23, '2025-12-24', 3, '250T', 'Manual', '22:00:00', '04:00:00', 6.00, 360, 18, 711, 'Dec', NULL, '2025-12-24 10:41:17', '2025-12-24 10:41:17'),
	(502, 23, '2026-01-04', 3, '250T', 'Manual', '22:00:00', '03:00:00', 5.00, 300, 14, 213, 'Jan', NULL, '2026-01-04 10:41:17', '2026-01-04 10:41:17'),
	(503, 23, '2025-11-25', 3, '250T', 'Manual', '23:00:00', '06:00:00', 7.00, 420, 23, 631, 'Nov', NULL, '2025-11-25 10:41:17', '2025-11-25 10:41:17'),
	(504, 24, '2025-12-14', 1, '800T', 'Auto', '06:00:00', '11:00:00', 5.00, 300, 27, 599, 'Dec', NULL, '2025-12-14 10:41:17', '2025-12-14 10:41:17'),
	(505, 24, '2025-12-22', 1, '800T', 'Manual', '06:00:00', '13:00:00', 7.00, 420, 0, 205, 'Dec', NULL, '2025-12-22 10:41:17', '2025-12-22 10:41:17'),
	(506, 24, '2025-12-12', 3, '800T', 'Auto', '22:00:00', '06:00:00', 8.00, 480, 25, 307, 'Dec', NULL, '2025-12-12 10:41:17', '2025-12-12 10:41:17'),
	(507, 24, '2025-12-06', 1, '800T', 'Auto', '07:00:00', '11:00:00', 4.00, 240, 11, 520, 'Dec', NULL, '2025-12-06 10:41:17', '2025-12-06 10:41:17'),
	(508, 24, '2026-01-15', 3, '800T', 'Auto', '23:00:00', '05:00:00', 6.00, 360, 0, 620, 'Jan', NULL, '2026-01-15 10:41:17', '2026-01-15 10:41:17'),
	(509, 24, '2025-12-05', 1, '800T', 'Auto', '07:00:00', '13:00:00', 6.00, 360, 28, 511, 'Dec', NULL, '2025-12-05 10:41:17', '2025-12-05 10:41:17'),
	(510, 24, '2025-12-22', 2, '800T', 'Auto', '14:00:00', '20:00:00', 6.00, 360, 0, 315, 'Dec', NULL, '2025-12-22 10:41:17', '2025-12-22 10:41:17'),
	(511, 24, '2025-12-23', 3, '800T', 'Auto', '22:00:00', '04:00:00', 6.00, 360, 0, 490, 'Dec', NULL, '2025-12-23 10:41:17', '2025-12-23 10:41:17'),
	(512, 24, '2025-12-11', 1, '800T', 'Auto', '08:00:00', '14:00:00', 6.00, 360, 0, 418, 'Dec', NULL, '2025-12-11 10:41:17', '2025-12-11 10:41:17'),
	(513, 24, '2025-12-17', 1, '800T', 'Auto', '06:00:00', '11:00:00', 5.00, 300, 0, 329, 'Dec', NULL, '2025-12-17 10:41:17', '2025-12-17 10:41:17'),
	(514, 24, '2025-12-21', 1, '800T', 'Manual', '06:00:00', '14:00:00', 8.00, 480, 17, 487, 'Dec', NULL, '2025-12-21 10:41:17', '2025-12-21 10:41:17'),
	(515, 24, '2025-12-05', 2, '800T', 'Manual', '15:00:00', '20:00:00', 5.00, 300, 26, 426, 'Dec', NULL, '2025-12-05 10:41:17', '2025-12-05 10:41:17'),
	(516, 24, '2026-01-04', 1, '800T', 'Auto', '06:00:00', '11:00:00', 5.00, 300, 12, 221, 'Jan', NULL, '2026-01-04 10:41:17', '2026-01-04 10:41:17'),
	(517, 24, '2025-12-12', 2, '800T', 'Auto', '14:00:00', '19:00:00', 5.00, 300, 23, 682, 'Dec', NULL, '2025-12-12 10:41:17', '2025-12-12 10:41:17'),
	(518, 24, '2026-01-12', 2, '800T', 'Auto', '15:00:00', '23:00:00', 8.00, 480, 10, 639, 'Jan', NULL, '2026-01-12 10:41:17', '2026-01-12 10:41:17'),
	(519, 24, '2025-11-30', 1, '800T', 'Auto', '06:00:00', '13:00:00', 7.00, 420, 17, 697, 'Nov', NULL, '2025-11-30 10:41:17', '2025-11-30 10:41:17'),
	(520, 24, '2025-12-29', 3, '800T', 'Auto', '23:00:00', '07:00:00', 8.00, 480, 29, 289, 'Dec', NULL, '2025-12-29 10:41:17', '2025-12-29 10:41:17'),
	(521, 24, '2026-01-09', 3, '800T', 'Manual', '22:00:00', '02:00:00', 4.00, 240, 13, 430, 'Jan', NULL, '2026-01-09 10:41:17', '2026-01-09 10:41:17'),
	(522, 24, '2026-01-15', 3, '800T', 'Auto', '22:00:00', '02:00:00', 4.00, 240, 19, 763, 'Jan', NULL, '2026-01-15 10:41:17', '2026-01-15 10:41:17'),
	(523, 24, '2025-12-14', 2, '800T', 'Manual', '16:00:00', '20:00:00', 4.00, 240, 29, 263, 'Dec', NULL, '2025-12-14 10:41:17', '2025-12-14 10:41:17'),
	(524, 24, '2026-01-09', 3, '800T', 'Auto', '23:00:00', '07:00:00', 8.00, 480, 0, 333, 'Jan', NULL, '2026-01-09 10:41:17', '2026-01-09 10:41:17'),
	(525, 24, '2025-12-25', 3, '800T', 'Auto', '23:00:00', '03:00:00', 4.00, 240, 28, 211, 'Dec', NULL, '2025-12-25 10:41:17', '2025-12-25 10:41:17'),
	(526, 24, '2025-12-02', 2, '800T', 'Auto', '16:00:00', '20:00:00', 4.00, 240, 14, 329, 'Dec', NULL, '2025-12-02 10:41:17', '2025-12-02 10:41:17'),
	(527, 24, '2025-12-10', 3, '800T', 'Auto', '22:00:00', '04:00:00', 6.00, 360, 14, 259, 'Dec', NULL, '2025-12-10 10:41:17', '2025-12-10 10:41:17'),
	(528, 24, '2025-12-06', 3, '800T', 'Manual', '23:00:00', '05:00:00', 6.00, 360, 18, 214, 'Dec', NULL, '2025-12-06 10:41:17', '2025-12-06 10:41:17'),
	(529, 24, '2025-11-23', 3, '800T', 'Auto', '23:00:00', '04:00:00', 5.00, 300, 24, 675, 'Nov', NULL, '2025-11-23 10:41:17', '2025-11-23 10:41:17'),
	(530, 24, '2025-11-28', 2, '800T', 'Auto', '16:00:00', '20:00:00', 4.00, 240, 11, 358, 'Nov', NULL, '2025-11-28 10:41:17', '2025-11-28 10:41:17'),
	(531, 24, '2026-01-12', 2, '800T', 'Auto', '16:00:00', '22:00:00', 6.00, 360, 21, 578, 'Jan', NULL, '2026-01-12 10:41:17', '2026-01-12 10:41:17'),
	(532, 25, '2026-01-16', 2, '1200T', 'Auto', '14:00:00', '20:00:00', 6.00, 360, 0, 446, 'Jan', NULL, '2026-01-16 10:41:17', '2026-01-16 10:41:17'),
	(533, 25, '2026-01-10', 2, '1200T', 'Auto', '15:00:00', '23:00:00', 8.00, 480, 18, 356, 'Jan', NULL, '2026-01-10 10:41:17', '2026-01-10 10:41:17'),
	(534, 25, '2026-01-12', 3, '1200T', 'Auto', '23:00:00', '03:00:00', 4.00, 240, 28, 555, 'Jan', NULL, '2026-01-12 10:41:17', '2026-01-12 10:41:17'),
	(535, 25, '2026-01-17', 1, '1200T', 'Auto', '08:00:00', '12:00:00', 4.00, 240, 29, 728, 'Jan', NULL, '2026-01-17 10:41:17', '2026-01-17 10:41:17'),
	(536, 25, '2026-01-17', 1, '1200T', 'Manual', '07:00:00', '11:00:00', 4.00, 240, 16, 269, 'Jan', NULL, '2026-01-17 10:41:17', '2026-01-17 10:41:17'),
	(537, 25, '2026-01-11', 2, '1200T', 'Auto', '15:00:00', '20:00:00', 5.00, 300, 23, 585, 'Jan', NULL, '2026-01-11 10:41:17', '2026-01-11 10:41:17'),
	(538, 25, '2026-01-11', 3, '1200T', 'Auto', '23:00:00', '05:00:00', 6.00, 360, 16, 397, 'Jan', NULL, '2026-01-11 10:41:17', '2026-01-11 10:41:17'),
	(539, 25, '2026-01-09', 2, '1200T', 'Auto', '14:00:00', '21:00:00', 7.00, 420, 0, 573, 'Jan', NULL, '2026-01-09 10:41:17', '2026-01-09 10:41:17'),
	(540, 25, '2026-01-09', 1, '1200T', 'Auto', '07:00:00', '13:00:00', 6.00, 360, 20, 775, 'Jan', NULL, '2026-01-09 10:41:17', '2026-01-09 10:41:17'),
	(541, 25, '2025-12-04', 2, '1200T', 'Auto', '14:00:00', '19:00:00', 5.00, 300, 12, 771, 'Dec', NULL, '2025-12-04 10:41:17', '2025-12-04 10:41:17'),
	(542, 25, '2025-12-14', 1, '1200T', 'Auto', '06:00:00', '13:00:00', 7.00, 420, 17, 331, 'Dec', NULL, '2025-12-14 10:41:17', '2025-12-14 10:41:17'),
	(543, 25, '2025-12-20', 2, '1200T', 'Auto', '14:00:00', '22:00:00', 8.00, 480, 27, 412, 'Dec', NULL, '2025-12-20 10:41:17', '2025-12-20 10:41:17'),
	(544, 25, '2025-12-23', 2, '1200T', 'Auto', '16:00:00', '20:00:00', 4.00, 240, 27, 245, 'Dec', NULL, '2025-12-23 10:41:17', '2025-12-23 10:41:17'),
	(545, 25, '2025-12-25', 1, '1200T', 'Auto', '07:00:00', '14:00:00', 7.00, 420, 0, 525, 'Dec', NULL, '2025-12-25 10:41:17', '2025-12-25 10:41:17'),
	(546, 25, '2025-12-14', 2, '1200T', 'Manual', '14:00:00', '18:00:00', 4.00, 240, 24, 470, 'Dec', NULL, '2025-12-14 10:41:17', '2025-12-14 10:41:17'),
	(547, 25, '2026-01-16', 1, '1200T', 'Auto', '06:00:00', '12:00:00', 6.00, 360, 19, 389, 'Jan', NULL, '2026-01-16 10:41:17', '2026-01-16 10:41:17'),
	(548, 25, '2025-12-24', 3, '1200T', 'Auto', '23:00:00', '04:00:00', 5.00, 300, 0, 543, 'Dec', NULL, '2025-12-24 10:41:17', '2025-12-24 10:41:17'),
	(549, 25, '2026-01-18', 3, '1200T', 'Manual', '22:00:00', '04:00:00', 6.00, 360, 0, 328, 'Jan', NULL, '2026-01-18 10:41:17', '2026-01-18 10:41:17'),
	(550, 25, '2025-12-11', 3, '1200T', 'Auto', '23:00:00', '06:00:00', 7.00, 420, 20, 402, 'Dec', NULL, '2025-12-11 10:41:17', '2025-12-11 10:41:17'),
	(551, 25, '2025-12-31', 1, '1200T', 'Auto', '06:00:00', '14:00:00', 8.00, 480, 14, 534, 'Dec', NULL, '2025-12-31 10:41:17', '2025-12-31 10:41:17'),
	(552, 25, '2026-01-01', 3, '1200T', 'Auto', '23:00:00', '05:00:00', 6.00, 360, 22, 534, 'Jan', NULL, '2026-01-01 10:41:17', '2026-01-01 10:41:17'),
	(553, 25, '2026-01-02', 2, '1200T', 'Auto', '15:00:00', '20:00:00', 5.00, 300, 21, 474, 'Jan', NULL, '2026-01-02 10:41:17', '2026-01-02 10:41:17'),
	(554, 25, '2026-01-08', 3, '1200T', 'Auto', '23:00:00', '07:00:00', 8.00, 480, 12, 758, 'Jan', NULL, '2026-01-08 10:41:17', '2026-01-08 10:41:17'),
	(555, 25, '2026-01-02', 2, '1200T', 'Auto', '16:00:00', '00:00:00', 8.00, 480, 17, 443, 'Jan', NULL, '2026-01-02 10:41:17', '2026-01-02 10:41:17'),
	(556, 25, '2026-01-14', 2, '1200T', 'Manual', '16:00:00', '00:00:00', 8.00, 480, 30, 495, 'Jan', NULL, '2026-01-14 10:41:17', '2026-01-14 10:41:17');

-- Dumping structure for table ppm_dies_monitoring_april.sessions
CREATE TABLE IF NOT EXISTS `sessions` (
  `id` varchar(255) COLLATE utf8mb4_unicode_ci NOT NULL,
  `user_id` bigint(20) unsigned DEFAULT NULL,
  `ip_address` varchar(45) COLLATE utf8mb4_unicode_ci DEFAULT NULL,
  `user_agent` text COLLATE utf8mb4_unicode_ci,
  `payload` longtext COLLATE utf8mb4_unicode_ci NOT NULL,
  `last_activity` int(11) NOT NULL,
  PRIMARY KEY (`id`),
  KEY `sessions_user_id_index` (`user_id`),
  KEY `sessions_last_activity_index` (`last_activity`)
) ENGINE=InnoDB DEFAULT CHARSET=utf8mb4 COLLATE=utf8mb4_unicode_ci;

-- Dumping data for table ppm_dies_monitoring_april.sessions: ~4 rows (approximately)
INSERT IGNORE INTO `sessions` (`id`, `user_id`, `ip_address`, `user_agent`, `payload`, `last_activity`) VALUES
	('80yK8gjx338gdhFF4wXOLklVtsIoZFxXi0k7b04H', 1, '127.0.0.1', 'Mozilla/5.0 (Windows NT 10.0; Win64; x64) AppleWebKit/537.36 (KHTML, like Gecko) Chrome/144.0.0.0 Safari/537.36', 'YTo0OntzOjY6Il90b2tlbiI7czo0MDoieW1JZDVLSW95cHUyWGJPa1JiYnY4SHNmWUkxNjExVm9kbWc0WWdVWiI7czo5OiJfcHJldmlvdXMiO2E6MTp7czozOiJ1cmwiO3M6Mjk6Imh0dHA6Ly8xMjcuMC4wLjE6ODAwMC9kaWVzLzIxIjt9czo2OiJfZmxhc2giO2E6Mjp7czozOiJvbGQiO2E6MDp7fXM6MzoibmV3IjthOjA6e319czo1MDoibG9naW5fd2ViXzU5YmEzNmFkZGMyYjJmOTQwMTU4MGYwMTRjN2Y1OGVhNGUzMDk4OWQiO2k6MTt9', 1769582439),
	('J6JEAM148elt1OqgCvgn1vg37eO157i0u0sEosWk', NULL, '127.0.0.1', 'Mozilla/5.0 (Windows NT 10.0; Win64; x64) AppleWebKit/537.36 (KHTML, like Gecko) Chrome/143.0.0.0 Safari/537.36', 'YTozOntzOjY6Il90b2tlbiI7czo0MDoiVWRDeUFQeWZuUVhNVXdac1VJRDdmQ2hvaTJzMXpwTGhIRkFadkpXWCI7czo2OiJfZmxhc2giO2E6Mjp7czozOiJvbGQiO2E6MDp7fXM6MzoibmV3IjthOjA6e319czo5OiJfcHJldmlvdXMiO2E6MTp7czozOiJ1cmwiO3M6Mjc6Imh0dHA6Ly8xMjcuMC4wLjE6ODAwMC9sb2dpbiI7fX0=', 1769483751),
	('jJ2bXfqJJyRJOBIkdsPXaMCsRa6RyDKstOsqSMze', NULL, '127.0.0.1', 'Mozilla/5.0 (Windows NT 10.0; Win64; x64) AppleWebKit/537.36 (KHTML, like Gecko) Chrome/143.0.0.0 Safari/537.36', 'YTozOntzOjY6Il90b2tlbiI7czo0MDoiVE5pMXU0VHBPMk0xVnBXcGEzOG9FTXlWTFNWUWxVbnBod2t3cXhNZyI7czo2OiJfZmxhc2giO2E6Mjp7czozOiJvbGQiO2E6MDp7fXM6MzoibmV3IjthOjA6e319czo5OiJfcHJldmlvdXMiO2E6MTp7czozOiJ1cmwiO3M6Mzc6Imh0dHA6Ly8xMjcuMC4wLjE6ODAwMC9mb3Jnb3QtcGFzc3dvcmQiO319', 1769418766),
	('YTrqebzGTYaBibnulMgRlh8usZ2K6vRqtpzZUsO6', 1, '127.0.0.1', 'Mozilla/5.0 (Windows NT 10.0; Win64; x64) AppleWebKit/537.36 (KHTML, like Gecko) Chrome/143.0.0.0 Safari/537.36', 'YTo0OntzOjY6Il90b2tlbiI7czo0MDoiUWtQVGxZSFVMWDh1ajhkTGFyUG00dXd6NjdBbUdMWEh0akc5UTc3biI7czo5OiJfcHJldmlvdXMiO2E6MTp7czozOiJ1cmwiO3M6MzE6Imh0dHA6Ly8xMjcuMC4wLjE6ODAwMC9kYXNoYm9hcmQiO31zOjY6Il9mbGFzaCI7YToyOntzOjM6Im9sZCI7YTowOnt9czozOiJuZXciO2E6MDp7fX1zOjUwOiJsb2dpbl93ZWJfNTliYTM2YWRkYzJiMmY5NDAxNTgwZjAxNGM3ZjU4ZWE0ZTMwOTg5ZCI7aToxO30=', 1769504610);

-- Dumping structure for table ppm_dies_monitoring_april.tonnage_standards
CREATE TABLE IF NOT EXISTS `tonnage_standards` (
  `id` bigint(20) unsigned NOT NULL AUTO_INCREMENT,
  `tonnage` varchar(20) COLLATE utf8mb4_unicode_ci NOT NULL,
  `grade` varchar(10) COLLATE utf8mb4_unicode_ci NOT NULL,
  `type` varchar(50) COLLATE utf8mb4_unicode_ci DEFAULT NULL,
  `standard_stroke` int(11) NOT NULL,
  `lot_size` int(11) NOT NULL DEFAULT '2500',
  `description` text COLLATE utf8mb4_unicode_ci,
  `created_at` timestamp NULL DEFAULT NULL,
  `updated_at` timestamp NULL DEFAULT NULL,
  PRIMARY KEY (`id`)
) ENGINE=InnoDB AUTO_INCREMENT=5 DEFAULT CHARSET=utf8mb4 COLLATE=utf8mb4_unicode_ci;

-- Dumping data for table ppm_dies_monitoring_april.tonnage_standards: ~4 rows (approximately)
INSERT IGNORE INTO `tonnage_standards` (`id`, `tonnage`, `grade`, `type`, `standard_stroke`, `lot_size`, `description`, `created_at`, `updated_at`) VALUES
	(1, '1200T', 'A', 'Progressive', 5000, 2500, '1200 Ton Press - Grade A', '2026-01-21 10:41:16', '2026-01-21 10:41:16'),
	(2, '800T', 'B', 'Tandem', 6000, 2500, '800 Ton Press - Grade B', '2026-01-21 10:41:16', '2026-01-21 10:41:16'),
	(3, '250T', 'C', 'Progressive', 10000, 2500, '250 Ton Press - Grade C (Progressive)', '2026-01-21 10:41:16', '2026-01-21 10:41:16'),
	(4, '250T', 'C', 'Tandem', 7000, 2500, '250 Ton Press - Grade C (Tandem)', '2026-01-21 10:41:16', '2026-01-21 10:41:16');

-- Dumping structure for table ppm_dies_monitoring_april.users
CREATE TABLE IF NOT EXISTS `users` (
  `id` bigint(20) unsigned NOT NULL AUTO_INCREMENT,
  `name` varchar(255) COLLATE utf8mb4_unicode_ci NOT NULL,
  `email` varchar(255) COLLATE utf8mb4_unicode_ci NOT NULL,
  `role` varchar(20) COLLATE utf8mb4_unicode_ci NOT NULL DEFAULT 'production',
  `photo` varchar(255) COLLATE utf8mb4_unicode_ci DEFAULT NULL,
  `is_active` tinyint(1) NOT NULL DEFAULT '1',
  `email_verified_at` timestamp NULL DEFAULT NULL,
  `password` varchar(255) COLLATE utf8mb4_unicode_ci NOT NULL,
  `remember_token` varchar(100) COLLATE utf8mb4_unicode_ci DEFAULT NULL,
  `created_at` timestamp NULL DEFAULT NULL,
  `updated_at` timestamp NULL DEFAULT NULL,
  PRIMARY KEY (`id`),
  UNIQUE KEY `users_email_unique` (`email`)
) ENGINE=InnoDB AUTO_INCREMENT=4 DEFAULT CHARSET=utf8mb4 COLLATE=utf8mb4_unicode_ci;

-- Dumping data for table ppm_dies_monitoring_april.users: ~3 rows (approximately)
INSERT IGNORE INTO `users` (`id`, `name`, `email`, `role`, `photo`, `is_active`, `email_verified_at`, `password`, `remember_token`, `created_at`, `updated_at`) VALUES
	(1, 'Administrator', 'admin@gmail.com', 'admin', NULL, 1, NULL, '$2y$12$lyyjahWg4nTqWM2zmMU/XeB.cqa17qYnJGumv3ByMrG3Jcv.ToAqi', NULL, '2026-01-21 10:42:09', '2026-01-21 21:06:48'),
	(2, 'Rydha Ramlan Gunawan', 'maintenance.dies@thaisummit.co.id', 'mtn_dies', NULL, 1, NULL, '$2y$12$F76w7DAIx73bqS77y9KTjOn.lw4fS.J3.S8p7/fda4ephUtEvEChe', NULL, '2026-01-21 20:14:36', '2026-01-21 20:14:36'),
	(3, 'Yadi Heryadi', 'production@thaisummit.co.id', 'production', NULL, 1, NULL, '$2y$12$FccU5xbNNCsbZaksu/.Riu.Sw3ogZjGZpchDlMvfmlKb1uhun7Yw.', NULL, '2026-01-21 20:25:16', '2026-01-21 20:25:16');

/*!40103 SET TIME_ZONE=IFNULL(@OLD_TIME_ZONE, 'system') */;
/*!40101 SET SQL_MODE=IFNULL(@OLD_SQL_MODE, '') */;
/*!40014 SET FOREIGN_KEY_CHECKS=IFNULL(@OLD_FOREIGN_KEY_CHECKS, 1) */;
/*!40101 SET CHARACTER_SET_CLIENT=@OLD_CHARACTER_SET_CLIENT */;
/*!40111 SET SQL_NOTES=IFNULL(@OLD_SQL_NOTES, 1) */;
