-- --------------------------------------------------------
-- Host:                         127.0.0.1
-- Server version:               5.7.24 - MySQL Community Server (GPL)
-- Server OS:                    Win64
-- HeidiSQL Version:             12.8.0.6951
-- --------------------------------------------------------

/*!40101 SET @OLD_CHARACTER_SET_CLIENT=@@CHARACTER_SET_CLIENT */;
/*!40101 SET NAMES utf8 */;
/*!50503 SET NAMES utf8mb4 */;
/*!40103 SET @OLD_TIME_ZONE=@@TIME_ZONE */;
/*!40103 SET TIME_ZONE='+00:00' */;
/*!40014 SET @OLD_FOREIGN_KEY_CHECKS=@@FOREIGN_KEY_CHECKS, FOREIGN_KEY_CHECKS=0 */;
/*!40101 SET @OLD_SQL_MODE=@@SQL_MODE, SQL_MODE='NO_AUTO_VALUE_ON_ZERO' */;
/*!40111 SET @OLD_SQL_NOTES=@@SQL_NOTES, SQL_NOTES=0 */;


-- Dumping database structure for ppm_dies_monitoring_april
CREATE DATABASE IF NOT EXISTS `ppm_dies_monitoring_april` /*!40100 DEFAULT CHARACTER SET utf8mb4 */;
USE `ppm_dies_monitoring_april`;

-- Dumping structure for table ppm_dies_monitoring_april.cache
CREATE TABLE IF NOT EXISTS `cache` (
  `key` varchar(255) COLLATE utf8mb4_unicode_ci NOT NULL,
  `value` mediumtext COLLATE utf8mb4_unicode_ci NOT NULL,
  `expiration` int(11) NOT NULL,
  PRIMARY KEY (`key`)
) ENGINE=InnoDB DEFAULT CHARSET=utf8mb4 COLLATE=utf8mb4_unicode_ci;

-- Dumping data for table ppm_dies_monitoring_april.cache: ~2 rows (approximately)
INSERT IGNORE INTO `cache` (`key`, `value`, `expiration`) VALUES
	('ppm_red_alert_55_2026-03-10', 'b:1;', 1773187200);

-- Dumping structure for table ppm_dies_monitoring_april.cache_locks
CREATE TABLE IF NOT EXISTS `cache_locks` (
  `key` varchar(255) COLLATE utf8mb4_unicode_ci NOT NULL,
  `owner` varchar(255) COLLATE utf8mb4_unicode_ci NOT NULL,
  `expiration` int(11) NOT NULL,
  PRIMARY KEY (`key`)
) ENGINE=InnoDB DEFAULT CHARSET=utf8mb4 COLLATE=utf8mb4_unicode_ci;

-- Dumping data for table ppm_dies_monitoring_april.cache_locks: ~0 rows (approximately)

-- Dumping structure for table ppm_dies_monitoring_april.customers
CREATE TABLE IF NOT EXISTS `customers` (
  `id` bigint(20) unsigned NOT NULL AUTO_INCREMENT,
  `code` varchar(20) COLLATE utf8mb4_unicode_ci NOT NULL,
  `name` varchar(100) COLLATE utf8mb4_unicode_ci NOT NULL,
  `contact_person` varchar(255) COLLATE utf8mb4_unicode_ci DEFAULT NULL,
  `email` varchar(255) COLLATE utf8mb4_unicode_ci DEFAULT NULL,
  `phone` varchar(255) COLLATE utf8mb4_unicode_ci DEFAULT NULL,
  `address` text COLLATE utf8mb4_unicode_ci,
  `is_active` tinyint(1) NOT NULL DEFAULT '1',
  `created_at` timestamp NULL DEFAULT NULL,
  `updated_at` timestamp NULL DEFAULT NULL,
  PRIMARY KEY (`id`),
  UNIQUE KEY `customers_code_unique` (`code`)
) ENGINE=InnoDB AUTO_INCREMENT=8 DEFAULT CHARSET=utf8mb4 COLLATE=utf8mb4_unicode_ci;

-- Dumping data for table ppm_dies_monitoring_april.customers: ~6 rows (approximately)
INSERT IGNORE INTO `customers` (`id`, `code`, `name`, `contact_person`, `email`, `phone`, `address`, `is_active`, `created_at`, `updated_at`) VALUES
	(1, 'HMMI', 'Hyundai Motor Manufacturing Indonesia', NULL, NULL, NULL, NULL, 1, '2026-01-21 10:41:16', '2026-02-22 18:55:20'),
	(2, 'ATS', 'Astra Toyota Motor', NULL, NULL, NULL, NULL, 1, '2026-01-21 10:41:16', '2026-01-21 10:41:16'),
	(3, 'UPIN', 'UPIN Manufacturing', NULL, NULL, NULL, NULL, 1, '2026-01-21 10:41:16', '2026-01-21 10:41:16'),
	(4, 'G-TIM', 'G-TIM Industries', NULL, NULL, NULL, NULL, 1, '2026-01-21 10:41:16', '2026-01-21 10:41:16'),
	(5, 'SIM', 'Suzuki Indomobil Motor', NULL, NULL, NULL, NULL, 1, '2026-01-21 10:41:16', '2026-01-21 10:41:16'),
	(6, 'TMMIN', 'Toyota Motor Manufacturing Indonesia', NULL, NULL, NULL, NULL, 1, '2026-01-21 10:41:16', '2026-01-21 10:41:16'),
	(7, 'ASI', 'Adyawinsa Stamping Induestries', NULL, NULL, NULL, NULL, 1, '2026-03-03 20:47:59', '2026-03-03 20:47:59');

-- Dumping structure for table ppm_dies_monitoring_april.dies
CREATE TABLE IF NOT EXISTS `dies` (
  `id` bigint(20) unsigned NOT NULL AUTO_INCREMENT,
  `part_number` varchar(50) COLLATE utf8mb4_unicode_ci NOT NULL,
  `part_name` varchar(200) COLLATE utf8mb4_unicode_ci NOT NULL,
  `model` varchar(50) COLLATE utf8mb4_unicode_ci DEFAULT NULL,
  `machine_model_id` bigint(20) unsigned NOT NULL,
  `customer_id` bigint(20) unsigned NOT NULL,
  `lot_size` int(11) NOT NULL DEFAULT '600',
  `ppm_standard` int(11) NOT NULL DEFAULT '6000',
  `qty_die` int(11) NOT NULL DEFAULT '1',
  `line` varchar(20) COLLATE utf8mb4_unicode_ci DEFAULT NULL,
  `process_type` varchar(30) COLLATE utf8mb4_unicode_ci DEFAULT NULL COMMENT 'Process type: blank_pierce, draw, embos, trim, form, flang, restrike, pierce, cam_pierce',
  `die_group` varchar(10) COLLATE utf8mb4_unicode_ci DEFAULT NULL,
  `is_4lot_check` tinyint(1) NOT NULL DEFAULT '0',
  `accumulation_stroke` int(11) NOT NULL DEFAULT '0',
  `ppm_count` int(11) NOT NULL DEFAULT '0',
  `stroke_at_last_ppm` int(11) NOT NULL DEFAULT '0',
  `last_stroke` int(11) NOT NULL DEFAULT '0',
  `control_stroke` int(11) DEFAULT NULL,
  `last_ppm_date` date DEFAULT NULL,
  `location` varchar(100) COLLATE utf8mb4_unicode_ci DEFAULT NULL,
  `status` enum('active','inactive','maintenance','disposed') COLLATE utf8mb4_unicode_ci NOT NULL DEFAULT 'active',
  `ppm_alert_status` varchar(50) COLLATE utf8mb4_unicode_ci DEFAULT NULL,
  `ppm_scheduled_date` date DEFAULT NULL,
  `ppm_scheduled_by` varchar(100) COLLATE utf8mb4_unicode_ci DEFAULT NULL,
  `schedule_approved_at` datetime DEFAULT NULL,
  `schedule_approved_by` varchar(100) COLLATE utf8mb4_unicode_ci DEFAULT NULL,
  `red_alerted_at` timestamp NULL DEFAULT NULL,
  `ppm_started_at` timestamp NULL DEFAULT NULL,
  `ppm_finished_at` timestamp NULL DEFAULT NULL,
  `returned_to_production_at` timestamp NULL DEFAULT NULL,
  `ppm_total_days` int(11) DEFAULT NULL,
  `last_lot_date` date DEFAULT NULL,
  `last_lot_date_set_by` varchar(100) COLLATE utf8mb4_unicode_ci DEFAULT NULL,
  `transferred_at` timestamp NULL DEFAULT NULL,
  `transferred_by` varchar(100) COLLATE utf8mb4_unicode_ci DEFAULT NULL,
  `transfer_from_location` varchar(100) COLLATE utf8mb4_unicode_ci DEFAULT NULL,
  `transfer_to_location` varchar(100) COLLATE utf8mb4_unicode_ci DEFAULT NULL,
  `notes` text COLLATE utf8mb4_unicode_ci,
  `created_at` timestamp NULL DEFAULT NULL,
  `updated_at` timestamp NULL DEFAULT NULL,
  PRIMARY KEY (`id`),
  KEY `dies_machine_model_id_foreign` (`machine_model_id`),
  KEY `dies_customer_id_foreign` (`customer_id`),
  KEY `dies_part_number_index` (`part_number`),
  KEY `dies_status_index` (`status`),
  CONSTRAINT `dies_customer_id_foreign` FOREIGN KEY (`customer_id`) REFERENCES `customers` (`id`),
  CONSTRAINT `dies_machine_model_id_foreign` FOREIGN KEY (`machine_model_id`) REFERENCES `machine_models` (`id`)
) ENGINE=InnoDB AUTO_INCREMENT=215 DEFAULT CHARSET=utf8mb4 COLLATE=utf8mb4_unicode_ci;

-- Dumping data for table ppm_dies_monitoring_april.dies: ~187 rows (approximately)
INSERT IGNORE INTO `dies` (`id`, `part_number`, `part_name`, `model`, `machine_model_id`, `customer_id`, `lot_size`, `ppm_standard`, `qty_die`, `line`, `process_type`, `die_group`, `is_4lot_check`, `accumulation_stroke`, `ppm_count`, `stroke_at_last_ppm`, `last_stroke`, `control_stroke`, `last_ppm_date`, `location`, `status`, `ppm_alert_status`, `ppm_scheduled_date`, `ppm_scheduled_by`, `schedule_approved_at`, `schedule_approved_by`, `red_alerted_at`, `ppm_started_at`, `ppm_finished_at`, `returned_to_production_at`, `ppm_total_days`, `last_lot_date`, `last_lot_date_set_by`, `transferred_at`, `transferred_by`, `transfer_from_location`, `transfer_to_location`, `notes`, `created_at`, `updated_at`) VALUES
	(28, '5211A428', 'BAR, FR END UPR, SIDE RH', '20QX', 9, 2, 600, 6000, 1, '800T', NULL, NULL, 0, 0, 0, 0, 0, NULL, '2025-07-22', NULL, 'active', NULL, NULL, NULL, NULL, NULL, NULL, NULL, NULL, NULL, NULL, NULL, NULL, NULL, NULL, NULL, NULL, NULL, '2026-03-03 20:59:46', '2026-03-03 20:59:46'),
	(29, '5211A429', 'BAR, FR END UPR, SIDE LH', '20QX', 9, 2, 600, 6000, 1, '800T', NULL, NULL, 0, 0, 0, 0, 0, NULL, '2025-07-16', NULL, 'active', NULL, NULL, NULL, NULL, NULL, NULL, NULL, NULL, NULL, NULL, NULL, NULL, NULL, NULL, NULL, NULL, NULL, '2026-03-03 20:59:46', '2026-03-03 20:59:46'),
	(30, '76452-W100P', 'SILL-INR,RH', 'RNE', 10, 2, 600, 6000, 1, '800T', NULL, NULL, 0, 0, 0, 0, 0, NULL, '2026-01-08', NULL, 'active', NULL, NULL, NULL, NULL, NULL, NULL, NULL, NULL, NULL, NULL, NULL, NULL, NULL, NULL, NULL, NULL, NULL, '2026-03-03 20:59:46', '2026-03-03 20:59:46'),
	(31, '76452-B000P', 'SILL-INR,RH', '5H45 (RV)', 11, 2, 600, 6000, 1, '800T', NULL, NULL, 1, 0, 0, 0, 0, NULL, '2026-01-08', NULL, 'active', NULL, NULL, NULL, NULL, NULL, NULL, NULL, NULL, NULL, NULL, NULL, NULL, NULL, NULL, NULL, NULL, NULL, '2026-03-03 20:59:46', '2026-03-09 01:03:09'),
	(32, '76452-C000P', 'SILL-INR,RH', '5H45 (RX)', 11, 2, 600, 6000, 1, '800T', NULL, NULL, 0, 0, 0, 0, 0, NULL, '2026-01-08', NULL, 'active', NULL, NULL, NULL, NULL, NULL, NULL, NULL, NULL, NULL, NULL, NULL, NULL, NULL, NULL, NULL, NULL, NULL, '2026-03-03 20:59:46', '2026-03-03 20:59:46'),
	(33, '76453-B000P', 'SILL-INR,LH', '5H45 (RV)', 11, 2, 600, 6000, 1, '800T', NULL, NULL, 1, 0, 0, 0, 0, NULL, '2026-01-14', NULL, 'active', NULL, NULL, NULL, NULL, NULL, NULL, NULL, NULL, NULL, NULL, NULL, NULL, NULL, NULL, NULL, NULL, NULL, '2026-03-03 20:59:46', '2026-03-09 01:03:09'),
	(34, '76453-C000P', 'SILL-INR,LH', '5H45 (RX)', 11, 2, 600, 6000, 1, '800T', NULL, NULL, 0, 0, 0, 0, 0, NULL, '2026-01-14', NULL, 'active', NULL, NULL, NULL, NULL, NULL, NULL, NULL, NULL, NULL, NULL, NULL, NULL, NULL, NULL, NULL, NULL, NULL, '2026-03-03 20:59:46', '2026-03-03 20:59:46'),
	(35, '76452-B010P', 'SILL-INR,RH', '5H45 (RVE)', 11, 2, 600, 6000, 1, '800T', NULL, NULL, 0, 0, 0, 0, 0, NULL, '2026-01-08', NULL, 'active', NULL, NULL, NULL, NULL, NULL, NULL, NULL, NULL, NULL, NULL, NULL, NULL, NULL, NULL, NULL, NULL, NULL, '2026-03-03 20:59:46', '2026-03-03 20:59:46'),
	(36, '76453-B020P', 'SILL-INR,LH', '5H45 (RVE)', 11, 2, 600, 6000, 1, '800T', NULL, NULL, 0, 0, 0, 0, 0, NULL, '2026-01-14', NULL, 'active', NULL, NULL, NULL, NULL, NULL, NULL, NULL, NULL, NULL, NULL, NULL, NULL, NULL, NULL, NULL, NULL, NULL, '2026-03-03 20:59:46', '2026-03-03 20:59:46'),
	(37, '764B0-B000P', 'REINF-SILL OTR,FR RH', '5H45 (RV)', 11, 2, 600, 6000, 1, '800T', NULL, NULL, 1, 0, 0, 0, 0, NULL, '2026-01-15', NULL, 'active', NULL, NULL, NULL, NULL, NULL, NULL, NULL, NULL, NULL, NULL, NULL, NULL, NULL, NULL, NULL, NULL, NULL, '2026-03-03 20:59:46', '2026-03-09 01:03:09'),
	(38, '764B0-C000P', 'REINF-SILL OTR,FR RH', '5H45 (RX)', 11, 2, 600, 6000, 1, '800T', NULL, NULL, 0, 0, 0, 0, 0, NULL, '2026-01-15', NULL, 'active', NULL, NULL, NULL, NULL, NULL, NULL, NULL, NULL, NULL, NULL, NULL, NULL, NULL, NULL, NULL, NULL, NULL, '2026-03-03 20:59:46', '2026-03-03 20:59:46'),
	(39, '764B1-B000P', 'REINF-SILL OTR,FR LH', '5H45 (RV)', 11, 2, 600, 6000, 1, '800T', NULL, NULL, 1, 0, 0, 0, 0, NULL, '2026-01-20', NULL, 'active', NULL, NULL, NULL, NULL, NULL, NULL, NULL, NULL, NULL, NULL, NULL, NULL, NULL, NULL, NULL, NULL, NULL, '2026-03-03 20:59:46', '2026-03-09 01:03:09'),
	(40, '764B1-C000P', 'REINF-SILL OTR,FR LH', '5H45 (RX)', 11, 2, 600, 6000, 1, '800T', NULL, NULL, 0, 0, 0, 0, 0, NULL, '2026-01-20', NULL, 'active', NULL, NULL, NULL, NULL, NULL, NULL, NULL, NULL, NULL, NULL, NULL, NULL, NULL, NULL, NULL, NULL, NULL, '2026-03-03 20:59:46', '2026-03-03 20:59:46'),
	(41, '67412-C000P', 'C/ MBR DASH', '5H45 (RX)', 11, 2, 600, 6000, 1, '800T', NULL, NULL, 0, 0, 0, 0, 0, NULL, '2026-01-19', NULL, 'active', NULL, NULL, NULL, NULL, NULL, NULL, NULL, NULL, NULL, NULL, NULL, NULL, NULL, NULL, NULL, NULL, NULL, '2026-03-03 20:59:46', '2026-03-03 20:59:46'),
	(42, '65176-I6000', 'MBR FR SEAT CROSS RR LH/RH', 'KS', 1, 1, 600, 6000, 1, '800T', NULL, NULL, 0, 0, 0, 0, 0, NULL, '2025-12-15', NULL, 'active', NULL, NULL, NULL, NULL, NULL, NULL, NULL, NULL, NULL, NULL, NULL, NULL, NULL, NULL, NULL, NULL, NULL, '2026-03-03 20:59:46', '2026-03-03 20:59:46'),
	(43, '65212/22-I6000', 'MBR CTR FLR SIDE LH/RH', 'KS', 1, 1, 600, 6000, 1, '800T', NULL, NULL, 0, 0, 0, 0, 0, NULL, '2025-12-16', NULL, 'active', NULL, NULL, NULL, NULL, NULL, NULL, NULL, NULL, NULL, NULL, NULL, NULL, NULL, NULL, NULL, NULL, NULL, '2026-03-03 20:59:46', '2026-03-03 20:59:46'),
	(44, '71234/44-I6000', 'SUPPORT-FR PILLAR INR,LH/RH', 'KS', 1, 1, 600, 6000, 1, '800T', NULL, NULL, 0, 0, 0, 0, 0, NULL, '2025-11-10', NULL, 'active', NULL, NULL, NULL, NULL, NULL, NULL, NULL, NULL, NULL, NULL, NULL, NULL, NULL, NULL, NULL, NULL, NULL, '2026-03-03 20:59:46', '2026-03-03 20:59:46'),
	(45, '71328-I6000', 'REINF S/SILL OTR CTR,RH', 'KS', 1, 1, 600, 6000, 1, '800T', NULL, NULL, 0, 0, 0, 0, 0, NULL, '2025-11-25', NULL, 'active', NULL, NULL, NULL, NULL, NULL, NULL, NULL, NULL, NULL, NULL, NULL, NULL, NULL, NULL, NULL, NULL, NULL, '2026-03-03 20:59:46', '2026-03-03 20:59:46'),
	(46, '71232-I6000', 'PILLAR FR INR UPR,LH', 'KS', 1, 1, 600, 6000, 1, '800T', NULL, NULL, 0, 0, 0, 0, 0, NULL, '2025-11-07', NULL, 'active', NULL, NULL, NULL, NULL, NULL, NULL, NULL, NULL, NULL, NULL, NULL, NULL, NULL, NULL, NULL, NULL, NULL, '2026-03-03 20:59:46', '2026-03-03 20:59:46'),
	(47, '71454-I6000', 'REINF ASSY ROOF SIDE OTR,LH', 'KS', 1, 1, 600, 6000, 1, '800T', NULL, NULL, 0, 0, 0, 0, 0, NULL, '2025-11-27', NULL, 'active', NULL, NULL, NULL, NULL, NULL, NULL, NULL, NULL, NULL, NULL, NULL, NULL, NULL, NULL, NULL, NULL, NULL, '2026-03-03 20:59:46', '2026-03-03 20:59:46'),
	(48, '71464-I6000', 'REINF ASSY ROOF SIDE OTR,RH', 'KS', 1, 1, 600, 6000, 1, '800T', NULL, NULL, 0, 0, 0, 0, 0, NULL, '2025-12-02', NULL, 'active', NULL, NULL, NULL, NULL, NULL, NULL, NULL, NULL, NULL, NULL, NULL, NULL, NULL, NULL, NULL, NULL, NULL, '2026-03-03 20:59:46', '2026-03-03 20:59:46'),
	(49, '71242-I6000', 'PILLAR FR INR UPR,RH', 'KS', 1, 1, 600, 6000, 1, '800T', NULL, NULL, 0, 0, 0, 0, 0, NULL, '2025-11-26', NULL, 'active', NULL, NULL, NULL, NULL, NULL, NULL, NULL, NULL, NULL, NULL, NULL, NULL, NULL, NULL, NULL, NULL, NULL, '2026-03-03 20:59:46', '2026-03-03 20:59:46'),
	(50, '71318-I6000', 'REINF S/SILL OTR CTR,LH', 'KS', 1, 1, 600, 6000, 1, '800T', NULL, NULL, 0, 0, 0, 0, 0, NULL, '2025-12-01', NULL, 'active', NULL, NULL, NULL, NULL, NULL, NULL, NULL, NULL, NULL, NULL, NULL, NULL, NULL, NULL, NULL, NULL, NULL, '2026-03-03 20:59:46', '2026-03-03 20:59:46'),
	(51, '71236/46-I6000', 'REINF FR PILLAR INR UPR,LH/RH', 'KS', 1, 1, 600, 6000, 1, '800T', NULL, NULL, 0, 0, 0, 0, 0, NULL, '2025-11-06', NULL, 'active', NULL, NULL, NULL, NULL, NULL, NULL, NULL, NULL, NULL, NULL, NULL, NULL, NULL, NULL, NULL, NULL, NULL, '2026-03-03 20:59:46', '2026-03-03 20:59:46'),
	(52, '66114/164-T86-K000-50', 'GST R/L, RR PLR LWR', '2JX', 7, 4, 600, 6000, 1, '800T', NULL, NULL, 1, 0, 0, 0, 0, NULL, '2025-12-19', NULL, 'active', NULL, NULL, NULL, NULL, NULL, NULL, NULL, NULL, NULL, NULL, NULL, NULL, NULL, NULL, NULL, NULL, NULL, '2026-03-03 20:59:46', '2026-03-09 01:03:09'),
	(53, '65701-TSV-K000-50', 'C/ MBR MID FLOOR', '3K6A', 12, 4, 600, 6000, 1, '800T', NULL, NULL, 1, 0, 0, 0, 0, NULL, '2025-12-02', NULL, 'active', NULL, NULL, NULL, NULL, NULL, NULL, NULL, NULL, NULL, NULL, NULL, NULL, NULL, NULL, NULL, NULL, NULL, '2026-03-03 20:59:46', '2026-03-09 01:03:09'),
	(54, '66114/154-3M0-3000', 'STIFF R/L, RR PANEL SIDE', '2GN', 13, 4, 600, 6000, 1, '800T', NULL, NULL, 1, 0, 0, 0, 0, NULL, '2025-10-24', NULL, 'active', NULL, NULL, NULL, NULL, NULL, NULL, NULL, NULL, NULL, NULL, NULL, NULL, NULL, NULL, NULL, NULL, NULL, '2026-03-03 20:59:46', '2026-03-09 01:03:09'),
	(55, '5253AH62', 'SILL F/FLR SIDE INR,RH', '4L45W', 2, 2, 600, 5000, 4, '1200T', 'blank_pierce', NULL, 0, 0, 1, 0, 0, NULL, '2026-03-10', 'Production', 'active', NULL, NULL, NULL, NULL, NULL, NULL, NULL, NULL, '2026-03-10 01:22:08', 0, NULL, NULL, NULL, NULL, NULL, NULL, NULL, '2026-03-03 21:11:02', '2026-03-10 01:22:08'),
	(57, '5240B908/909', 'BRACE DASH SIDE RH/LH', '4L45W', 2, 2, 600, 5000, 1, '1200T', NULL, NULL, 0, 0, 0, 0, 0, NULL, '2026-01-12', NULL, 'active', NULL, NULL, NULL, NULL, NULL, NULL, NULL, NULL, NULL, NULL, NULL, NULL, NULL, NULL, NULL, NULL, NULL, '2026-03-03 21:11:02', '2026-03-03 21:11:02'),
	(58, '5253AT11/12', 'REINF ,F/FLR SIDE SILL INR LH', '4L45W', 2, 2, 600, 5000, 1, '1200T', NULL, NULL, 0, 0, 0, 0, 0, NULL, '2026-01-13', NULL, 'active', NULL, NULL, NULL, NULL, NULL, NULL, NULL, NULL, NULL, NULL, NULL, NULL, NULL, NULL, NULL, NULL, NULL, '2026-03-03 21:11:02', '2026-03-03 21:11:02'),
	(59, '5240C305', 'PANEL, DASH (RHD)', 'OX', 14, 2, 600, 5000, 1, '1200T', NULL, NULL, 0, 0, 0, 0, 0, NULL, '2025-11-21', NULL, 'active', NULL, NULL, NULL, NULL, NULL, NULL, NULL, NULL, NULL, NULL, NULL, NULL, NULL, NULL, NULL, NULL, NULL, '2026-03-03 21:11:02', '2026-03-03 21:11:02'),
	(60, '71378-I6000', 'REINF SIDE SILL OTR,LH', 'KS', 1, 1, 600, 5000, 1, '1200T', NULL, NULL, 0, 0, 0, 0, 0, NULL, '2025-11-11', NULL, 'active', NULL, NULL, NULL, NULL, NULL, NULL, NULL, NULL, NULL, NULL, NULL, NULL, NULL, NULL, NULL, NULL, NULL, '2026-03-03 21:11:02', '2026-03-09 19:36:28'),
	(61, '65132-I6000', 'REINF-CTR FLOOR', 'KS', 1, 1, 600, 5000, 1, '1200T', NULL, NULL, 0, 0, 0, 0, 0, NULL, '2025-12-09', NULL, 'active', NULL, NULL, NULL, NULL, NULL, NULL, NULL, NULL, NULL, NULL, NULL, NULL, NULL, NULL, NULL, NULL, NULL, '2026-03-03 21:11:02', '2026-03-03 21:11:02'),
	(62, '71188-I6000', 'REINF FR PILLAR OTR UPR,RH', 'KS', 1, 1, 600, 5000, 1, '1200T', NULL, NULL, 0, 0, 0, 0, 0, NULL, '2025-09-09', NULL, 'active', 'lot_date_set', NULL, NULL, NULL, NULL, NULL, NULL, NULL, NULL, NULL, '2026-03-04', 'sakti', NULL, NULL, NULL, NULL, NULL, '2026-03-03 21:11:02', '2026-03-09 19:36:28'),
	(63, '71148-I6000', 'REINF ROOF SIDE OTR RR,RH', 'KS', 1, 1, 600, 5000, 1, '1200T', NULL, NULL, 0, 0, 0, 0, 0, NULL, '2025-10-27', NULL, 'active', NULL, NULL, NULL, NULL, NULL, NULL, NULL, NULL, NULL, NULL, NULL, NULL, NULL, NULL, NULL, NULL, NULL, '2026-03-03 21:11:02', '2026-03-03 21:11:02'),
	(64, '71132-I6000', 'REINF-FR PILLAR OTR LWR,LH', 'KS', 1, 1, 600, 5000, 1, '1200T', NULL, NULL, 0, 0, 0, 0, 0, NULL, '2025-11-20', NULL, 'active', NULL, NULL, NULL, NULL, NULL, NULL, NULL, NULL, NULL, NULL, NULL, NULL, NULL, NULL, NULL, NULL, NULL, '2026-03-03 21:11:02', '2026-03-03 21:11:02'),
	(65, '71142-I6000', 'REINF-FR PILLAR OTR LWR,RH', 'KS', 1, 1, 600, 5000, 1, '1200T', NULL, NULL, 0, 0, 0, 0, 0, NULL, '2025-11-03', NULL, 'active', NULL, NULL, NULL, NULL, NULL, NULL, NULL, NULL, NULL, NULL, NULL, NULL, NULL, NULL, NULL, NULL, NULL, '2026-03-03 21:11:02', '2026-03-03 21:11:02'),
	(66, '71222-I6900', 'PILLAR-FR INR LWR,RH', 'KS', 1, 1, 600, 5000, 1, '1200T', NULL, NULL, 0, 0, 0, 0, 0, NULL, '2025-11-05', NULL, 'active', NULL, NULL, NULL, NULL, NULL, NULL, NULL, NULL, NULL, NULL, NULL, NULL, NULL, NULL, NULL, NULL, NULL, '2026-03-03 21:11:02', '2026-03-03 21:11:02'),
	(67, '65112-I6000', 'PNL-CTR FLOOR SIDE,LH', 'KS', 1, 1, 600, 5000, 1, '1200T', NULL, NULL, 0, 0, 0, 0, 0, NULL, '2025-11-17', NULL, 'active', NULL, NULL, NULL, NULL, NULL, NULL, NULL, NULL, NULL, NULL, NULL, NULL, NULL, NULL, NULL, NULL, NULL, '2026-03-03 21:11:02', '2026-03-03 21:11:02'),
	(68, '65122-I6000', 'PNL-CTR FLOOR SIDE,RH', 'KS', 1, 1, 600, 5000, 1, '1200T', NULL, NULL, 0, 0, 0, 0, 0, NULL, '2025-11-18', NULL, 'active', NULL, NULL, NULL, NULL, NULL, NULL, NULL, NULL, NULL, NULL, NULL, NULL, NULL, NULL, NULL, NULL, NULL, '2026-03-03 21:11:02', '2026-03-03 21:11:02'),
	(69, '65114-I6000', 'PNL-CTR FLOOR CTR', 'KS', 1, 1, 600, 5000, 1, '1200T', NULL, NULL, 0, 0, 0, 0, 0, NULL, '2025-12-08', NULL, 'active', NULL, NULL, NULL, NULL, NULL, NULL, NULL, NULL, NULL, NULL, NULL, NULL, NULL, NULL, NULL, NULL, NULL, '2026-03-03 21:11:02', '2026-03-03 21:11:02'),
	(70, '71178-I6000', 'REINF FR PILLAR OTR UPR,LH', 'KS', 1, 1, 600, 5000, 1, '1200T', NULL, NULL, 0, 0, 0, 0, 0, NULL, '2025-10-20', NULL, 'active', NULL, NULL, NULL, NULL, NULL, NULL, NULL, NULL, NULL, NULL, NULL, NULL, NULL, NULL, NULL, NULL, NULL, '2026-03-03 21:11:02', '2026-03-03 21:11:02'),
	(71, '71138-I6000', 'REINF ROOF SIDE OTR RR,LH', 'KS', 1, 1, 600, 5000, 1, '1200T', NULL, NULL, 0, 0, 0, 0, 0, NULL, '2025-09-08', NULL, 'active', NULL, NULL, NULL, NULL, NULL, NULL, NULL, NULL, NULL, NULL, NULL, NULL, NULL, NULL, NULL, NULL, NULL, '2026-03-03 21:11:02', '2026-03-09 19:36:28'),
	(72, '71412-I6000', 'PILLAR CTR INR, LH', 'KS', 1, 1, 600, 5000, 1, '1200T', NULL, NULL, 0, 0, 0, 0, 0, NULL, '2025-09-15', NULL, 'active', NULL, NULL, NULL, NULL, NULL, NULL, NULL, NULL, NULL, NULL, NULL, NULL, NULL, NULL, NULL, NULL, NULL, '2026-03-03 21:11:02', '2026-03-03 21:11:02'),
	(73, '71422-I6000', 'PILLAR CTR INR, RH', 'KS', 1, 1, 600, 5000, 1, '1200T', NULL, NULL, 0, 0, 0, 0, 0, NULL, '2025-09-16', NULL, 'active', NULL, NULL, NULL, NULL, NULL, NULL, NULL, NULL, NULL, NULL, NULL, NULL, NULL, NULL, NULL, NULL, NULL, '2026-03-03 21:11:02', '2026-03-03 21:11:02'),
	(74, '71362-I6000', 'REINF CTR PLR OTR UPR,RH', 'KS', 1, 1, 600, 5000, 4, '1200T', NULL, NULL, 0, 0, 0, 0, 0, NULL, '2025-09-22', NULL, 'active', NULL, NULL, NULL, NULL, NULL, NULL, NULL, NULL, NULL, NULL, NULL, NULL, NULL, NULL, NULL, NULL, NULL, '2026-03-03 21:11:02', '2026-03-09 19:36:28'),
	(75, '71352-I6000', 'REINF CTR PLR OTR UPR,LH', 'KS', 1, 1, 600, 5000, 1, '1200T', NULL, NULL, 0, 0, 0, 0, 0, NULL, '2025-09-17', NULL, 'active', NULL, NULL, NULL, NULL, NULL, NULL, NULL, NULL, NULL, NULL, NULL, NULL, NULL, NULL, NULL, NULL, NULL, '2026-03-03 21:11:02', '2026-03-03 21:11:02'),
	(76, '71388-I6000', 'REINF SIDE SILL OTR,RH', 'KS', 1, 1, 600, 5000, 4, '1200T', NULL, NULL, 0, 0, 0, 0, 0, NULL, '2025-11-12', NULL, 'active', NULL, NULL, NULL, NULL, NULL, NULL, NULL, NULL, NULL, NULL, NULL, NULL, NULL, NULL, NULL, NULL, NULL, '2026-03-03 21:11:02', '2026-03-09 19:36:28'),
	(77, '65182-I6000', 'PNL-SIDE SILL INR,RH', 'KS', 1, 1, 600, 5000, 1, '1200T', NULL, NULL, 0, 0, 0, 0, 0, NULL, '2025-12-11', NULL, 'active', NULL, NULL, NULL, NULL, NULL, NULL, NULL, NULL, NULL, NULL, NULL, NULL, NULL, NULL, NULL, NULL, NULL, '2026-03-03 21:11:02', '2026-03-03 21:11:02'),
	(78, '71354/64-I6000', 'REINF CTR PILLAR OTR LWR,LH/RH', 'KS', 1, 1, 600, 5000, 1, '1200T', NULL, NULL, 0, 0, 0, 0, 0, NULL, '2025-12-03', NULL, 'active', NULL, NULL, NULL, NULL, NULL, NULL, NULL, NULL, NULL, NULL, NULL, NULL, NULL, NULL, NULL, NULL, NULL, '2026-03-03 21:11:02', '2026-03-03 21:11:02'),
	(79, '71378/88-I6000', 'REINF SIDE SILL OTR RR LH/RH', 'KS', 1, 1, 600, 5000, 1, '1200T', NULL, NULL, 0, 0, 0, 0, 0, NULL, '2025-11-24', NULL, 'active', NULL, NULL, NULL, NULL, NULL, NULL, NULL, NULL, NULL, NULL, NULL, NULL, NULL, NULL, NULL, NULL, NULL, '2026-03-03 21:11:02', '2026-03-03 21:11:02'),
	(80, '71176/86-I6000', 'BRKT-FR PILLAR OTR,LH/RH', 'KS', 1, 1, 600, 5000, 1, '1200T', NULL, NULL, 0, 0, 0, 0, 0, NULL, '2025-11-19', NULL, 'active', NULL, NULL, NULL, NULL, NULL, NULL, NULL, NULL, NULL, NULL, NULL, NULL, NULL, NULL, NULL, NULL, NULL, '2026-03-03 21:11:02', '2026-03-03 21:11:02'),
	(81, '71212-I6000', 'PILLAR-FR INR LWR,LH', 'KS', 1, 1, 600, 5000, 1, '1200T', NULL, NULL, 0, 0, 0, 0, 0, NULL, '2025-11-04', NULL, 'active', NULL, NULL, NULL, NULL, NULL, NULL, NULL, NULL, NULL, NULL, NULL, NULL, NULL, NULL, NULL, NULL, NULL, '2026-03-03 21:11:02', '2026-03-03 21:11:02'),
	(82, '651B8-I6000', 'MEMBER-CTR FLOOR SIDE UPR,RH', 'KS', 1, 1, 600, 5000, 1, '1200T', NULL, NULL, 0, 0, 0, 0, 0, NULL, '2025-12-12', NULL, 'active', NULL, NULL, NULL, NULL, NULL, NULL, NULL, NULL, NULL, NULL, NULL, NULL, NULL, NULL, NULL, NULL, NULL, '2026-03-03 21:11:02', '2026-03-03 21:11:02'),
	(83, '65172-I6000', 'PNL-SIDE SILL INR,LH', 'KS', 1, 1, 600, 5000, 4, '1200T', NULL, NULL, 0, 463, 0, 0, 0, NULL, '2025-12-10', NULL, 'active', NULL, NULL, NULL, NULL, NULL, NULL, NULL, NULL, NULL, NULL, NULL, NULL, NULL, NULL, NULL, NULL, NULL, '2026-03-03 21:11:02', '2026-03-09 21:57:30'),
	(84, '64312-I6000', 'PANEL DASH LHD A/T', 'KS', 1, 7, 600, 5000, 1, '1200T', NULL, NULL, 0, 0, 0, 0, 0, NULL, '2025-10-16', NULL, 'active', NULL, NULL, NULL, NULL, NULL, NULL, NULL, NULL, NULL, NULL, NULL, NULL, NULL, NULL, NULL, NULL, NULL, '2026-03-03 21:11:02', '2026-03-03 21:11:02'),
	(85, '63131-TG4-U000-50', 'STIFF R, FR PILLAR LWR', '2VF', 15, 3, 600, 5000, 1, '1200T', NULL, NULL, 0, 0, 0, 0, 0, NULL, '2025-12-17', NULL, 'active', NULL, NULL, NULL, NULL, NULL, NULL, NULL, NULL, NULL, NULL, NULL, NULL, NULL, NULL, NULL, NULL, NULL, '2026-03-03 21:11:02', '2026-03-09 19:36:28'),
	(86, '65112-TG1-T000-50', 'BRKT FR SEAT CTR RR', '2VF', 15, 3, 600, 5000, 1, '1200T', NULL, NULL, 0, 0, 0, 0, 0, NULL, '2025-12-22', NULL, 'active', NULL, NULL, NULL, NULL, NULL, NULL, NULL, NULL, NULL, NULL, NULL, NULL, NULL, NULL, NULL, NULL, NULL, '2026-03-03 21:11:02', '2026-03-09 19:36:28'),
	(87, '63323-T86-K000-50', 'ADPT R,RR COMBI', '2JX (T86A)', 7, 4, 600, 7000, 1, '250T', NULL, NULL, 1, 0, 0, 0, 0, NULL, '2025-11-06', NULL, 'active', NULL, NULL, NULL, NULL, NULL, NULL, NULL, NULL, NULL, NULL, NULL, NULL, NULL, NULL, NULL, NULL, NULL, '2026-03-03 21:11:02', '2026-03-09 01:03:09'),
	(88, '63723-T86-K000-50', 'ADPT L,RR COMBI', '2JX (T86A)', 7, 4, 600, 7000, 1, '250T', NULL, NULL, 1, 0, 0, 0, 0, NULL, '2025-12-15', NULL, 'active', NULL, NULL, NULL, NULL, NULL, NULL, NULL, NULL, NULL, NULL, NULL, NULL, NULL, NULL, NULL, NULL, NULL, '2026-03-03 21:11:02', '2026-03-09 01:03:09'),
	(89, '65317-T86-K000-H1', 'ADPT L,RR COMBI', '2JX (T86A)', 7, 4, 600, 7000, 1, '250T', NULL, NULL, 0, 0, 0, 0, 0, NULL, '2025-10-13', NULL, 'active', NULL, NULL, NULL, NULL, NULL, NULL, NULL, NULL, NULL, NULL, NULL, NULL, NULL, NULL, NULL, NULL, NULL, '2026-03-03 21:11:02', '2026-03-03 21:11:02'),
	(90, '65317-T86-K000-H1 Blanking', 'STIFF R, FRM CTR TNL', '2JX (T86A & 3K6A)', 7, 4, 600, 7000, 1, '250T', NULL, NULL, 0, 0, 0, 0, 0, NULL, '2025-10-13', NULL, 'active', NULL, NULL, NULL, NULL, NULL, NULL, NULL, NULL, NULL, NULL, NULL, NULL, NULL, NULL, NULL, NULL, NULL, '2026-03-03 21:11:02', '2026-03-03 21:11:02'),
	(91, '63323-3K6-K000-50', 'ADPT R, RR COMBI', '3K6A', 12, 4, 600, 7000, 1, '250T', NULL, NULL, 0, 0, 0, 0, 0, NULL, '2025-12-03', NULL, 'active', NULL, NULL, NULL, NULL, NULL, NULL, NULL, NULL, NULL, NULL, NULL, NULL, NULL, NULL, NULL, NULL, NULL, '2026-03-03 21:11:02', '2026-03-03 21:11:02'),
	(92, '63329/725-3K6-K000-H1', 'GTR R/L, RR PLR MID', '3K6A', 12, 4, 600, 7000, 1, '250T', NULL, NULL, 0, 0, 0, 0, 0, NULL, '2025-12-05', NULL, 'active', NULL, NULL, NULL, NULL, NULL, NULL, NULL, NULL, NULL, NULL, NULL, NULL, NULL, NULL, NULL, NULL, NULL, '2026-03-03 21:11:02', '2026-03-03 21:11:02'),
	(93, '63723-3K6-K000-50', 'ADPT L, RR COMBI', '3K6A', 12, 4, 600, 7000, 1, '250T', NULL, NULL, 0, 0, 0, 0, 0, NULL, '2025-12-18', NULL, 'active', NULL, NULL, NULL, NULL, NULL, NULL, NULL, NULL, NULL, NULL, NULL, NULL, NULL, NULL, NULL, NULL, NULL, '2026-03-03 21:11:02', '2026-03-03 21:11:02'),
	(94, '63212/612-TG2-K000-H1 Blanking', 'R/L RNFCT CTR PLR STIFF TG2', 'T64', 5, 4, 600, 7000, 1, '250T', NULL, NULL, 0, 0, 0, 0, 0, NULL, '2025-11-24', NULL, 'active', NULL, NULL, NULL, NULL, NULL, NULL, NULL, NULL, NULL, NULL, NULL, NULL, NULL, NULL, NULL, NULL, NULL, '2026-03-03 21:11:02', '2026-03-03 21:11:02'),
	(95, '63212-TG2-K000-H1', 'R RNFCT CTR PLR STIFF TG2', 'T64', 5, 4, 600, 7000, 1, '250T', NULL, NULL, 0, 0, 0, 0, 0, NULL, '2025-11-24', NULL, 'active', NULL, NULL, NULL, NULL, NULL, NULL, NULL, NULL, NULL, NULL, NULL, NULL, NULL, NULL, NULL, NULL, NULL, '2026-03-03 21:11:02', '2026-03-03 21:11:02'),
	(96, '63612-TG2-K000-H1', 'L RNFCT CTR PLR STIFF TG2', 'T64', 5, 4, 600, 7000, 1, '250T', NULL, NULL, 0, 0, 0, 0, 0, NULL, '2025-11-25', NULL, 'active', NULL, NULL, NULL, NULL, NULL, NULL, NULL, NULL, NULL, NULL, NULL, NULL, NULL, NULL, NULL, NULL, NULL, '2026-03-03 21:11:02', '2026-03-03 21:11:02'),
	(97, '65318-T86-P000-H1 Blanking', 'STIFF L, FRM CTR TNL', '2JX (LHD)', 7, 4, 600, 7000, 1, '250T', NULL, NULL, 0, 0, 0, 0, 0, NULL, '2026-01-21', NULL, 'active', NULL, NULL, NULL, NULL, NULL, NULL, NULL, NULL, NULL, NULL, NULL, NULL, NULL, NULL, NULL, NULL, NULL, '2026-03-03 21:23:45', '2026-03-03 21:23:45'),
	(98, '65318-T86-P000-H1', 'STIFF L, FRM CTR TNL', '2JX (LHD)', 7, 4, 600, 7000, 1, '250T', NULL, NULL, 0, 0, 0, 0, 0, NULL, '2026-01-21', NULL, 'active', NULL, NULL, NULL, NULL, NULL, NULL, NULL, NULL, NULL, NULL, NULL, NULL, NULL, NULL, NULL, NULL, NULL, '2026-03-03 21:23:45', '2026-03-03 21:23:45'),
	(99, '63323-3M0-3000-50', 'ADPT R,RR COMBI', '2GN (3N1A)', 13, 4, 600, 7000, 1, '250T', NULL, NULL, 0, 0, 0, 0, 0, NULL, '2025-12-29', NULL, 'active', NULL, NULL, NULL, NULL, NULL, NULL, NULL, NULL, NULL, NULL, NULL, NULL, NULL, NULL, NULL, NULL, NULL, '2026-03-03 21:23:45', '2026-03-03 21:23:45'),
	(100, '63723-3M0-3000-50', 'ADPT L,RR COMBI', '2GN (3N1A)', 13, 4, 600, 7000, 1, '250T', NULL, NULL, 0, 0, 0, 0, 0, NULL, '2025-12-30', NULL, 'active', NULL, NULL, NULL, NULL, NULL, NULL, NULL, NULL, NULL, NULL, NULL, NULL, NULL, NULL, NULL, NULL, NULL, '2026-03-03 21:23:45', '2026-03-03 21:23:45'),
	(101, '77751-VT010-000', 'BRACKET, CHARCOAL CANISTER BAS', '560B', 8, 6, 600, 7000, 1, '250T', NULL, NULL, 0, 0, 0, 0, 0, NULL, '2025-12-12', NULL, 'active', NULL, NULL, NULL, NULL, NULL, NULL, NULL, NULL, NULL, NULL, NULL, NULL, NULL, NULL, NULL, NULL, NULL, '2026-03-03 21:23:45', '2026-03-03 21:23:45'),
	(102, '77751-VT010-00 (Blank)', 'BRACKET, CHARCOAL CANISTER BAS', '560B', 8, 6, 600, 7000, 1, '250T', NULL, NULL, 0, 0, 0, 0, 0, NULL, '2025-12-12', NULL, 'active', NULL, NULL, NULL, NULL, NULL, NULL, NULL, NULL, NULL, NULL, NULL, NULL, NULL, NULL, NULL, NULL, NULL, '2026-03-03 21:23:45', '2026-03-03 21:23:45'),
	(103, '77751-VT020-00 (Blank)', 'BRACKET, CHARCOAL CANISTER BAS', '560B', 8, 6, 600, 7000, 1, '250T', NULL, NULL, 0, 0, 0, 0, 0, NULL, '2025-10-31', NULL, 'active', NULL, NULL, NULL, NULL, NULL, NULL, NULL, NULL, NULL, NULL, NULL, NULL, NULL, NULL, NULL, NULL, NULL, '2026-03-03 21:23:45', '2026-03-03 21:23:45'),
	(104, '77751-VT020-00', 'BRACKET, CHARCOAL CANISTER BAS', '560B', 8, 6, 600, 7000, 1, '250T', NULL, NULL, 0, 0, 0, 0, 0, NULL, '2025-10-31', NULL, 'active', NULL, NULL, NULL, NULL, NULL, NULL, NULL, NULL, NULL, NULL, NULL, NULL, NULL, NULL, NULL, NULL, NULL, '2026-03-03 21:23:45', '2026-03-03 21:23:45'),
	(105, '77697-VT010-00', 'INSULATOR, FUEL TANK HEAT NO. 1', '560B', 8, 6, 600, 7000, 1, '250T', NULL, NULL, 0, 0, 0, 0, 0, NULL, '2025-12-23', NULL, 'active', NULL, NULL, NULL, NULL, NULL, NULL, NULL, NULL, NULL, NULL, NULL, NULL, NULL, NULL, NULL, NULL, NULL, '2026-03-03 21:23:45', '2026-03-03 21:23:45'),
	(106, '71136-I6000', 'REINF-FR PILLAR OTR,LH', 'KS', 1, 1, 600, 7000, 1, '250T', NULL, NULL, 0, 0, 0, 0, 0, NULL, '2025-11-09', NULL, 'active', NULL, NULL, NULL, NULL, NULL, NULL, NULL, NULL, NULL, NULL, NULL, NULL, NULL, NULL, NULL, NULL, NULL, '2026-03-03 21:23:45', '2026-03-03 21:23:45'),
	(107, '71146-I6000', 'REINF-FR PILLAR OTR,RH', 'KS', 1, 1, 600, 7000, 1, '250T', NULL, NULL, 0, 0, 0, 0, 0, NULL, '2025-11-10', NULL, 'active', NULL, NULL, NULL, NULL, NULL, NULL, NULL, NULL, NULL, NULL, NULL, NULL, NULL, NULL, NULL, NULL, NULL, '2026-03-03 21:23:45', '2026-03-03 21:23:45'),
	(108, '71476/86-I6000', 'BRKT FR S/BELT UPR MTG,LH/RH', 'KS', 1, 1, 600, 7000, 1, '250T', NULL, NULL, 0, 0, 0, 0, 0, NULL, '2025-09-26', NULL, 'active', NULL, NULL, NULL, NULL, NULL, NULL, NULL, NULL, NULL, NULL, NULL, NULL, NULL, NULL, NULL, NULL, NULL, '2026-03-03 21:23:45', '2026-03-03 21:23:45'),
	(109, '71134-I6000', 'REINF-FR DR HINGE MTG UPR,LH', 'KS', 1, 1, 600, 7000, 1, '250T', NULL, NULL, 0, 0, 0, 0, 0, NULL, '2025-10-08', NULL, 'active', NULL, NULL, NULL, NULL, NULL, NULL, NULL, NULL, NULL, NULL, NULL, NULL, NULL, NULL, NULL, NULL, NULL, '2026-03-03 21:23:45', '2026-03-03 21:23:45'),
	(110, '71144-I6000', 'REINF-FR DR HINGE MTG UPR,RH', 'KS', 1, 1, 600, 7000, 1, '250T', NULL, NULL, 0, 0, 0, 0, 0, NULL, '2025-10-29', NULL, 'active', NULL, NULL, NULL, NULL, NULL, NULL, NULL, NULL, NULL, NULL, NULL, NULL, NULL, NULL, NULL, NULL, NULL, '2026-03-03 21:23:45', '2026-03-03 21:23:45'),
	(111, '71154-I6000', 'REINF-FR DR HINGE LWR,LH', 'KS', 1, 1, 600, 7000, 1, '250T', NULL, NULL, 0, 0, 0, 0, 0, NULL, '2025-11-20', NULL, 'active', NULL, NULL, NULL, NULL, NULL, NULL, NULL, NULL, NULL, NULL, NULL, NULL, NULL, NULL, NULL, NULL, NULL, '2026-03-03 21:23:45', '2026-03-03 21:23:45'),
	(112, '71164-I6000', 'REINF-FR DR HINGE LWR,RH', 'KS', 1, 1, 600, 7000, 1, '250T', NULL, NULL, 0, 0, 0, 0, 0, NULL, '2025-11-14', NULL, 'active', NULL, NULL, NULL, NULL, NULL, NULL, NULL, NULL, NULL, NULL, NULL, NULL, NULL, NULL, NULL, NULL, NULL, '2026-03-03 21:23:45', '2026-03-03 21:23:45'),
	(113, '71172-I6000', 'REINF-FR DR CHECKER MTG,LH', 'KS', 1, 1, 600, 7000, 1, '250T', NULL, NULL, 0, 0, 0, 0, 0, NULL, '2025-11-11', NULL, 'active', NULL, NULL, NULL, NULL, NULL, NULL, NULL, NULL, NULL, NULL, NULL, NULL, NULL, NULL, NULL, NULL, NULL, '2026-03-03 21:23:45', '2026-03-03 21:23:45'),
	(114, '71182-I6000', 'REINF-FR DR CHECKER MTG,RH', 'KS', 1, 1, 600, 7000, 1, '250T', NULL, NULL, 0, 0, 0, 0, 0, NULL, '2025-11-20', NULL, 'active', NULL, NULL, NULL, NULL, NULL, NULL, NULL, NULL, NULL, NULL, NULL, NULL, NULL, NULL, NULL, NULL, NULL, '2026-03-03 21:23:45', '2026-03-03 21:23:45'),
	(115, '651C8-I6000', 'BRACE-CTR FLOOR TUNNEL', 'KS', 1, 1, 600, 7000, 1, '250T', NULL, NULL, 0, 0, 0, 0, 0, NULL, '2025-12-22', NULL, 'active', NULL, NULL, NULL, NULL, NULL, NULL, NULL, NULL, NULL, NULL, NULL, NULL, NULL, NULL, NULL, NULL, NULL, '2026-03-03 21:23:45', '2026-03-03 21:23:45'),
	(116, '651D8-I6000', 'BRACE-CTR FLOOR TUNNEL RR', 'KS', 1, 1, 600, 7000, 1, '250T', NULL, NULL, 0, 0, 0, 0, 0, NULL, '2025-12-23', NULL, 'active', NULL, NULL, NULL, NULL, NULL, NULL, NULL, NULL, NULL, NULL, NULL, NULL, NULL, NULL, NULL, NULL, NULL, '2026-03-03 21:23:45', '2026-03-03 21:23:45'),
	(117, '651A8-I6000', 'MBR CTR FLR SIDE UPR,RH', 'KS', 1, 1, 600, 7000, 1, '250T', NULL, NULL, 0, 0, 0, 0, 0, NULL, '2025-12-02', NULL, 'active', NULL, NULL, NULL, NULL, NULL, NULL, NULL, NULL, NULL, NULL, NULL, NULL, NULL, NULL, NULL, NULL, NULL, '2026-03-03 21:23:45', '2026-03-03 21:23:45'),
	(118, '651F2-I6000', 'PATCH S/SILL INR REINF NO.1', 'KS', 1, 1, 600, 7000, 1, '250T', NULL, NULL, 0, 0, 0, 0, 0, NULL, '2025-12-01', NULL, 'active', NULL, NULL, NULL, NULL, NULL, NULL, NULL, NULL, NULL, NULL, NULL, NULL, NULL, NULL, NULL, NULL, NULL, '2026-03-03 21:23:45', '2026-03-03 21:23:45'),
	(119, '651B2-I6000', 'REINF CTR FLR SIDE FR,RH', 'KS', 1, 1, 600, 7000, 1, '250T', NULL, NULL, 0, 0, 0, 0, 0, NULL, '2025-12-04', NULL, 'active', NULL, NULL, NULL, NULL, NULL, NULL, NULL, NULL, NULL, NULL, NULL, NULL, NULL, NULL, NULL, NULL, NULL, '2026-03-03 21:23:45', '2026-03-03 21:23:45'),
	(120, '71374/84-I6000', 'REINF SIDE SILL OTR FR,LH/RH', 'KS', 1, 1, 600, 7000, 1, '250T', NULL, NULL, 0, 0, 0, 0, 0, NULL, '2025-11-19', NULL, 'active', NULL, NULL, NULL, NULL, NULL, NULL, NULL, NULL, NULL, NULL, NULL, NULL, NULL, NULL, NULL, NULL, NULL, '2026-03-03 21:23:45', '2026-03-03 21:23:45'),
	(121, '71394-I6000', 'GUSSET SIDE SILL OTR NO.2,RH', 'KS', 1, 1, 600, 7000, 1, '250T', NULL, NULL, 0, 0, 0, 0, 0, NULL, '2025-12-06', NULL, 'active', NULL, NULL, NULL, NULL, NULL, NULL, NULL, NULL, NULL, NULL, NULL, NULL, NULL, NULL, NULL, NULL, NULL, '2026-03-03 21:23:45', '2026-03-03 21:23:45'),
	(122, '71391-I6000', 'GUSSET SIDE SILL OTR NO.1,LH', 'KS', 1, 1, 600, 7000, 1, '250T', NULL, NULL, 0, 0, 0, 0, 0, NULL, '2025-12-30', NULL, 'active', NULL, NULL, NULL, NULL, NULL, NULL, NULL, NULL, NULL, NULL, NULL, NULL, NULL, NULL, NULL, NULL, NULL, '2026-03-03 21:23:45', '2026-03-03 21:23:45'),
	(123, '65152-I6000', 'MBR FR SEAT CROSS,LH', 'KS', 1, 1, 600, 7000, 1, '250T', NULL, NULL, 0, 0, 0, 0, 0, NULL, '2025-09-22', NULL, 'active', NULL, NULL, NULL, NULL, NULL, NULL, NULL, NULL, NULL, NULL, NULL, NULL, NULL, NULL, NULL, NULL, NULL, '2026-03-03 21:23:45', '2026-03-03 21:23:45'),
	(124, '65162-I6000', 'MBR FR SEAT CROSS,RH', 'KS', 1, 1, 600, 7000, 1, '250T', NULL, NULL, 0, 0, 0, 0, 0, NULL, '2025-09-23', NULL, 'active', NULL, NULL, NULL, NULL, NULL, NULL, NULL, NULL, NULL, NULL, NULL, NULL, NULL, NULL, NULL, NULL, NULL, '2026-03-03 21:23:45', '2026-03-03 21:23:45'),
	(125, '65156-I6000', 'BRKT FR ST RR OTR MTG,LH', 'KS', 1, 1, 600, 7000, 1, '250T', NULL, NULL, 0, 0, 0, 0, 0, NULL, '2025-09-24', NULL, 'active', NULL, NULL, NULL, NULL, NULL, NULL, NULL, NULL, NULL, NULL, NULL, NULL, NULL, NULL, NULL, NULL, NULL, '2026-03-03 21:23:45', '2026-03-03 21:23:45'),
	(126, '65166-I6000', 'BRKT FR ST RR OTR MTG,RH', 'KS', 1, 1, 600, 7000, 1, '250T', NULL, NULL, 0, 0, 0, 0, 0, NULL, '2025-09-25', NULL, 'active', NULL, NULL, NULL, NULL, NULL, NULL, NULL, NULL, NULL, NULL, NULL, NULL, NULL, NULL, NULL, NULL, NULL, '2026-03-03 21:23:45', '2026-03-03 21:23:45'),
	(127, '71358-I6000', 'EXTN SIDE SILL OTR FR,L', 'KS', 1, 1, 600, 7000, 1, '250T', NULL, NULL, 0, 0, 0, 0, 0, NULL, '2025-10-23', NULL, 'active', NULL, NULL, NULL, NULL, NULL, NULL, NULL, NULL, NULL, NULL, NULL, NULL, NULL, NULL, NULL, NULL, NULL, '2026-03-03 21:23:45', '2026-03-03 21:23:45'),
	(128, '71368-I6000', 'EXTN SIDE SILL OTR FR,R', 'KS', 1, 1, 600, 7000, 1, '250T', NULL, NULL, 0, 0, 0, 0, 0, NULL, '2025-11-12', NULL, 'active', NULL, NULL, NULL, NULL, NULL, NULL, NULL, NULL, NULL, NULL, NULL, NULL, NULL, NULL, NULL, NULL, NULL, '2026-03-03 21:23:45', '2026-03-03 21:23:45'),
	(129, '65106-I6000', 'REINF CTR FLOOR RR', 'KS', 1, 1, 600, 7000, 1, '250T', NULL, NULL, 0, 0, 0, 0, 0, NULL, '2025-11-28', NULL, 'active', NULL, NULL, NULL, NULL, NULL, NULL, NULL, NULL, NULL, NULL, NULL, NULL, NULL, NULL, NULL, NULL, NULL, '2026-03-03 21:23:45', '2026-03-03 21:23:45'),
	(130, '65154-I6000', 'BRKT FR ST RR INR MTG,LH', 'KS', 1, 1, 600, 7000, 1, '250T', NULL, NULL, 0, 0, 0, 0, 0, NULL, '2025-12-31', NULL, 'active', NULL, NULL, NULL, NULL, NULL, NULL, NULL, NULL, NULL, NULL, NULL, NULL, NULL, NULL, NULL, NULL, NULL, '2026-03-03 21:23:45', '2026-03-03 21:23:45'),
	(131, '65164-I6000', 'BRKT FR ST RR INR MTG,RH', 'KS', 1, 1, 600, 7000, 1, '250T', NULL, NULL, 0, 0, 0, 0, 0, NULL, '2025-11-11', NULL, 'active', NULL, NULL, NULL, NULL, NULL, NULL, NULL, NULL, NULL, NULL, NULL, NULL, NULL, NULL, NULL, NULL, NULL, '2026-03-03 21:23:45', '2026-03-03 21:23:45'),
	(132, '65174-I6000', 'REINF SIDE SILL INR,LH', 'KS', 1, 1, 600, 7000, 1, '250T', NULL, NULL, 0, 0, 0, 0, 0, NULL, '2025-12-03', NULL, 'active', NULL, NULL, NULL, NULL, NULL, NULL, NULL, NULL, NULL, NULL, NULL, NULL, NULL, NULL, NULL, NULL, NULL, '2026-03-03 21:23:45', '2026-03-03 21:23:45'),
	(133, '65184-I6000', 'REINF SIDE SILL INR RH', 'KS', 1, 1, 600, 7000, 1, '250T', NULL, NULL, 0, 0, 0, 0, 0, NULL, '2025-12-03', NULL, 'active', NULL, NULL, NULL, NULL, NULL, NULL, NULL, NULL, NULL, NULL, NULL, NULL, NULL, NULL, NULL, NULL, NULL, '2026-03-03 21:23:45', '2026-03-03 21:23:45'),
	(134, '71252-I6000', 'EXTN FR PILLAR UPR,LH', 'KS', 1, 1, 600, 7000, 1, '250T', NULL, NULL, 0, 0, 0, 0, 0, NULL, '2026-01-14', NULL, 'active', NULL, NULL, NULL, NULL, NULL, NULL, NULL, NULL, NULL, NULL, NULL, NULL, NULL, NULL, NULL, NULL, NULL, '2026-03-03 21:23:45', '2026-03-03 21:23:45'),
	(135, '71262-I6000', 'EXTN FR PILLAR UPR,RH', 'KS', 1, 1, 600, 7000, 1, '250T', NULL, NULL, 0, 0, 0, 0, 0, NULL, '2026-01-15', NULL, 'active', NULL, NULL, NULL, NULL, NULL, NULL, NULL, NULL, NULL, NULL, NULL, NULL, NULL, NULL, NULL, NULL, NULL, '2026-03-03 21:23:45', '2026-03-03 21:23:45'),
	(136, '71393-I6000', 'GUSSET SIDE SILL OTR NO.2,LH', 'KS', 1, 1, 600, 7000, 1, '250T', NULL, NULL, 0, 0, 0, 0, 0, NULL, '2025-11-13', NULL, 'active', NULL, NULL, NULL, NULL, NULL, NULL, NULL, NULL, NULL, NULL, NULL, NULL, NULL, NULL, NULL, NULL, NULL, '2026-03-03 21:23:45', '2026-03-03 21:23:45'),
	(137, '57343-72S0A', 'REINF FRONT HOOD FRONT', 'YHA', 6, 5, 600, 7000, 1, '250T', NULL, NULL, 0, 0, 0, 0, 0, NULL, '2025-11-21', NULL, 'active', NULL, NULL, NULL, NULL, NULL, NULL, NULL, NULL, NULL, NULL, NULL, NULL, NULL, NULL, NULL, NULL, NULL, '2026-03-03 21:23:45', '2026-03-03 21:23:45'),
	(138, '64113-72S000', 'REINF ROOF RAIL FR,R', 'YHA', 6, 5, 600, 7000, 1, '250T', NULL, NULL, 0, 0, 0, 0, 0, NULL, '2025-12-16', NULL, 'active', NULL, NULL, NULL, NULL, NULL, NULL, NULL, NULL, NULL, NULL, NULL, NULL, NULL, NULL, NULL, NULL, NULL, '2026-03-03 21:23:45', '2026-03-03 21:23:45'),
	(139, '64513-72S00', 'REINF ROOF RAIL FR L', 'YHA', 6, 5, 600, 7000, 1, '250T', NULL, NULL, 0, 0, 0, 0, 0, NULL, '2025-12-17', NULL, 'active', NULL, NULL, NULL, NULL, NULL, NULL, NULL, NULL, NULL, NULL, NULL, NULL, NULL, NULL, NULL, NULL, NULL, '2026-03-03 21:30:08', '2026-03-03 21:30:08'),
	(140, '64114-72S00', 'REINF ROOF RAIL CTR R', 'YHA', 6, 5, 600, 7000, 1, '250T', NULL, NULL, 0, 0, 0, 0, 0, NULL, '2025-11-18', NULL, 'active', NULL, NULL, NULL, NULL, NULL, NULL, NULL, NULL, NULL, NULL, NULL, NULL, NULL, NULL, NULL, NULL, NULL, '2026-03-03 21:30:08', '2026-03-03 21:30:08'),
	(141, '64514-72S00', 'REINF ROOF RAIL CTR L', 'YHA', 6, 5, 600, 7000, 1, '250T', NULL, NULL, 0, 0, 0, 0, 0, NULL, '2025-11-19', NULL, 'active', NULL, NULL, NULL, NULL, NULL, NULL, NULL, NULL, NULL, NULL, NULL, NULL, NULL, NULL, NULL, NULL, NULL, '2026-03-03 21:30:08', '2026-03-03 21:30:08'),
	(142, '64115-72S00', 'REINF ROOF RAIL RR, R', 'YHA', 6, 5, 600, 7000, 1, '250T', NULL, NULL, 0, 0, 0, 0, 0, NULL, '2025-11-20', NULL, 'active', NULL, NULL, NULL, NULL, NULL, NULL, NULL, NULL, NULL, NULL, NULL, NULL, NULL, NULL, NULL, NULL, NULL, '2026-03-03 21:30:08', '2026-03-03 21:30:08'),
	(143, '64515-72S00', 'REINF ROOF RAIL RR, L', 'YHA', 6, 5, 600, 7000, 1, '250T', NULL, NULL, 0, 0, 0, 0, 0, NULL, '2025-12-19', NULL, 'active', NULL, NULL, NULL, NULL, NULL, NULL, NULL, NULL, NULL, NULL, NULL, NULL, NULL, NULL, NULL, NULL, NULL, '2026-03-03 21:30:08', '2026-03-03 21:30:08'),
	(144, '64113-72S00 (Blank)', 'REINF ROOF RAIL FR R', 'YHA', 6, 5, 600, 7000, 1, '250T', NULL, NULL, 0, 0, 0, 0, 0, NULL, '2025-12-16', NULL, 'active', NULL, NULL, NULL, NULL, NULL, NULL, NULL, NULL, NULL, NULL, NULL, NULL, NULL, NULL, NULL, NULL, NULL, '2026-03-03 21:30:08', '2026-03-03 21:30:08'),
	(145, '64513-72S00 (Blank)', 'REINF ROOF RAIL FR L', 'YHA', 6, 5, 600, 7000, 1, '250T', NULL, NULL, 0, 0, 0, 0, 0, NULL, '2025-12-17', NULL, 'active', NULL, NULL, NULL, NULL, NULL, NULL, NULL, NULL, NULL, NULL, NULL, NULL, NULL, NULL, NULL, NULL, NULL, '2026-03-03 21:30:08', '2026-03-03 21:30:08'),
	(146, '64114/514-72S00 (Blank)', 'REINF ROOF RAIL CTR R/L', 'YHA', 6, 5, 600, 7000, 1, '250T', NULL, NULL, 0, 0, 0, 0, 0, NULL, '2025-11-18', NULL, 'active', NULL, NULL, NULL, NULL, NULL, NULL, NULL, NULL, NULL, NULL, NULL, NULL, NULL, NULL, NULL, NULL, NULL, '2026-03-03 21:30:08', '2026-03-03 21:30:08'),
	(147, '64115-72S00 (Blank)', 'REINF ROOF RAIL RR, R', 'YHA', 6, 5, 600, 7000, 1, '250T', NULL, NULL, 0, 0, 0, 0, 0, NULL, '2025-11-20', NULL, 'active', NULL, NULL, NULL, NULL, NULL, NULL, NULL, NULL, NULL, NULL, NULL, NULL, NULL, NULL, NULL, NULL, NULL, '2026-03-03 21:30:08', '2026-03-03 21:30:08'),
	(148, '64515-72S00 (Blank)', 'REINF ROOF RAIL RR, L', 'YHA', 6, 5, 600, 7000, 1, '250T', NULL, NULL, 0, 0, 0, 0, 0, NULL, '2025-12-19', NULL, 'active', NULL, NULL, NULL, NULL, NULL, NULL, NULL, NULL, NULL, NULL, NULL, NULL, NULL, NULL, NULL, NULL, NULL, '2026-03-03 21:30:08', '2026-03-03 21:30:08'),
	(149, '58821-52S00 (Blank)', 'BRKT COOLING UNIT', 'Y4L', 16, 5, 600, 7000, 1, '250T', NULL, NULL, 0, 0, 0, 0, 0, NULL, '2025-12-05', NULL, 'active', NULL, NULL, NULL, NULL, NULL, NULL, NULL, NULL, NULL, NULL, NULL, NULL, NULL, NULL, NULL, NULL, NULL, '2026-03-03 21:30:08', '2026-03-03 21:30:08'),
	(150, '58821-52S20', 'BRKT COOLING UNIT', 'Y4L', 16, 5, 600, 7000, 1, '250T', NULL, NULL, 0, 0, 0, 0, 0, NULL, '2025-12-05', NULL, 'active', NULL, NULL, NULL, NULL, NULL, NULL, NULL, NULL, NULL, NULL, NULL, NULL, NULL, NULL, NULL, NULL, NULL, '2026-03-03 21:30:08', '2026-03-03 21:30:08'),
	(151, '58861-52S00', 'BRACKET, BUMPER & FR PNL, L', 'Y4L', 16, 5, 600, 7000, 1, '250T', NULL, NULL, 0, 0, 0, 0, 0, NULL, '2025-11-27', NULL, 'active', NULL, NULL, NULL, NULL, NULL, NULL, NULL, NULL, NULL, NULL, NULL, NULL, NULL, NULL, NULL, NULL, NULL, '2026-03-03 21:30:08', '2026-03-03 21:30:08'),
	(152, '58851-52S00', 'BRACKET, BUMPER & FR PNL, R', 'Y4L', 16, 5, 600, 7000, 1, '250T', NULL, NULL, 0, 0, 0, 0, 0, NULL, '2025-11-26', NULL, 'active', NULL, NULL, NULL, NULL, NULL, NULL, NULL, NULL, NULL, NULL, NULL, NULL, NULL, NULL, NULL, NULL, NULL, '2026-03-03 21:30:08', '2026-03-03 21:30:08'),
	(153, '58321-52S00', 'BRACE, HEADLAMP SUPPORT, R', 'Y4L', 16, 5, 600, 7000, 1, '250T', NULL, NULL, 0, 0, 0, 0, 0, NULL, '2026-01-21', NULL, 'active', NULL, NULL, NULL, NULL, NULL, NULL, NULL, NULL, NULL, NULL, NULL, NULL, NULL, NULL, NULL, NULL, NULL, '2026-03-03 21:30:08', '2026-03-03 21:30:08'),
	(154, '58331-52S00', 'BRACE, HEADLAMP SUPPORT, L', 'Y4L', 16, 5, 600, 7000, 1, '250T', NULL, NULL, 0, 0, 0, 0, 0, NULL, '2025-11-19', NULL, 'active', NULL, NULL, NULL, NULL, NULL, NULL, NULL, NULL, NULL, NULL, NULL, NULL, NULL, NULL, NULL, NULL, NULL, '2026-03-03 21:30:08', '2026-03-03 21:30:08'),
	(155, '58815-52S00', 'BRACKET,BUMPER & FR PNL CTR', 'Y4L', 16, 5, 600, 7000, 1, '250T', NULL, NULL, 0, 0, 0, 0, 0, NULL, '2025-12-12', NULL, 'active', NULL, NULL, NULL, NULL, NULL, NULL, NULL, NULL, NULL, NULL, NULL, NULL, NULL, NULL, NULL, NULL, NULL, '2026-03-03 21:30:08', '2026-03-03 21:30:08'),
	(156, '58322-74T00', 'BRACKET FR FENDER LWR R', 'YTB', 17, 5, 600, 7000, 1, '250T', NULL, NULL, 0, 0, 0, 0, 0, NULL, '2025-12-24', NULL, 'active', NULL, NULL, NULL, NULL, NULL, NULL, NULL, NULL, NULL, NULL, NULL, NULL, NULL, NULL, NULL, NULL, NULL, '2026-03-03 21:30:08', '2026-03-03 21:30:08'),
	(157, '58422-74T00', 'BRACKET FR FENDER LWR L', 'YTB', 17, 5, 600, 7000, 1, '250T', NULL, NULL, 0, 0, 0, 0, 0, NULL, '2025-12-29', NULL, 'active', NULL, NULL, NULL, NULL, NULL, NULL, NULL, NULL, NULL, NULL, NULL, NULL, NULL, NULL, NULL, NULL, NULL, '2026-03-03 21:30:08', '2026-03-03 21:30:08'),
	(158, '64717-3M0A-3000', 'BHD L, RR PLR', '3M0A', 18, 3, 600, 7000, 1, '250T', NULL, NULL, 0, 0, 0, 0, 0, NULL, '2025-12-29', NULL, 'active', NULL, NULL, NULL, NULL, NULL, NULL, NULL, NULL, NULL, NULL, NULL, NULL, NULL, NULL, NULL, NULL, NULL, '2026-03-03 21:30:08', '2026-03-03 21:30:08'),
	(159, '64717-3M0A-3000 (Blank)', 'BHD L, RR PLR', '3M0A', 18, 3, 600, 7000, 1, '250T', NULL, NULL, 0, 0, 0, 0, 0, NULL, '2025-12-29', NULL, 'active', NULL, NULL, NULL, NULL, NULL, NULL, NULL, NULL, NULL, NULL, NULL, NULL, NULL, NULL, NULL, NULL, NULL, '2026-03-03 21:30:08', '2026-03-03 21:30:08'),
	(160, '64317-3M0A-3000', 'BHD R, RR PLR', '3M0A', 18, 3, 600, 7000, 1, '250T', NULL, NULL, 0, 0, 0, 0, 0, NULL, '2025-11-18', NULL, 'active', NULL, NULL, NULL, NULL, NULL, NULL, NULL, NULL, NULL, NULL, NULL, NULL, NULL, NULL, NULL, NULL, NULL, '2026-03-03 21:30:08', '2026-03-03 21:30:08'),
	(161, '64317-3M0A-3000 (Blank)', 'BHD R, RR PLR', '3M0A', 18, 3, 600, 7000, 1, '250T', NULL, NULL, 0, 0, 0, 0, 0, NULL, '2025-11-18', NULL, 'active', NULL, NULL, NULL, NULL, NULL, NULL, NULL, NULL, NULL, NULL, NULL, NULL, NULL, NULL, NULL, NULL, NULL, '2026-03-03 21:30:08', '2026-03-03 21:30:08'),
	(162, '62741-74U00', 'BRACKET, FUEL TANK REAR, L', 'YTB', 17, 3, 600, 7000, 1, '250T', NULL, NULL, 0, 0, 0, 0, 0, NULL, '2025-11-20', NULL, 'active', NULL, NULL, NULL, NULL, NULL, NULL, NULL, NULL, NULL, NULL, NULL, NULL, NULL, NULL, NULL, NULL, NULL, '2026-03-03 21:30:08', '2026-03-03 21:30:08'),
	(163, '71372/82-I6000 (Blank)', 'REINF RR DR CHKR MTG LH/RH', 'KS', 1, 1, 600, 10000, 1, 'Progressive', NULL, NULL, 0, 0, 0, 0, 0, NULL, '2025-11-03', NULL, 'active', NULL, NULL, NULL, NULL, NULL, NULL, NULL, NULL, NULL, NULL, NULL, NULL, NULL, NULL, NULL, NULL, NULL, '2026-03-03 21:30:08', '2026-03-03 21:30:08'),
	(164, '71216-I6900 (Blank)', 'BRKT-COWL CROSS MEMBER GD,LH', 'KS', 1, 1, 600, 10000, 1, 'Progressive', NULL, NULL, 0, 0, 0, 0, 0, NULL, '2025-12-16', NULL, 'active', NULL, NULL, NULL, NULL, NULL, NULL, NULL, NULL, NULL, NULL, NULL, NULL, NULL, NULL, NULL, NULL, NULL, '2026-03-03 21:30:08', '2026-03-03 21:30:08'),
	(165, '71216-I6000 (Blank)', 'BRKT-COWL CROSS MEMBER GD,LH', 'KS', 1, 1, 600, 10000, 1, 'Progressive', NULL, NULL, 0, 0, 0, 0, 0, NULL, '2025-11-17', NULL, 'active', NULL, NULL, NULL, NULL, NULL, NULL, NULL, NULL, NULL, NULL, NULL, NULL, NULL, NULL, NULL, NULL, NULL, '2026-03-03 21:30:08', '2026-03-03 21:30:08'),
	(166, '71478/88-I6000 (Blank)', 'BRKT FR SEAT BELT LWR MTG,LH/RH', 'KS', 1, 1, 600, 10000, 1, 'Progressive', NULL, NULL, 0, 0, 0, 0, 0, NULL, '2025-11-04', NULL, 'active', NULL, NULL, NULL, NULL, NULL, NULL, NULL, NULL, NULL, NULL, NULL, NULL, NULL, NULL, NULL, NULL, NULL, '2026-03-03 21:30:08', '2026-03-03 21:30:08'),
	(167, '71226-I6900 (Blank)', 'BRKT-COWL CROSS MEMBER GDE,RH', 'KS', 1, 1, 600, 10000, 1, 'Progressive', NULL, NULL, 0, 0, 0, 0, 0, NULL, '2025-11-04', NULL, 'active', NULL, NULL, NULL, NULL, NULL, NULL, NULL, NULL, NULL, NULL, NULL, NULL, NULL, NULL, NULL, NULL, NULL, '2026-03-03 21:30:08', '2026-03-03 21:30:08'),
	(168, '71226-I6000 (Blank)', 'BRKT-COWL CROSS MEMBER GDE,RH', 'KS', 1, 1, 600, 10000, 1, 'Progressive', NULL, NULL, 0, 0, 0, 0, 0, NULL, '2025-11-10', NULL, 'active', NULL, NULL, NULL, NULL, NULL, NULL, NULL, NULL, NULL, NULL, NULL, NULL, NULL, NULL, NULL, NULL, NULL, '2026-03-03 21:30:08', '2026-03-03 21:30:08'),
	(169, '71474/84-I6000 (Blank)', 'REINF CTR PLR INR UPR,LH/RH', 'KS', 1, 1, 600, 10000, 1, 'Progressive', NULL, NULL, 0, 0, 0, 0, 0, NULL, '2025-11-04', NULL, 'active', NULL, NULL, NULL, NULL, NULL, NULL, NULL, NULL, NULL, NULL, NULL, NULL, NULL, NULL, NULL, NULL, NULL, '2026-03-03 21:30:08', '2026-03-03 21:30:08'),
	(170, '651C2/D2-I6000 (Blank)', 'REINF-FR SEAT FR INR MTG,LH/RH', 'KS', 1, 1, 600, 10000, 1, 'Progressive', NULL, NULL, 0, 0, 0, 0, 0, NULL, '2025-11-05', NULL, 'active', NULL, NULL, NULL, NULL, NULL, NULL, NULL, NULL, NULL, NULL, NULL, NULL, NULL, NULL, NULL, NULL, NULL, '2026-03-03 21:30:08', '2026-03-03 21:30:08'),
	(171, '71432-I6000 (Blank)', 'BRKT ASSIST HDL FR,LH', 'KS', 1, 1, 600, 10000, 1, 'Progressive', NULL, NULL, 0, 0, 0, 0, 0, NULL, '2025-12-31', NULL, 'active', NULL, NULL, NULL, NULL, NULL, NULL, NULL, NULL, NULL, NULL, NULL, NULL, NULL, NULL, NULL, NULL, NULL, '2026-03-03 21:30:08', '2026-03-03 21:30:08'),
	(172, '71434-I6000 (Blank)', 'BRKT ASSIST HDL FR,RH', 'KS', 1, 1, 600, 10000, 1, 'Progressive', NULL, NULL, 0, 0, 0, 0, 0, NULL, '2025-12-31', NULL, 'active', NULL, NULL, NULL, NULL, NULL, NULL, NULL, NULL, NULL, NULL, NULL, NULL, NULL, NULL, NULL, NULL, NULL, '2026-03-03 21:30:08', '2026-03-03 21:30:08'),
	(173, '65138-I6000 (Blank)', 'REINF P/BRAKE LVR MTG', 'KS', 1, 1, 600, 10000, 1, 'Progressive', NULL, NULL, 0, 0, 0, 0, 0, NULL, '2025-12-29', NULL, 'active', NULL, NULL, NULL, NULL, NULL, NULL, NULL, NULL, NULL, NULL, NULL, NULL, NULL, NULL, NULL, NULL, NULL, '2026-03-03 21:30:08', '2026-03-03 21:30:08'),
	(174, '65195-I6000 (Blank)', 'REINF P/BRAKE CBL MTG', 'KS', 1, 1, 600, 10000, 1, 'Progressive', NULL, NULL, 0, 0, 0, 0, 0, NULL, '2025-12-24', NULL, 'active', NULL, NULL, NULL, NULL, NULL, NULL, NULL, NULL, NULL, NULL, NULL, NULL, NULL, NULL, NULL, NULL, NULL, '2026-03-03 21:30:08', '2026-03-03 21:30:08'),
	(175, '651F2-I6000 (Blank)', 'PATCH S/SILL INR REINF NO.1', 'KS', 1, 1, 600, 10000, 1, 'Progressive', NULL, NULL, 0, 0, 0, 0, 0, NULL, '2025-12-01', NULL, 'active', NULL, NULL, NULL, NULL, NULL, NULL, NULL, NULL, NULL, NULL, NULL, NULL, NULL, NULL, NULL, NULL, NULL, '2026-03-03 21:30:08', '2026-03-03 21:30:08'),
	(176, '651A8-I6000 (Blank)', 'MBR CTR FLR SIDE UPR,RH', 'KS', 1, 1, 600, 10000, 1, 'Progressive', NULL, NULL, 0, 0, 0, 0, 0, NULL, '2025-12-02', NULL, 'active', NULL, NULL, NULL, NULL, NULL, NULL, NULL, NULL, NULL, NULL, NULL, NULL, NULL, NULL, NULL, NULL, NULL, '2026-03-03 21:30:08', '2026-03-03 21:30:08'),
	(177, '651B2-I6000 (Blank)', 'REINF CTR FLR SIDE FR,RH', 'KS', 1, 1, 600, 10000, 1, 'Progressive', NULL, NULL, 0, 0, 0, 0, 0, NULL, '2025-12-04', NULL, 'active', NULL, NULL, NULL, NULL, NULL, NULL, NULL, NULL, NULL, NULL, NULL, NULL, NULL, NULL, NULL, NULL, NULL, '2026-03-03 21:30:08', '2026-03-03 21:30:08'),
	(178, '65158/66-I6000 (Blank)', 'BRKT FR ST RR OTR MTG,LH/RH', 'KS', 1, 1, 600, 10000, 1, 'Progressive', NULL, NULL, 0, 0, 0, 0, 0, NULL, '2025-09-24', NULL, 'active', NULL, NULL, NULL, NULL, NULL, NULL, NULL, NULL, NULL, NULL, NULL, NULL, NULL, NULL, NULL, NULL, NULL, '2026-03-03 21:30:08', '2026-03-03 21:30:08'),
	(179, '71134/44-I6000', 'REINF-FR DR HINGE MTG UPR,LH/RH', 'KS', 1, 1, 600, 10000, 1, 'Progressive', NULL, NULL, 0, 0, 0, 0, 0, NULL, '2025-11-08', NULL, 'active', NULL, NULL, NULL, NULL, NULL, NULL, NULL, NULL, NULL, NULL, NULL, NULL, NULL, NULL, NULL, NULL, NULL, '2026-03-03 21:30:08', '2026-03-03 21:30:08'),
	(180, '71136/46-I6000 (Blank)', 'REINF-FR PILLAR OTR L/RH', 'KS', 1, 1, 600, 10000, 1, 'Progressive', NULL, NULL, 0, 0, 0, 0, 0, NULL, '2025-11-09', NULL, 'active', NULL, NULL, NULL, NULL, NULL, NULL, NULL, NULL, NULL, NULL, NULL, NULL, NULL, NULL, NULL, NULL, NULL, '2026-03-03 21:30:08', '2026-03-03 21:30:08'),
	(181, '71391-I6000 (Blank)', 'GUSSET SIDE SILL OTR NO.1,LH', 'KS', 1, 1, 600, 10000, 1, 'Progressive', NULL, NULL, 0, 0, 0, 0, 0, NULL, '2025-12-30', NULL, 'active', NULL, NULL, NULL, NULL, NULL, NULL, NULL, NULL, NULL, NULL, NULL, NULL, NULL, NULL, NULL, NULL, NULL, '2026-03-03 21:30:08', '2026-03-03 21:30:08'),
	(182, '71358/68-I6000 (Blank)', 'EXTN SIDE SILL OTR FR,LH/RH', 'KS', 1, 1, 600, 10000, 1, 'Progressive', NULL, NULL, 0, 0, 0, 0, 0, NULL, '2025-10-23', NULL, 'active', NULL, NULL, NULL, NULL, NULL, NULL, NULL, NULL, NULL, NULL, NULL, NULL, NULL, NULL, NULL, NULL, NULL, '2026-03-03 21:30:08', '2026-03-03 21:30:08'),
	(183, '71476/86-I6000 (Blank)', 'BRKT FR S/BELT UPR MTG,LH/RH', 'KS', 1, 1, 600, 10000, 1, 'Progressive', NULL, NULL, 0, 0, 0, 0, 0, NULL, '2025-09-26', NULL, 'active', NULL, NULL, NULL, NULL, NULL, NULL, NULL, NULL, NULL, NULL, NULL, NULL, NULL, NULL, NULL, NULL, NULL, '2026-03-03 21:30:08', '2026-03-03 21:30:08'),
	(184, '71154/64-I6000 (Blank)', 'REINF-FR DR HINGE LWR,LH/RH', 'KS', 1, 1, 600, 10000, 1, 'Progressive', NULL, NULL, 0, 0, 0, 0, 0, NULL, '2025-11-20', NULL, 'active', NULL, NULL, NULL, NULL, NULL, NULL, NULL, NULL, NULL, NULL, NULL, NULL, NULL, NULL, NULL, NULL, NULL, '2026-03-03 21:30:08', '2026-03-03 21:30:08'),
	(185, '65158/68-I6000 (Blank)', 'REINF-FR SEAT FR OTR MTG,LH/RH', 'KS', 1, 1, 600, 10000, 1, 'Progressive', NULL, NULL, 0, 0, 0, 0, 0, NULL, '2025-11-07', NULL, 'active', NULL, NULL, NULL, NULL, NULL, NULL, NULL, NULL, NULL, NULL, NULL, NULL, NULL, NULL, NULL, NULL, NULL, '2026-03-03 21:30:08', '2026-03-03 21:30:08'),
	(186, '65106-I6000 (Blank)', 'REINF CTR FLOOR RR', 'KS', 1, 1, 600, 10000, 1, 'Progressive', NULL, NULL, 0, 0, 0, 0, 0, NULL, '2025-11-28', NULL, 'active', NULL, NULL, NULL, NULL, NULL, NULL, NULL, NULL, NULL, NULL, NULL, NULL, NULL, NULL, NULL, NULL, NULL, '2026-03-03 21:30:08', '2026-03-03 21:30:08'),
	(187, '65154/64-I6000 (Blank)', 'BRKT FR ST RR INR MTG,LH/RH', 'KS', 1, 1, 600, 10000, 1, 'Progressive', NULL, NULL, 0, 0, 0, 0, 0, NULL, '2025-12-31', NULL, 'active', NULL, NULL, NULL, NULL, NULL, NULL, NULL, NULL, NULL, NULL, NULL, NULL, NULL, NULL, NULL, NULL, NULL, '2026-03-03 21:30:08', '2026-03-03 21:30:08'),
	(188, '65174/84-I6000 (Blank)', 'REINF SIDE SILL INR LH/RH', 'KS', 1, 1, 600, 10000, 1, 'Progressive', NULL, NULL, 0, 0, 0, 0, 0, NULL, '2025-12-03', NULL, 'active', NULL, NULL, NULL, NULL, NULL, NULL, NULL, NULL, NULL, NULL, NULL, NULL, NULL, NULL, NULL, NULL, NULL, '2026-03-03 21:30:08', '2026-03-03 21:30:08'),
	(189, '71172/82-I6000 (Blank)', 'REINF-FR DR CHECKER MTG,LH', 'KS', 1, 1, 600, 10000, 1, 'Progressive', NULL, NULL, 0, 0, 0, 0, 0, NULL, '2025-11-21', NULL, 'active', NULL, NULL, NULL, NULL, NULL, NULL, NULL, NULL, NULL, NULL, NULL, NULL, NULL, NULL, NULL, NULL, NULL, '2026-03-03 21:30:08', '2026-03-03 21:30:08'),
	(190, '71393/94-I6000 (Blank)', 'GUSSET SIDE SILL OTR NO.2,LH/RH', 'KS', 1, 1, 600, 10000, 1, 'Progressive', NULL, NULL, 0, 0, 0, 0, 0, NULL, '2025-11-13', NULL, 'active', NULL, NULL, NULL, NULL, NULL, NULL, NULL, NULL, NULL, NULL, NULL, NULL, NULL, NULL, NULL, NULL, NULL, '2026-03-03 21:30:08', '2026-03-03 21:30:08'),
	(191, '71252/62-I6000 (Blank)', 'EXTN FR PILLAR UPR,RH/LH', 'KS', 1, 1, 600, 10000, 1, 'Progressive', NULL, NULL, 0, 0, 0, 0, 0, NULL, '2025-10-01', NULL, 'active', NULL, NULL, NULL, NULL, NULL, NULL, NULL, NULL, NULL, NULL, NULL, NULL, NULL, NULL, NULL, NULL, NULL, '2026-03-03 21:30:08', '2026-03-03 21:30:08'),
	(192, '71477/87-I6000 (Blank)', 'BRKT FR SEAT BELT LWR MTG,LH/RH', 'KS', 1, 1, 600, 10000, 1, 'Progressive', NULL, NULL, 0, 0, 0, 0, 0, NULL, '2025-12-04', NULL, 'active', NULL, NULL, NULL, NULL, NULL, NULL, NULL, NULL, NULL, NULL, NULL, NULL, NULL, NULL, NULL, NULL, NULL, '2026-03-03 21:30:08', '2026-03-03 21:30:08'),
	(193, '71374/84-I6000 (Blank Sheet)', 'REINF SIDE SILL OTR FR,LH/RH', 'KS', 1, 1, 600, 10000, 1, 'Progressive', NULL, NULL, 0, 0, 0, 0, 0, NULL, '2025-11-19', NULL, 'active', NULL, NULL, NULL, NULL, NULL, NULL, NULL, NULL, NULL, NULL, NULL, NULL, NULL, NULL, NULL, NULL, NULL, '2026-03-03 21:30:08', '2026-03-03 21:30:08'),
	(194, '651C8-I6000 (Blank Sheet)', 'BRACE CTR FLR TUNNEL RR', 'KS', 1, 1, 600, 10000, 1, 'Progressive', NULL, NULL, 0, 0, 0, 0, 0, NULL, '2025-12-22', NULL, 'active', NULL, NULL, NULL, NULL, NULL, NULL, NULL, NULL, NULL, NULL, NULL, NULL, NULL, NULL, NULL, NULL, NULL, '2026-03-03 21:30:08', '2026-03-03 21:30:08'),
	(195, '651D8-I6000 (Blank Sheet)', 'BRACE CTR FLR TUNNEL', 'KS', 1, 1, 600, 10000, 1, 'Progressive', NULL, NULL, 0, 0, 0, 0, 0, NULL, '2025-12-23', NULL, 'active', NULL, NULL, NULL, NULL, NULL, NULL, NULL, NULL, NULL, NULL, NULL, NULL, NULL, NULL, NULL, NULL, NULL, '2026-03-03 21:30:08', '2026-03-03 21:30:08'),
	(196, '65152-I6000 (Blank Sheet)', 'MEMBER-FR SEAT CROSS,LH', 'KS', 1, 1, 600, 10000, 1, 'Progressive', NULL, NULL, 0, 0, 0, 0, 0, NULL, '2025-09-22', NULL, 'active', NULL, NULL, NULL, NULL, NULL, NULL, NULL, NULL, NULL, NULL, NULL, NULL, NULL, NULL, NULL, NULL, NULL, '2026-03-03 21:30:08', '2026-03-03 21:30:08'),
	(197, '65162-I6000 (Blank Sheet)', 'MEMBER-FR SEAT CROSS,RH', 'KS', 1, 1, 600, 10000, 1, 'Progressive', NULL, NULL, 0, 0, 0, 0, 0, NULL, '2025-09-23', NULL, 'active', NULL, NULL, NULL, NULL, NULL, NULL, NULL, NULL, NULL, NULL, NULL, NULL, NULL, NULL, NULL, NULL, NULL, '2026-03-03 21:30:08', '2026-03-03 21:30:08'),
	(198, '58331-52S00 (Blank)', 'BRACE HEAD LAMP SUPPORT LH', 'Y4L', 16, 5, 600, 10000, 1, 'Progressive', NULL, NULL, 0, 0, 0, 0, 0, NULL, '2025-11-19', NULL, 'active', NULL, NULL, NULL, NULL, NULL, NULL, NULL, NULL, NULL, NULL, NULL, NULL, NULL, NULL, NULL, NULL, NULL, '2026-03-03 21:30:08', '2026-03-03 21:30:08'),
	(199, '58321-52S00 (Blank)', 'BRACE HEAD LAMP SUPPORT RH', 'Y4L', 16, 5, 600, 10000, 1, 'Progressive', NULL, NULL, 0, 0, 0, 0, 0, NULL, '2025-11-28', NULL, 'active', NULL, NULL, NULL, NULL, NULL, NULL, NULL, NULL, NULL, NULL, NULL, NULL, NULL, NULL, NULL, NULL, NULL, '2026-03-03 21:30:08', '2026-03-03 21:30:08'),
	(200, '58851-52S00 (Blank)', 'BRKT BMPR & FR FNL R', 'Y4L', 16, 5, 600, 10000, 1, 'Progressive', NULL, NULL, 0, 0, 0, 0, 0, NULL, '2025-11-26', NULL, 'active', NULL, NULL, NULL, NULL, NULL, NULL, NULL, NULL, NULL, NULL, NULL, NULL, NULL, NULL, NULL, NULL, NULL, '2026-03-03 21:30:08', '2026-03-03 21:30:08'),
	(201, '58861-52S00 (Blank)', 'BRKT BMPR & FR FNL L', 'Y4L', 16, 5, 600, 10000, 1, 'Progressive', NULL, NULL, 0, 0, 0, 0, 0, NULL, '2025-11-27', NULL, 'active', NULL, NULL, NULL, NULL, NULL, NULL, NULL, NULL, NULL, NULL, NULL, NULL, NULL, NULL, NULL, NULL, NULL, '2026-03-03 21:30:08', '2026-03-03 21:30:08'),
	(202, '58815-52S00 (Blank)', 'BRKT BMPR & FR FNL CTR', 'Y4L', 16, 5, 600, 10000, 1, 'Progressive', NULL, NULL, 0, 0, 0, 0, 0, NULL, '2025-12-12', NULL, 'active', NULL, NULL, NULL, NULL, NULL, NULL, NULL, NULL, NULL, NULL, NULL, NULL, NULL, NULL, NULL, NULL, NULL, '2026-03-03 21:30:08', '2026-03-03 21:30:08'),
	(203, '58322/422-74T00 (Blank)', 'BRACKET FR FENDER LWR R/L', 'YTB', 17, 5, 600, 10000, 1, 'Progressive', NULL, NULL, 0, 0, 0, 0, 0, NULL, '2025-12-25', NULL, 'active', NULL, NULL, NULL, NULL, NULL, NULL, NULL, NULL, NULL, NULL, NULL, NULL, NULL, NULL, NULL, NULL, NULL, '2026-03-03 21:30:08', '2026-03-03 21:30:08'),
	(204, '64348-TVS-K010-H1 (Blank)', 'ANCHOR PLATE CTR INN', '2JX (3K6A)', 7, 3, 600, 10000, 1, 'Progressive', NULL, NULL, 0, 0, 0, 0, 0, NULL, '2025-11-19', NULL, 'active', NULL, NULL, NULL, NULL, NULL, NULL, NULL, NULL, NULL, NULL, NULL, NULL, NULL, NULL, NULL, NULL, NULL, '2026-03-03 21:30:08', '2026-03-03 21:30:08'),
	(205, '65314-T86-K000-H1 (Blank)', 'BRACKET CANISTER', '2JX', 7, 3, 600, 10000, 1, 'Progressive', NULL, NULL, 0, 0, 0, 0, 0, NULL, '2025-11-19', NULL, 'active', NULL, NULL, NULL, NULL, NULL, NULL, NULL, NULL, NULL, NULL, NULL, NULL, NULL, NULL, NULL, NULL, NULL, '2026-03-03 21:30:08', '2026-03-03 21:30:08'),
	(206, '65613-SCD-3000 (Blank)', 'BASE SPRING', '2JX', 7, 3, 600, 10000, 1, 'Progressive', NULL, NULL, 0, 0, 0, 0, 0, NULL, '2025-11-28', NULL, 'active', NULL, NULL, NULL, NULL, NULL, NULL, NULL, NULL, NULL, NULL, NULL, NULL, NULL, NULL, NULL, NULL, NULL, '2026-03-03 21:30:08', '2026-03-03 21:30:08'),
	(207, '65705-T86-K000-H1 (Blank)', 'BHD MID FLOOR C/ MBR', '2JX', 7, 3, 600, 10000, 1, 'Progressive', NULL, NULL, 0, 0, 0, 0, 0, NULL, '2025-12-22', NULL, 'active', NULL, NULL, NULL, NULL, NULL, NULL, NULL, NULL, NULL, NULL, NULL, NULL, NULL, NULL, NULL, NULL, NULL, '2026-03-03 21:30:08', '2026-03-03 21:30:08'),
	(208, '65706-T86-K000-H1 (Blank)', 'BRKT L, RR F/ TANK STOPPER', '2JX', 7, 3, 600, 10000, 1, 'Progressive', NULL, NULL, 0, 0, 0, 0, 0, NULL, '2025-11-28', NULL, 'active', NULL, NULL, NULL, NULL, NULL, NULL, NULL, NULL, NULL, NULL, NULL, NULL, NULL, NULL, NULL, NULL, NULL, '2026-03-03 21:30:08', '2026-03-03 21:30:08'),
	(209, '65743/93-T86A-K000-H1 (Blank)', 'STIFF R/L, EXTN S/ SILL', '2JX (LHD)', 7, 3, 600, 10000, 1, 'Progressive', NULL, NULL, 0, 0, 0, 0, 0, NULL, '2025-11-13', NULL, 'active', NULL, NULL, NULL, NULL, NULL, NULL, NULL, NULL, NULL, NULL, NULL, NULL, NULL, NULL, NULL, NULL, NULL, '2026-03-03 21:30:08', '2026-03-03 21:30:08'),
	(210, '65748-T86-K000-H1 (Blank)', 'BRKT, BREATHER TUBE', '2JX', 7, 3, 600, 10000, 1, 'Progressive', NULL, NULL, 0, 0, 0, 0, 0, NULL, '2025-11-13', NULL, 'active', NULL, NULL, NULL, NULL, NULL, NULL, NULL, NULL, NULL, NULL, NULL, NULL, NULL, NULL, NULL, NULL, NULL, '2026-03-03 21:30:08', '2026-03-03 21:30:08'),
	(211, '64743-T7A-3000 (Blank)', 'BRKT, SECURITY HORN', '3M0A', 18, 3, 600, 10000, 1, 'Progressive', NULL, NULL, 0, 0, 0, 0, 0, NULL, '2025-12-09', NULL, 'active', NULL, NULL, NULL, NULL, NULL, NULL, NULL, NULL, NULL, NULL, NULL, NULL, NULL, NULL, NULL, NULL, NULL, '2026-03-03 21:30:08', '2026-03-03 21:30:08'),
	(212, '61541-3M0-3000 (Blank)', 'STPR, ACCEL PEDAL', '2GN (3N1A)', 13, 4, 600, 10000, 1, 'Progressive', NULL, NULL, 0, 0, 0, 0, 0, NULL, '2025-10-27', NULL, 'active', NULL, NULL, NULL, NULL, NULL, NULL, NULL, NULL, NULL, NULL, NULL, NULL, NULL, NULL, NULL, NULL, NULL, '2026-03-03 21:30:08', '2026-03-03 21:30:08'),
	(213, '77751-VT050 (Blank)', 'BRACKET, CHARCOAL CANISTER NO. 1', '560B', 8, 6, 600, 10000, 1, 'Progressive', NULL, NULL, 0, 0, 0, 0, 0, NULL, '2025-11-17', NULL, 'active', NULL, NULL, NULL, NULL, NULL, NULL, NULL, NULL, NULL, NULL, NULL, NULL, NULL, NULL, NULL, NULL, NULL, '2026-03-03 21:30:08', '2026-03-03 21:30:08'),
	(214, '62741-74U00 (Blank)', 'BRACKET, FUEL TANK REAR, L', 'YTB', 17, 3, 600, 10000, 1, 'Progressive', NULL, NULL, 0, 0, 0, 0, 0, NULL, '2025-12-04', NULL, 'active', NULL, NULL, NULL, NULL, NULL, NULL, NULL, NULL, NULL, NULL, NULL, NULL, NULL, NULL, NULL, NULL, NULL, '2026-03-03 21:30:08', '2026-03-03 21:30:08');

-- Dumping structure for table ppm_dies_monitoring_april.failed_jobs
CREATE TABLE IF NOT EXISTS `failed_jobs` (
  `id` bigint(20) unsigned NOT NULL AUTO_INCREMENT,
  `uuid` varchar(255) COLLATE utf8mb4_unicode_ci NOT NULL,
  `connection` text COLLATE utf8mb4_unicode_ci NOT NULL,
  `queue` text COLLATE utf8mb4_unicode_ci NOT NULL,
  `payload` longtext COLLATE utf8mb4_unicode_ci NOT NULL,
  `exception` longtext COLLATE utf8mb4_unicode_ci NOT NULL,
  `failed_at` timestamp NOT NULL DEFAULT CURRENT_TIMESTAMP,
  PRIMARY KEY (`id`),
  UNIQUE KEY `failed_jobs_uuid_unique` (`uuid`)
) ENGINE=InnoDB DEFAULT CHARSET=utf8mb4 COLLATE=utf8mb4_unicode_ci;

-- Dumping data for table ppm_dies_monitoring_april.failed_jobs: ~0 rows (approximately)

-- Dumping structure for table ppm_dies_monitoring_april.jobs
CREATE TABLE IF NOT EXISTS `jobs` (
  `id` bigint(20) unsigned NOT NULL AUTO_INCREMENT,
  `queue` varchar(255) COLLATE utf8mb4_unicode_ci NOT NULL,
  `payload` longtext COLLATE utf8mb4_unicode_ci NOT NULL,
  `attempts` tinyint(3) unsigned NOT NULL,
  `reserved_at` int(10) unsigned DEFAULT NULL,
  `available_at` int(10) unsigned NOT NULL,
  `created_at` int(10) unsigned NOT NULL,
  PRIMARY KEY (`id`),
  KEY `jobs_queue_index` (`queue`)
) ENGINE=InnoDB DEFAULT CHARSET=utf8mb4 COLLATE=utf8mb4_unicode_ci;

-- Dumping data for table ppm_dies_monitoring_april.jobs: ~0 rows (approximately)

-- Dumping structure for table ppm_dies_monitoring_april.job_batches
CREATE TABLE IF NOT EXISTS `job_batches` (
  `id` varchar(255) COLLATE utf8mb4_unicode_ci NOT NULL,
  `name` varchar(255) COLLATE utf8mb4_unicode_ci NOT NULL,
  `total_jobs` int(11) NOT NULL,
  `pending_jobs` int(11) NOT NULL,
  `failed_jobs` int(11) NOT NULL,
  `failed_job_ids` longtext COLLATE utf8mb4_unicode_ci NOT NULL,
  `options` mediumtext COLLATE utf8mb4_unicode_ci,
  `cancelled_at` int(11) DEFAULT NULL,
  `created_at` int(11) NOT NULL,
  `finished_at` int(11) DEFAULT NULL,
  PRIMARY KEY (`id`)
) ENGINE=InnoDB DEFAULT CHARSET=utf8mb4 COLLATE=utf8mb4_unicode_ci;

-- Dumping data for table ppm_dies_monitoring_april.job_batches: ~0 rows (approximately)

-- Dumping structure for table ppm_dies_monitoring_april.machine_models
CREATE TABLE IF NOT EXISTS `machine_models` (
  `id` bigint(20) unsigned NOT NULL AUTO_INCREMENT,
  `code` varchar(30) COLLATE utf8mb4_unicode_ci NOT NULL,
  `name` varchar(100) COLLATE utf8mb4_unicode_ci NOT NULL,
  `tonnage_standard_id` bigint(20) unsigned NOT NULL,
  `description` text COLLATE utf8mb4_unicode_ci,
  `is_active` tinyint(1) NOT NULL DEFAULT '1',
  `created_at` timestamp NULL DEFAULT NULL,
  `updated_at` timestamp NULL DEFAULT NULL,
  PRIMARY KEY (`id`),
  UNIQUE KEY `machine_models_code_unique` (`code`),
  KEY `machine_models_tonnage_standard_id_index` (`tonnage_standard_id`),
  CONSTRAINT `machine_models_tonnage_standard_id_foreign` FOREIGN KEY (`tonnage_standard_id`) REFERENCES `tonnage_standards` (`id`)
) ENGINE=InnoDB AUTO_INCREMENT=19 DEFAULT CHARSET=utf8mb4 COLLATE=utf8mb4_unicode_ci;

-- Dumping data for table ppm_dies_monitoring_april.machine_models: ~16 rows (approximately)
INSERT IGNORE INTO `machine_models` (`id`, `code`, `name`, `tonnage_standard_id`, `description`, `is_active`, `created_at`, `updated_at`) VALUES
	(1, 'KS', 'KS Series (Grade B)', 5, NULL, 1, '2026-01-21 10:41:16', '2026-01-21 10:41:16'),
	(2, '4L45W', '4L45W Series', 5, NULL, 1, '2026-01-21 10:41:16', '2026-01-21 10:41:16'),
	(3, '2SJ', '2SJ Series', 3, NULL, 1, '2026-01-21 10:41:16', '2026-01-21 10:41:16'),
	(4, '2SK', '2SK Series', 3, NULL, 1, '2026-01-21 10:41:16', '2026-01-21 10:41:16'),
	(5, 'T64', 'T64 Series', 3, NULL, 1, '2026-01-21 10:41:16', '2026-01-21 10:41:16'),
	(6, 'YHA', 'YHA Series', 4, NULL, 1, '2026-01-21 10:41:16', '2026-01-21 10:41:16'),
	(7, '2JX', '2JX (LHD) Series', 4, NULL, 1, '2026-01-21 10:41:16', '2026-01-21 10:41:16'),
	(8, '560B', '560B Series', 5, NULL, 1, '2026-01-21 10:41:16', '2026-01-21 10:41:16'),
	(9, '20QX', '20QX Series', 5, NULL, 1, '2026-03-03 20:59:46', '2026-03-03 20:59:46'),
	(10, 'RNE', 'RNE Series', 5, NULL, 1, '2026-03-03 20:59:46', '2026-03-03 20:59:46'),
	(11, '5H45', '5H45 Series', 5, NULL, 1, '2026-03-03 20:59:46', '2026-03-03 20:59:46'),
	(12, '3K6A', '3K6A Series', 5, NULL, 1, '2026-03-03 20:59:46', '2026-03-03 20:59:46'),
	(13, '2GN', '2GN Series', 5, NULL, 1, '2026-03-03 20:59:46', '2026-03-03 20:59:46'),
	(14, 'OX', 'OX Series', 1, NULL, 1, '2026-03-03 21:11:02', '2026-03-03 21:11:02'),
	(15, '2VF', '2VF Series', 1, NULL, 1, '2026-03-03 21:11:02', '2026-03-03 21:11:02'),
	(16, 'Y4L', 'Y4L Series', 4, NULL, 1, '2026-03-03 21:30:08', '2026-03-03 21:30:08'),
	(17, 'YTB', 'YTB Series', 4, NULL, 1, '2026-03-03 21:30:08', '2026-03-03 21:30:08'),
	(18, '3M0A', '3M0A Series', 4, NULL, 1, '2026-03-03 21:30:08', '2026-03-03 21:30:08');

-- Dumping structure for table ppm_dies_monitoring_april.migrations
CREATE TABLE IF NOT EXISTS `migrations` (
  `id` int(10) unsigned NOT NULL AUTO_INCREMENT,
  `migration` varchar(255) COLLATE utf8mb4_unicode_ci NOT NULL,
  `batch` int(11) NOT NULL,
  PRIMARY KEY (`id`)
) ENGINE=InnoDB AUTO_INCREMENT=29 DEFAULT CHARSET=utf8mb4 COLLATE=utf8mb4_unicode_ci;

-- Dumping data for table ppm_dies_monitoring_april.migrations: ~25 rows (approximately)
INSERT IGNORE INTO `migrations` (`id`, `migration`, `batch`) VALUES
	(1, '0001_01_01_000000_create_users_table', 1),
	(2, '0001_01_01_000001_create_cache_table', 1),
	(3, '0001_01_01_000002_create_jobs_table', 1),
	(4, '2026_01_21_085400_create_customers_table', 1),
	(5, '2026_01_21_085400_create_machine_models_table', 1),
	(6, '2026_01_21_085400_create_tonnage_standards_table', 1),
	(7, '2026_01_21_085401_create_dies_table', 1),
	(8, '2026_01_21_085401_create_ppm_schedules_table', 1),
	(9, '2026_01_21_085401_create_production_logs_table', 1),
	(10, '2026_01_21_085402_add_machine_models_tonnage_standard_fk', 1),
	(11, '2026_01_21_085407_create_ppm_histories_table', 1),
	(12, '2026_01_22_100000_add_role_and_photo_to_users_table', 2),
	(13, '2026_01_28_073733_update_dies_table_fields', 3),
	(14, '2026_01_28_100000_add_ppm_alert_status_to_dies_table', 4),
	(15, '2026_01_28_120000_add_model_qty_die_to_production_logs_table', 5),
	(16, '2026_01_28_130000_remove_qty_die_from_production_logs_table', 6),
	(17, '2026_01_29_064725_create_notifications_table', 7),
	(18, '2026_02_01_100000_add_ppm_tracking_to_dies_table', 8),
	(19, '2026_02_01_100001_add_ppm_number_to_ppm_histories_table', 9),
	(20, '2026_02_16_100000_add_ppic_prod_features_to_dies_table', 10),
	(21, '2026_02_23_100000_create_special_dies_repairs_table', 11),
	(22, '2026_02_23_100001_add_ppm_timeline_and_group_to_dies_table', 11),
	(23, '2026_02_23_065641_add_schedule_dates_to_dies_table', 12),
	(24, '2026_02_23_065649_add_schedule_dates_to_dies_table', 12),
	(25, '2026_02_23_072947_add_created_by_to_ppm_schedules_table', 13),
	(26, '2026_02_25_100000_add_process_type_and_checklist_to_dies_and_ppm_histories', 14),
	(27, '2026_03_09_011648_add_nik_to_users_table', 15),
	(28, '2026_02_26_100000_add_is_4lot_check_to_dies_table', 16);

-- Dumping structure for table ppm_dies_monitoring_april.notifications
CREATE TABLE IF NOT EXISTS `notifications` (
  `id` char(36) COLLATE utf8mb4_unicode_ci NOT NULL,
  `type` varchar(255) COLLATE utf8mb4_unicode_ci NOT NULL,
  `notifiable_type` varchar(255) COLLATE utf8mb4_unicode_ci NOT NULL,
  `notifiable_id` bigint(20) unsigned NOT NULL,
  `data` text COLLATE utf8mb4_unicode_ci NOT NULL,
  `read_at` timestamp NULL DEFAULT NULL,
  `created_at` timestamp NULL DEFAULT NULL,
  `updated_at` timestamp NULL DEFAULT NULL,
  PRIMARY KEY (`id`),
  KEY `notifications_notifiable_type_notifiable_id_index` (`notifiable_type`,`notifiable_id`)
) ENGINE=InnoDB DEFAULT CHARSET=utf8mb4 COLLATE=utf8mb4_unicode_ci;

-- Dumping data for table ppm_dies_monitoring_april.notifications: ~317 rows (approximately)
INSERT IGNORE INTO `notifications` (`id`, `type`, `notifiable_type`, `notifiable_id`, `data`, `read_at`, `created_at`, `updated_at`) VALUES
	('001d9aed-f22c-4bd4-a938-7a508736ef2f', 'App\\Notifications\\CriticalDieAlert', 'App\\Models\\User', 5, '{"type":"orange_alert","die_id":25,"part_number":"67412 W000P","part_name":"C\\/ MBR DASH","customer":"TMMIN","status":"orange","accumulation_stroke":3800,"standard_stroke":6000,"stroke_percentage":63.3,"message":"\\ud83d\\udfe0 WARNING: 67412 W000P approaching PPM limit (63.3%)","icon":"fa-exclamation-triangle","color":"orange"}', '2026-02-22 23:32:32', '2026-02-22 23:31:33', '2026-02-22 23:32:32'),
	('0072385b-4fcb-43e7-8931-74b3394889df', 'App\\Notifications\\PpmCompleted', 'App\\Models\\User', 2, '{"type":"ppm_completed","die_id":6,"part_number":"71176-I6000","part_name":"BRKT FR PILLAR OTR,LH\\/RH","customer":"HMMI","ppm_date":"02 Mar 2026","pic":"rydha","maintenance_type":"routine","stroke_at_ppm":6000,"message":"\\u2705 PPM completed for 71176-I6000 (BRKT FR PILLAR OTR,LH\\/RH) by rydha","icon":"fa-check-circle","color":"green"}', '2026-03-01 22:54:47', '2026-03-01 22:02:44', '2026-03-01 22:54:47'),
	('00fa8ef4-e521-4e33-bb38-fced28c38be1', 'App\\Notifications\\CriticalDieAlert', 'App\\Models\\User', 2, '{"type":"red_alert","die_id":6,"part_number":"71176-I6000","part_name":"BRKT FR PILLAR OTR,LH\\/RH","customer":"HMMI","status":"red","accumulation_stroke":6689,"standard_stroke":6000,"stroke_percentage":111.5,"message":"\\ud83d\\udd34 CRITICAL: 71176-I6000 (BRKT FR PILLAR OTR,LH\\/RH) exceeded stroke limit (111.5%)","icon":"fa-exclamation-circle","color":"red"}', '2026-03-01 22:54:47', '2026-03-01 21:30:24', '2026-03-01 22:54:47'),
	('039d068a-cad5-4e73-b8f9-c4ab703ac8b9', 'App\\Notifications\\PpmWorkflowNotification', 'App\\Models\\User', 2, '{"type":"schedule_approved","die_id":6,"part_number":"71176-I6000","part_name":"BRKT FR PILLAR OTR,LH\\/RH","customer":"HMMI","actor":"sakti","event":"schedule_approved","message":"\\u2705 PPIC approved PPM Schedule for 71176-I6000 (BRKT FR PILLAR OTR,LH\\/RH) by sakti","icon":"fa-check-double","color":"cyan"}', '2026-03-01 22:54:47', '2026-03-01 21:46:43', '2026-03-01 22:54:47'),
	('041db376-7331-441b-a5a1-21b70b7a3e96', 'App\\Notifications\\CriticalDieAlert', 'App\\Models\\User', 6, '{"type":"orange_alert","die_id":14,"part_number":"60842TG1T00050HM","part_name":"BRKT, BPR BEAM EXTN OUT","customer":"UPIN","status":"orange","accumulation_stroke":8500,"standard_stroke":10000,"stroke_percentage":85,"message":"\\ud83d\\udfe0 WARNING: 60842TG1T00050HM approaching PPM limit (85%)","icon":"fa-exclamation-triangle","color":"orange"}', '2026-03-03 23:50:00', '2026-02-22 23:31:33', '2026-03-03 23:50:00'),
	('0449caf1-5be9-4736-acf0-ef69fe7bae6f', 'App\\Notifications\\PpmWorkflowNotification', 'App\\Models\\User', 2, '{"type":"schedule_approved","die_id":56,"part_number":"5253AH61","part_name":"SILL F\\/FLR SIDE INR,LH","customer":"ATS","actor":"Sakti","event":"schedule_approved","message":"\\u2705 PPIC approved PPM Schedule for 5253AH61 (SILL F\\/FLR SIDE INR,LH) by Sakti","icon":"fa-check-double","color":"cyan"}', '2026-03-09 23:19:29', '2026-03-09 23:16:52', '2026-03-09 23:19:29'),
	('05067676-b998-43b0-9fe8-90efe97e2162', 'App\\Notifications\\CriticalDieAlert', 'App\\Models\\User', 1, '{"type":"orange_alert","die_id":25,"part_number":"67412 W000P","part_name":"C\\/ MBR DASH","customer":"TMMIN","status":"orange","accumulation_stroke":3800,"standard_stroke":6000,"stroke_percentage":63.3,"message":"\\ud83d\\udfe0 WARNING: 67412 W000P approaching PPM limit (63.3%)","icon":"fa-exclamation-triangle","color":"orange"}', '2026-02-23 20:17:17', '2026-02-22 23:29:05', '2026-02-23 20:17:17'),
	('061006eb-2442-4252-aad3-431ccc754f6d', 'App\\Notifications\\PpmWorkflowNotification', 'App\\Models\\User', 1, '{"type":"transferred_back","die_id":55,"part_number":"5253AH62","part_name":"SILL F\\/FLR SIDE INR,RH","customer":"ATS","actor":"Rydha Ramlan Gunawan","event":"transferred_back","message":"\\ud83c\\udfed Dies transferred back to Production: 5253AH62 (SILL F\\/FLR SIDE INR,RH) by Rydha Ramlan Gunawan","icon":"fa-industry","color":"green"}', '2026-03-10 01:41:24', '2026-03-10 01:22:09', '2026-03-10 01:41:24'),
	('077537e7-a321-4448-ab0e-5ab11d15cab3', 'App\\Notifications\\CriticalDieAlert', 'App\\Models\\User', 4, '{"type":"red_alert","die_id":6,"part_number":"71176-I6000","part_name":"BRKT FR PILLAR OTR,LH\\/RH","customer":"HMMI","status":"red","accumulation_stroke":6689,"standard_stroke":6000,"stroke_percentage":111.5,"message":"\\ud83d\\udd34 CRITICAL: 71176-I6000 (BRKT FR PILLAR OTR,LH\\/RH) exceeded stroke limit (111.5%)","icon":"fa-exclamation-circle","color":"red"}', NULL, '2026-03-01 21:30:24', '2026-03-01 21:30:24'),
	('07f6b920-ad5b-48e5-8d91-2dbc4695d475', 'App\\Notifications\\PpmWorkflowNotification', 'App\\Models\\User', 5, '{"type":"schedule_approved","die_id":6,"part_number":"71176-I6000","part_name":"BRKT FR PILLAR OTR,LH\\/RH","customer":"HMMI","actor":"sakti","event":"schedule_approved","message":"\\u2705 PPIC approved PPM Schedule for 71176-I6000 (BRKT FR PILLAR OTR,LH\\/RH) by sakti","icon":"fa-check-double","color":"cyan"}', '2026-03-03 22:36:13', '2026-03-01 21:46:43', '2026-03-03 22:36:13'),
	('08b80040-a2f3-4ef0-b02a-5f8d29d0444b', 'App\\Notifications\\CriticalDieAlert', 'App\\Models\\User', 2, '{"type":"red_alert","die_id":2,"part_number":"71132-I6000","part_name":"REINF-FR PILLAR OTR LWR,LH","customer":"HMMI","status":"red","accumulation_stroke":6200,"standard_stroke":6000,"stroke_percentage":103.3,"message":"\\ud83d\\udd34 CRITICAL: 71132-I6000 exceeded stroke limit (103.3%)","icon":"fa-exclamation-circle","color":"red"}', '2026-02-24 21:29:59', '2026-02-22 23:29:06', '2026-02-24 21:29:59'),
	('08da5a34-5ece-498b-a1d6-145f207f1cd2', 'App\\Notifications\\CriticalDieAlert', 'App\\Models\\User', 8, '{"type":"orange_alert","die_id":56,"part_number":"5253AH61","part_name":"SILL F\\/FLR SIDE INR,LH","customer":"ATS","status":"orange","accumulation_stroke":4400,"standard_stroke":5000,"stroke_percentage":88,"message":"\\ud83d\\udfe0 WARNING: 5253AH61 (SILL F\\/FLR SIDE INR,LH) approaching PPM limit (88%)","icon":"fa-exclamation-triangle","color":"orange"}', NULL, '2026-03-09 20:58:32', '2026-03-09 20:58:32'),
	('0acc239e-1b36-4ee2-aa8d-bcc783ed2e6d', 'App\\Notifications\\PpmWorkflowNotification', 'App\\Models\\User', 5, '{"type":"lot_date_set","die_id":62,"part_number":"71188-I6000","part_name":"REINF FR PILLAR OTR UPR,RH","customer":"HMMI","actor":"sakti","event":"lot_date_set","message":"\\ud83d\\udcc5 PPIC set Last LOT Date for 71188-I6000 (REINF FR PILLAR OTR UPR,RH) \\u2014 Date: 2026-03-04 by sakti","icon":"fa-calendar-check","color":"purple"}', '2026-03-08 19:36:02', '2026-03-03 23:07:05', '2026-03-08 19:36:02'),
	('0babedcd-3647-4894-b5e2-20ff442b67b9', 'App\\Notifications\\CriticalDieAlert', 'App\\Models\\User', 5, '{"type":"orange_alert","die_id":4,"part_number":"65112-I6000","part_name":"PNL CTR FLOOR SIDE,LH","customer":"HMMI","status":"orange","accumulation_stroke":5340,"standard_stroke":6000,"stroke_percentage":89,"message":"\\ud83d\\udfe0 WARNING: 65112-I6000 approaching PPM limit (89%)","icon":"fa-exclamation-triangle","color":"orange"}', '2026-02-22 23:37:44', '2026-02-22 23:29:04', '2026-02-22 23:37:44'),
	('0bd13c06-32f2-4165-a3c3-64df3ab3df5d', 'App\\Notifications\\CriticalDieAlert', 'App\\Models\\User', 4, '{"type":"orange_alert","die_id":4,"part_number":"65112-I6000","part_name":"PNL CTR FLOOR SIDE,LH","customer":"HMMI","status":"orange","accumulation_stroke":5340,"standard_stroke":6000,"stroke_percentage":89,"message":"\\ud83d\\udfe0 WARNING: 65112-I6000 approaching PPM limit (89%)","icon":"fa-exclamation-triangle","color":"orange"}', NULL, '2026-02-22 23:29:04', '2026-02-22 23:29:04'),
	('0c1d2aa8-d88e-4cdc-a0f8-8d56ff7f71e9', 'App\\Notifications\\CriticalDieAlert', 'App\\Models\\User', 2, '{"type":"orange_alert","die_id":11,"part_number":"5253AH61","part_name":"SILL F\\/FLR SIDE INR LH","customer":"ATS","status":"orange","accumulation_stroke":4800,"standard_stroke":6000,"stroke_percentage":80,"message":"\\ud83d\\udfe0 WARNING: 5253AH61 approaching PPM limit (80%)","icon":"fa-exclamation-triangle","color":"orange"}', '2026-02-24 21:29:59', '2026-02-22 23:31:32', '2026-02-24 21:29:59'),
	('0c3f0316-6d98-43a8-84f9-245853ee0b98', 'App\\Notifications\\PpmWorkflowNotification', 'App\\Models\\User', 8, '{"type":"lot_date_set","die_id":56,"part_number":"5253AH61","part_name":"SILL F\\/FLR SIDE INR,LH","customer":"ATS","actor":"Sakti","event":"lot_date_set","message":"\\ud83d\\udcc5 PPIC set Last LOT Date for 5253AH61 (SILL F\\/FLR SIDE INR,LH) \\u2014 Date: 2026-03-12 by Sakti","icon":"fa-calendar-check","color":"purple"}', NULL, '2026-03-09 21:40:14', '2026-03-09 21:40:14'),
	('0dc99c9a-eb62-4e74-a35f-c17ef9cfe072', 'App\\Notifications\\CriticalDieAlert', 'App\\Models\\User', 2, '{"type":"orange_alert","die_id":11,"part_number":"5253AH61","part_name":"SILL F\\/FLR SIDE INR LH","customer":"ATS","status":"orange","accumulation_stroke":4800,"standard_stroke":6000,"stroke_percentage":80,"message":"\\ud83d\\udfe0 WARNING: 5253AH61 approaching PPM limit (80%)","icon":"fa-exclamation-triangle","color":"orange"}', '2026-02-24 21:29:59', '2026-02-22 23:29:04', '2026-02-24 21:29:59'),
	('0eecc899-0bad-42df-b960-8c6f59bc1c8d', 'App\\Notifications\\CriticalDieAlert', 'App\\Models\\User', 4, '{"type":"red_alert","die_id":1,"part_number":"71142-I6000","part_name":"REINF-FR PILLAR OTR LWR,RH","customer":"HMMI","status":"red","accumulation_stroke":7500,"standard_stroke":6000,"stroke_percentage":125,"message":"\\ud83d\\udd34 CRITICAL: 71142-I6000 exceeded stroke limit (125%)","icon":"fa-exclamation-circle","color":"red"}', NULL, '2026-02-22 23:29:06', '2026-02-22 23:29:06'),
	('0eed2cbc-b423-45c2-b0a8-a8bedc2145ee', 'App\\Notifications\\PpmWorkflowNotification', 'App\\Models\\User', 7, '{"type":"ppm_in_progress","die_id":55,"part_number":"5253AH62","part_name":"SILL F\\/FLR SIDE INR,RH","customer":"ATS","actor":"Rydha Ramlan Gunawan","event":"ppm_in_progress","message":"\\u2699\\ufe0f PPM Processing started for 5253AH62 (SILL F\\/FLR SIDE INR,RH) by Rydha Ramlan Gunawan","icon":"fa-cogs","color":"blue"}', NULL, '2026-03-10 01:04:36', '2026-03-10 01:04:36'),
	('0f8e9cc8-3559-4a3d-9754-927c7cd18900', 'App\\Notifications\\PpmWorkflowNotification', 'App\\Models\\User', 4, '{"type":"transferred_to_mtn","die_id":9,"part_number":"5240B908\\/909","part_name":"BRACE DASH SIDE RH","customer":"ATS","actor":"USER PRODUCTION","event":"transferred_to_mtn","message":"\\ud83d\\ude9a Dies transferred to MTN Dies: 5240B908\\/909 (BRACE DASH SIDE RH) by USER PRODUCTION","icon":"fa-truck","color":"orange"}', NULL, '2026-03-02 01:58:03', '2026-03-02 01:58:03'),
	('1155075f-3902-4aff-a595-a60d20500696', 'App\\Notifications\\CriticalDieAlert', 'App\\Models\\User', 6, '{"type":"orange_alert","die_id":12,"part_number":"5253AH62","part_name":"SILL F\\/FLR SIDE INR RH","customer":"ATS","status":"orange","accumulation_stroke":4650,"standard_stroke":6000,"stroke_percentage":77.5,"message":"\\ud83d\\udfe0 WARNING: 5253AH62 approaching PPM limit (77.5%)","icon":"fa-exclamation-triangle","color":"orange"}', '2026-03-03 23:50:00', '2026-02-22 23:29:05', '2026-03-03 23:50:00'),
	('115fd45d-3925-410d-b125-2ad9ba5e23c4', 'App\\Notifications\\PpmWorkflowNotification', 'App\\Models\\User', 5, '{"type":"lot_date_set","die_id":56,"part_number":"5253AH61","part_name":"SILL F\\/FLR SIDE INR,LH","customer":"ATS","actor":"Sakti","event":"lot_date_set","message":"\\ud83d\\udcc5 PPIC set Last LOT Date for 5253AH61 (SILL F\\/FLR SIDE INR,LH) \\u2014 Date: 2026-03-12 by Sakti","icon":"fa-calendar-check","color":"purple"}', '2026-03-09 21:46:52', '2026-03-09 21:40:14', '2026-03-09 21:46:52'),
	('11d1fa90-67b5-425a-9d31-085fc621d4bb', 'App\\Notifications\\CriticalDieAlert', 'App\\Models\\User', 2, '{"type":"orange_alert","die_id":4,"part_number":"65112-I6000","part_name":"PNL CTR FLOOR SIDE,LH","customer":"HMMI","status":"orange","accumulation_stroke":5340,"standard_stroke":6000,"stroke_percentage":89,"message":"\\ud83d\\udfe0 WARNING: 65112-I6000 approaching PPM limit (89%)","icon":"fa-exclamation-triangle","color":"orange"}', '2026-02-24 21:29:59', '2026-02-22 23:29:04', '2026-02-24 21:29:59'),
	('11de9882-e9f3-4e78-9c4c-6135695ecc65', 'App\\Notifications\\PpmWorkflowNotification', 'App\\Models\\User', 5, '{"type":"transferred_to_mtn","die_id":56,"part_number":"5253AH61","part_name":"SILL F\\/FLR SIDE INR,LH","customer":"ATS","actor":"USER PRODUCTION","event":"transferred_to_mtn","message":"\\ud83d\\ude9a Dies transferred to MTN Dies: 5253AH61 (SILL F\\/FLR SIDE INR,LH) by USER PRODUCTION","icon":"fa-truck","color":"orange"}', '2026-03-08 19:36:02', '2026-03-03 23:50:04', '2026-03-08 19:36:02'),
	('12ce64a4-5d28-440b-a012-15b39137efe4', 'App\\Notifications\\CriticalDieAlert', 'App\\Models\\User', 4, '{"type":"orange_alert","die_id":5,"part_number":"63111-I6900","part_name":"PNL CTR FLOOR SIDE LOWER,LH","customer":"HMMI","status":"orange","accumulation_stroke":4240,"standard_stroke":6000,"stroke_percentage":70.7,"message":"\\ud83d\\udfe0 WARNING: 63111-I6900 approaching PPM limit (70.7%)","icon":"fa-exclamation-triangle","color":"orange"}', NULL, '2026-02-22 23:31:32', '2026-02-22 23:31:32'),
	('136d6d7b-93a0-4700-b7c6-a45e88d36142', 'App\\Notifications\\CriticalDieAlert', 'App\\Models\\User', 6, '{"type":"orange_alert","die_id":13,"part_number":"60415-TSEY-X000-H1","part_name":"STIFF R, BHD SIDE MBR","customer":"UPIN","status":"orange","accumulation_stroke":8000,"standard_stroke":10000,"stroke_percentage":80,"message":"\\ud83d\\udfe0 WARNING: 60415-TSEY-X000-H1 approaching PPM limit (80%)","icon":"fa-exclamation-triangle","color":"orange"}', '2026-03-03 23:50:00', '2026-02-22 23:29:05', '2026-03-03 23:50:00'),
	('14295a38-fdf3-4845-b4b0-ba436ee71763', 'App\\Notifications\\PpmCompleted', 'App\\Models\\User', 1, '{"type":"ppm_completed","die_id":6,"part_number":"71176-I6000","part_name":"BRKT FR PILLAR OTR,LH\\/RH","customer":"HMMI","ppm_date":"02 Mar 2026","pic":"rydha","maintenance_type":"routine","stroke_at_ppm":6000,"message":"\\u2705 PPM completed for 71176-I6000 (BRKT FR PILLAR OTR,LH\\/RH) by rydha","icon":"fa-check-circle","color":"green"}', '2026-03-02 20:33:48', '2026-03-01 22:02:44', '2026-03-02 20:33:48'),
	('14b23c82-7e55-483c-8bd0-f47467fd41f1', 'App\\Notifications\\CriticalDieAlert', 'App\\Models\\User', 6, '{"type":"red_alert","die_id":1,"part_number":"71142-I6000","part_name":"REINF-FR PILLAR OTR LWR,RH","customer":"HMMI","status":"red","accumulation_stroke":7500,"standard_stroke":6000,"stroke_percentage":125,"message":"\\ud83d\\udd34 CRITICAL: 71142-I6000 exceeded stroke limit (125%)","icon":"fa-exclamation-circle","color":"red"}', '2026-03-03 23:50:00', '2026-02-22 23:31:33', '2026-03-03 23:50:00'),
	('14e2fccf-7a20-48c4-aaa6-118dbbdb82c3', 'App\\Notifications\\PpmWorkflowNotification', 'App\\Models\\User', 8, '{"type":"ppm_scheduled","die_id":55,"part_number":"5253AH62","part_name":"SILL F\\/FLR SIDE INR,RH","customer":"ATS","actor":"Rydha Ramlan Gunawan","event":"ppm_scheduled","message":"\\ud83d\\uddd3\\ufe0f MTN Dies created PPM Schedule for 5253AH62 (SILL F\\/FLR SIDE INR,RH) \\u2014 2026-03-10 by Rydha Ramlan Gunawan","icon":"fa-calendar-alt","color":"blue"}', NULL, '2026-03-10 00:30:51', '2026-03-10 00:30:51'),
	('15a2bfb2-37e6-4ad4-8b29-db6417fe4da4', 'App\\Notifications\\PpmWorkflowNotification', 'App\\Models\\User', 8, '{"type":"schedule_approved","die_id":56,"part_number":"5253AH61","part_name":"SILL F\\/FLR SIDE INR,LH","customer":"ATS","actor":"Sakti","event":"schedule_approved","message":"\\u2705 PPIC approved PPM Schedule for 5253AH61 (SILL F\\/FLR SIDE INR,LH) by Sakti","icon":"fa-check-double","color":"cyan"}', NULL, '2026-03-09 23:16:52', '2026-03-09 23:16:52'),
	('1675d622-2d0b-4b50-86f1-e60b2849bd2d', 'App\\Notifications\\PpmWorkflowNotification', 'App\\Models\\User', 2, '{"type":"lot_date_set","die_id":56,"part_number":"5253AH61","part_name":"SILL F\\/FLR SIDE INR,LH","customer":"ATS","actor":"Sakti","event":"lot_date_set","message":"\\ud83d\\udcc5 PPIC set Last LOT Date for 5253AH61 (SILL F\\/FLR SIDE INR,LH) \\u2014 Date: 2026-03-12 by Sakti","icon":"fa-calendar-check","color":"purple"}', '2026-03-09 23:03:32', '2026-03-09 21:40:14', '2026-03-09 23:03:32'),
	('17459bd1-5453-404e-b1ba-91827fbcf66a', 'App\\Notifications\\CriticalDieAlert', 'App\\Models\\User', 1, '{"type":"red_alert","die_id":6,"part_number":"71176-I6000","part_name":"BRKT FR PILLAR OTR,LH\\/RH","customer":"HMMI","status":"red","accumulation_stroke":6689,"standard_stroke":6000,"stroke_percentage":111.5,"message":"\\ud83d\\udd34 CRITICAL: 71176-I6000 (BRKT FR PILLAR OTR,LH\\/RH) exceeded stroke limit (111.5%)","icon":"fa-exclamation-circle","color":"red"}', '2026-03-02 20:33:48', '2026-03-01 21:30:24', '2026-03-02 20:33:48'),
	('18fb437a-f953-409a-8af6-691343a46077', 'App\\Notifications\\PpmWorkflowNotification', 'App\\Models\\User', 5, '{"type":"ppm_in_progress","die_id":6,"part_number":"71176-I6000","part_name":"BRKT FR PILLAR OTR,LH\\/RH","customer":"HMMI","actor":"Rydha Ramlan Gunawan","event":"ppm_in_progress","message":"\\u2699\\ufe0f PPM Processing started for 71176-I6000 (BRKT FR PILLAR OTR,LH\\/RH) by Rydha Ramlan Gunawan","icon":"fa-cogs","color":"blue"}', '2026-03-03 22:36:13', '2026-03-01 22:00:13', '2026-03-03 22:36:13'),
	('1a21de2b-2f8e-4653-ab00-e098c2401269', 'App\\Notifications\\CriticalDieAlert', 'App\\Models\\User', 1, '{"type":"red_alert","die_id":9,"part_number":"5240B908\\/909","part_name":"BRACE DASH SIDE RH","customer":"ATS","status":"red","accumulation_stroke":6800,"standard_stroke":6000,"stroke_percentage":113.3,"message":"\\ud83d\\udd34 CRITICAL: 5240B908\\/909 (BRACE DASH SIDE RH) exceeded stroke limit (113.3%)","icon":"fa-exclamation-circle","color":"red"}', '2026-03-02 20:33:48', '2026-03-02 01:43:46', '2026-03-02 20:33:48'),
	('1b81e04b-9b65-4b27-874e-3e9416d60a6e', 'App\\Notifications\\PpmWorkflowNotification', 'App\\Models\\User', 5, '{"type":"ppm_scheduled","die_id":55,"part_number":"5253AH62","part_name":"SILL F\\/FLR SIDE INR,RH","customer":"ATS","actor":"Rydha Ramlan Gunawan","event":"ppm_scheduled","message":"\\ud83d\\uddd3\\ufe0f MTN Dies created PPM Schedule for 5253AH62 (SILL F\\/FLR SIDE INR,RH) \\u2014 2026-03-10 by Rydha Ramlan Gunawan","icon":"fa-calendar-alt","color":"blue"}', NULL, '2026-03-10 00:30:50', '2026-03-10 00:30:50'),
	('1b9ad3bc-b007-4517-87b5-214c628030f2', 'App\\Notifications\\CriticalDieAlert', 'App\\Models\\User', 6, '{"type":"orange_alert","die_id":5,"part_number":"63111-I6900","part_name":"PNL CTR FLOOR SIDE LOWER,LH","customer":"HMMI","status":"orange","accumulation_stroke":4240,"standard_stroke":6000,"stroke_percentage":70.7,"message":"\\ud83d\\udfe0 WARNING: 63111-I6900 approaching PPM limit (70.7%)","icon":"fa-exclamation-triangle","color":"orange"}', '2026-03-03 23:50:00', '2026-02-22 23:29:04', '2026-03-03 23:50:00'),
	('1bd5c2c1-8cca-4f06-9c5a-56b4207e9eab', 'App\\Notifications\\CriticalDieAlert', 'App\\Models\\User', 6, '{"type":"red_alert","die_id":2,"part_number":"71132-I6000","part_name":"REINF-FR PILLAR OTR LWR,LH","customer":"HMMI","status":"red","accumulation_stroke":6200,"standard_stroke":6000,"stroke_percentage":103.3,"message":"\\ud83d\\udd34 CRITICAL: 71132-I6000 exceeded stroke limit (103.3%)","icon":"fa-exclamation-circle","color":"red"}', '2026-03-03 23:50:00', '2026-02-22 23:29:06', '2026-03-03 23:50:00'),
	('1be307c9-e5fe-4e43-9795-c51937076955', 'App\\Notifications\\CriticalDieAlert', 'App\\Models\\User', 5, '{"type":"orange_alert","die_id":12,"part_number":"5253AH62","part_name":"SILL F\\/FLR SIDE INR RH","customer":"ATS","status":"orange","accumulation_stroke":4650,"standard_stroke":6000,"stroke_percentage":77.5,"message":"\\ud83d\\udfe0 WARNING: 5253AH62 approaching PPM limit (77.5%)","icon":"fa-exclamation-triangle","color":"orange"}', '2026-02-22 23:37:44', '2026-02-22 23:31:32', '2026-02-22 23:37:44'),
	('1bf2db7f-eb67-4b48-b53f-4dda104bec5e', 'App\\Notifications\\PpmWorkflowNotification', 'App\\Models\\User', 10, '{"type":"ppm_scheduled","die_id":55,"part_number":"5253AH62","part_name":"SILL F\\/FLR SIDE INR,RH","customer":"ATS","actor":"Rydha Ramlan Gunawan","event":"ppm_scheduled","message":"\\ud83d\\uddd3\\ufe0f MTN Dies created PPM Schedule for 5253AH62 (SILL F\\/FLR SIDE INR,RH) \\u2014 2026-03-10 by Rydha Ramlan Gunawan","icon":"fa-calendar-alt","color":"blue"}', NULL, '2026-03-10 00:30:51', '2026-03-10 00:30:51'),
	('1c61ec41-36c0-4d05-9a61-70887d69e7fc', 'App\\Notifications\\CriticalDieAlert', 'App\\Models\\User', 1, '{"type":"orange_alert","die_id":11,"part_number":"5253AH61","part_name":"SILL F\\/FLR SIDE INR LH","customer":"ATS","status":"orange","accumulation_stroke":4800,"standard_stroke":6000,"stroke_percentage":80,"message":"\\ud83d\\udfe0 WARNING: 5253AH61 approaching PPM limit (80%)","icon":"fa-exclamation-triangle","color":"orange"}', '2026-02-23 20:17:17', '2026-02-22 23:31:32', '2026-02-23 20:17:17'),
	('1c94657b-6701-403c-a58a-b352da283006', 'App\\Notifications\\CriticalDieAlert', 'App\\Models\\User', 4, '{"type":"orange_alert","die_id":4,"part_number":"65112-I6000","part_name":"PNL CTR FLOOR SIDE,LH","customer":"HMMI","status":"orange","accumulation_stroke":5340,"standard_stroke":6000,"stroke_percentage":89,"message":"\\ud83d\\udfe0 WARNING: 65112-I6000 approaching PPM limit (89%)","icon":"fa-exclamation-triangle","color":"orange"}', NULL, '2026-02-22 23:31:32', '2026-02-22 23:31:32'),
	('1e35c80b-6c95-4a20-a603-a344ec8d84b9', 'App\\Notifications\\CriticalDieAlert', 'App\\Models\\User', 6, '{"type":"orange_alert","die_id":13,"part_number":"60415-TSEY-X000-H1","part_name":"STIFF R, BHD SIDE MBR","customer":"UPIN","status":"orange","accumulation_stroke":8000,"standard_stroke":10000,"stroke_percentage":80,"message":"\\ud83d\\udfe0 WARNING: 60415-TSEY-X000-H1 approaching PPM limit (80%)","icon":"fa-exclamation-triangle","color":"orange"}', '2026-03-03 23:50:00', '2026-02-22 23:31:32', '2026-03-03 23:50:00'),
	('1f3823b2-6ffb-4669-a1ad-2d47567ebbf0', 'App\\Notifications\\CriticalDieAlert', 'App\\Models\\User', 2, '{"type":"orange_alert","die_id":13,"part_number":"60415-TSEY-X000-H1","part_name":"STIFF R, BHD SIDE MBR","customer":"UPIN","status":"orange","accumulation_stroke":8000,"standard_stroke":10000,"stroke_percentage":80,"message":"\\ud83d\\udfe0 WARNING: 60415-TSEY-X000-H1 approaching PPM limit (80%)","icon":"fa-exclamation-triangle","color":"orange"}', '2026-02-24 21:29:59', '2026-02-22 23:29:05', '2026-02-24 21:29:59'),
	('21d493a1-5757-493d-a619-1a49e51507f1', 'App\\Notifications\\PpmWorkflowNotification', 'App\\Models\\User', 1, '{"type":"lot_date_set","die_id":62,"part_number":"71188-I6000","part_name":"REINF FR PILLAR OTR UPR,RH","customer":"HMMI","actor":"sakti","event":"lot_date_set","message":"\\ud83d\\udcc5 PPIC set Last LOT Date for 71188-I6000 (REINF FR PILLAR OTR UPR,RH) \\u2014 Date: 2026-03-04 by sakti","icon":"fa-calendar-check","color":"purple"}', '2026-03-03 23:34:27', '2026-03-03 23:07:05', '2026-03-03 23:34:27'),
	('220e04fc-625e-41df-959e-6902e9627e3c', 'App\\Notifications\\CriticalDieAlert', 'App\\Models\\User', 4, '{"type":"orange_alert","die_id":26,"part_number":"test","part_name":"test2","customer":"ATS","status":"orange","accumulation_stroke":0,"standard_stroke":33,"stroke_percentage":0,"message":"\\ud83d\\udfe0 WARNING: test approaching PPM limit (0%)","icon":"fa-exclamation-triangle","color":"orange"}', NULL, '2026-02-22 23:31:33', '2026-02-22 23:31:33'),
	('22df7a0e-a7b6-401c-8fb2-729a401ec7d2', 'App\\Notifications\\CriticalDieAlert', 'App\\Models\\User', 5, '{"type":"orange_alert","die_id":4,"part_number":"65112-I6000","part_name":"PNL CTR FLOOR SIDE,LH","customer":"HMMI","status":"orange","accumulation_stroke":5340,"standard_stroke":6000,"stroke_percentage":89,"message":"\\ud83d\\udfe0 WARNING: 65112-I6000 approaching PPM limit (89%)","icon":"fa-exclamation-triangle","color":"orange"}', '2026-02-22 23:37:44', '2026-02-22 23:31:32', '2026-02-22 23:37:44'),
	('25c9ea84-f1c0-41bf-8d93-1d941061b502', 'App\\Notifications\\CriticalDieAlert', 'App\\Models\\User', 4, '{"type":"orange_alert","die_id":5,"part_number":"63111-I6900","part_name":"PNL CTR FLOOR SIDE LOWER,LH","customer":"HMMI","status":"orange","accumulation_stroke":4240,"standard_stroke":6000,"stroke_percentage":70.7,"message":"\\ud83d\\udfe0 WARNING: 63111-I6900 approaching PPM limit (70.7%)","icon":"fa-exclamation-triangle","color":"orange"}', NULL, '2026-02-22 23:29:04', '2026-02-22 23:29:04'),
	('2606ae56-ea83-4617-a943-c5c46e2520af', 'App\\Notifications\\PpmCompleted', 'App\\Models\\User', 1, '{"type":"ppm_completed","die_id":10,"part_number":"5253AT11\\/AT12","part_name":"REINF F\\/FLR SIDE SILL INR LH","customer":"ATS","ppm_date":"25 Feb 2026","pic":"Rydha","maintenance_type":"repair","stroke_at_ppm":9200,"message":"\\u2705 PPM completed for 5253AT11\\/AT12 by Rydha","icon":"fa-check-circle","color":"green"}', '2026-03-02 20:33:48', '2026-02-24 21:35:32', '2026-03-02 20:33:48'),
	('27eb162d-d918-4ca1-9fed-4a0bb5febecb', 'App\\Notifications\\CriticalDieAlert', 'App\\Models\\User', 7, '{"type":"orange_alert","die_id":56,"part_number":"5253AH61","part_name":"SILL F\\/FLR SIDE INR,LH","customer":"ATS","status":"orange","accumulation_stroke":4400,"standard_stroke":5000,"stroke_percentage":88,"message":"\\ud83d\\udfe0 WARNING: 5253AH61 (SILL F\\/FLR SIDE INR,LH) approaching PPM limit (88%)","icon":"fa-exclamation-triangle","color":"orange"}', NULL, '2026-03-09 20:58:32', '2026-03-09 20:58:32'),
	('28538f90-6a43-4bb3-9911-96223e63e042', 'App\\Notifications\\CriticalDieAlert', 'App\\Models\\User', 6, '{"type":"red_alert","die_id":1,"part_number":"71142-I6000","part_name":"REINF-FR PILLAR OTR LWR,RH","customer":"HMMI","status":"red","accumulation_stroke":7500,"standard_stroke":6000,"stroke_percentage":125,"message":"\\ud83d\\udd34 CRITICAL: 71142-I6000 exceeded stroke limit (125%)","icon":"fa-exclamation-circle","color":"red"}', '2026-03-03 23:50:00', '2026-02-22 23:29:06', '2026-03-03 23:50:00'),
	('291798a9-7b60-44a5-8f8e-5e3561007a56', 'App\\Notifications\\PpmCompleted', 'App\\Models\\User', 2, '{"type":"ppm_completed","die_id":9,"part_number":"5240B908\\/909","part_name":"BRACE DASH SIDE RH","customer":"ATS","ppm_date":"02 Mar 2026","pic":"rydha","maintenance_type":"routine","stroke_at_ppm":6800,"message":"\\u2705 PPM completed for 5240B908\\/909 (BRACE DASH SIDE RH) by rydha","icon":"fa-check-circle","color":"green"}', '2026-03-03 23:07:25', '2026-03-02 02:02:53', '2026-03-03 23:07:25'),
	('29c739f8-b420-47f0-941d-6d8c34267af5', 'App\\Notifications\\CriticalDieAlert', 'App\\Models\\User', 1, '{"type":"orange_alert","die_id":55,"part_number":"5253AH62","part_name":"SILL F\\/FLR SIDE INR,RH","customer":"ATS","status":"orange","accumulation_stroke":4400,"standard_stroke":5000,"stroke_percentage":88,"message":"\\ud83d\\udfe0 WARNING: 5253AH62 (SILL F\\/FLR SIDE INR,RH) approaching PPM limit (88%)","icon":"fa-exclamation-triangle","color":"orange"}', '2026-03-09 23:21:09', '2026-03-09 21:25:22', '2026-03-09 23:21:09'),
	('2a3e7a70-e822-4496-9b0a-ce580b764836', 'App\\Notifications\\PpmWorkflowNotification', 'App\\Models\\User', 1, '{"type":"lot_date_set","die_id":56,"part_number":"5253AH61","part_name":"SILL F\\/FLR SIDE INR,LH","customer":"ATS","actor":"sakti","event":"lot_date_set","message":"\\ud83d\\udcc5 PPIC set Last LOT Date for 5253AH61 (SILL F\\/FLR SIDE INR,LH) \\u2014 Date: 2026-03-04 by sakti","icon":"fa-calendar-check","color":"purple"}', '2026-03-04 18:53:42', '2026-03-03 23:48:13', '2026-03-04 18:53:42'),
	('2a8c388c-8cee-41be-9507-2fb7d12996c0', 'App\\Notifications\\CriticalDieAlert', 'App\\Models\\User', 1, '{"type":"orange_alert","die_id":11,"part_number":"5253AH61","part_name":"SILL F\\/FLR SIDE INR LH","customer":"ATS","status":"orange","accumulation_stroke":4800,"standard_stroke":6000,"stroke_percentage":80,"message":"\\ud83d\\udfe0 WARNING: 5253AH61 approaching PPM limit (80%)","icon":"fa-exclamation-triangle","color":"orange"}', '2026-02-23 20:17:17', '2026-02-22 23:29:04', '2026-02-23 20:17:17'),
	('2ad39373-7c71-47b8-ad93-5b3f5a6f6495', 'App\\Notifications\\CriticalDieAlert', 'App\\Models\\User', 2, '{"type":"red_alert","die_id":1,"part_number":"71142-I6000","part_name":"REINF-FR PILLAR OTR LWR,RH","customer":"HMMI","status":"red","accumulation_stroke":7500,"standard_stroke":6000,"stroke_percentage":125,"message":"\\ud83d\\udd34 CRITICAL: 71142-I6000 exceeded stroke limit (125%)","icon":"fa-exclamation-circle","color":"red"}', '2026-02-24 21:29:59', '2026-02-22 23:29:06', '2026-02-24 21:29:59'),
	('2bb1238e-ccc1-4e3c-ac78-ac806e5fccc0', 'App\\Notifications\\CriticalDieAlert', 'App\\Models\\User', 2, '{"type":"orange_alert","die_id":26,"part_number":"test","part_name":"test2","customer":"ATS","status":"orange","accumulation_stroke":0,"standard_stroke":33,"stroke_percentage":0,"message":"\\ud83d\\udfe0 WARNING: test approaching PPM limit (0%)","icon":"fa-exclamation-triangle","color":"orange"}', '2026-02-24 21:29:59', '2026-02-22 23:31:33', '2026-02-24 21:29:59'),
	('2bfd52b2-6aad-40a8-aef3-e4982b7140ea', 'App\\Notifications\\PpmWorkflowNotification', 'App\\Models\\User', 4, '{"type":"schedule_approved","die_id":56,"part_number":"5253AH61","part_name":"SILL F\\/FLR SIDE INR,LH","customer":"ATS","actor":"Sakti","event":"schedule_approved","message":"\\u2705 PPIC approved PPM Schedule for 5253AH61 (SILL F\\/FLR SIDE INR,LH) by Sakti","icon":"fa-check-double","color":"cyan"}', NULL, '2026-03-09 23:16:52', '2026-03-09 23:16:52'),
	('2d4ad9a3-137b-4bb0-9b50-23a800b8cee7', 'App\\Notifications\\CriticalDieAlert', 'App\\Models\\User', 5, '{"type":"orange_alert","die_id":26,"part_number":"test","part_name":"test2","customer":"ATS","status":"orange","accumulation_stroke":0,"standard_stroke":33,"stroke_percentage":0,"message":"\\ud83d\\udfe0 WARNING: test approaching PPM limit (0%)","icon":"fa-exclamation-triangle","color":"orange"}', '2026-02-22 23:37:44', '2026-02-22 23:29:05', '2026-02-22 23:37:44'),
	('2de32775-7955-446f-8c66-3aeb6ef7016b', 'App\\Notifications\\PpmWorkflowNotification', 'App\\Models\\User', 5, '{"type":"lot_date_set","die_id":9,"part_number":"5240B908\\/909","part_name":"BRACE DASH SIDE RH","customer":"ATS","actor":"sakti","event":"lot_date_set","message":"\\ud83d\\udcc5 PPIC set Last LOT Date for 5240B908\\/909 (BRACE DASH SIDE RH) \\u2014 Date: 2026-03-05 by sakti","icon":"fa-calendar-check","color":"purple"}', '2026-03-03 22:36:13', '2026-03-02 01:46:03', '2026-03-03 22:36:13'),
	('2f2d05de-4445-48d8-a980-b65aa946cf8f', 'App\\Notifications\\PpmWorkflowNotification', 'App\\Models\\User', 7, '{"type":"schedule_approved","die_id":56,"part_number":"5253AH61","part_name":"SILL F\\/FLR SIDE INR,LH","customer":"ATS","actor":"Sakti","event":"schedule_approved","message":"\\u2705 PPIC approved PPM Schedule for 5253AH61 (SILL F\\/FLR SIDE INR,LH) by Sakti","icon":"fa-check-double","color":"cyan"}', NULL, '2026-03-09 23:16:52', '2026-03-09 23:16:52'),
	('301981ba-8c60-4f36-969d-88b96798e3c5', 'App\\Notifications\\PpmWorkflowNotification', 'App\\Models\\User', 4, '{"type":"ppm_in_progress","die_id":9,"part_number":"5240B908\\/909","part_name":"BRACE DASH SIDE RH","customer":"ATS","actor":"Rydha Ramlan Gunawan","event":"ppm_in_progress","message":"\\u2699\\ufe0f PPM Processing started for 5240B908\\/909 (BRACE DASH SIDE RH) by Rydha Ramlan Gunawan","icon":"fa-cogs","color":"blue"}', NULL, '2026-03-02 02:00:29', '2026-03-02 02:00:29'),
	('31ddc41a-e9dc-4615-8a0b-210a3bbb32fe', 'App\\Notifications\\CriticalDieAlert', 'App\\Models\\User', 1, '{"type":"red_alert","die_id":3,"part_number":"65122-I6000","part_name":"PNL CTR FLOOR SIDE,RH","customer":"HMMI","status":"red","accumulation_stroke":6316,"standard_stroke":6000,"stroke_percentage":105.3,"message":"\\ud83d\\udd34 CRITICAL: 65122-I6000 exceeded stroke limit (105.3%)","icon":"fa-exclamation-circle","color":"red"}', '2026-02-23 20:17:17', '2026-02-22 23:29:06', '2026-02-23 20:17:17'),
	('3535e173-1cfd-4e72-b6b4-0fba52154b7f', 'App\\Notifications\\PpmWorkflowNotification', 'App\\Models\\User', 4, '{"type":"schedule_approved","die_id":55,"part_number":"5253AH62","part_name":"SILL F\\/FLR SIDE INR,RH","customer":"ATS","actor":"Sakti","event":"schedule_approved","message":"\\u2705 PPIC approved PPM Schedule for 5253AH62 (SILL F\\/FLR SIDE INR,RH) by Sakti","icon":"fa-check-double","color":"cyan"}', NULL, '2026-03-10 00:32:10', '2026-03-10 00:32:10'),
	('361e0a31-8c20-48fb-82fd-53e48ef57bf1', 'App\\Notifications\\CriticalDieAlert', 'App\\Models\\User', 6, '{"type":"orange_alert","die_id":12,"part_number":"5253AH62","part_name":"SILL F\\/FLR SIDE INR RH","customer":"ATS","status":"orange","accumulation_stroke":4650,"standard_stroke":6000,"stroke_percentage":77.5,"message":"\\ud83d\\udfe0 WARNING: 5253AH62 approaching PPM limit (77.5%)","icon":"fa-exclamation-triangle","color":"orange"}', '2026-03-03 23:50:00', '2026-02-22 23:31:32', '2026-03-03 23:50:00'),
	('36506016-695e-4673-ab3c-1188c0eda995', 'App\\Notifications\\CriticalDieAlert', 'App\\Models\\User', 5, '{"type":"red_alert","die_id":55,"part_number":"5253AH62","part_name":"SILL F\\/FLR SIDE INR,RH","customer":"ATS","status":"red","accumulation_stroke":5000,"standard_stroke":5000,"stroke_percentage":100,"message":"\\ud83d\\udd34 CRITICAL: 5253AH62 (SILL F\\/FLR SIDE INR,RH) exceeded stroke limit (100%)","icon":"fa-exclamation-circle","color":"red"}', NULL, '2026-03-10 00:39:52', '2026-03-10 00:39:52'),
	('36d93605-0642-43f9-aaff-45b2b32acb2b', 'App\\Notifications\\CriticalDieAlert', 'App\\Models\\User', 4, '{"type":"orange_alert","die_id":14,"part_number":"60842TG1T00050HM","part_name":"BRKT, BPR BEAM EXTN OUT","customer":"UPIN","status":"orange","accumulation_stroke":8500,"standard_stroke":10000,"stroke_percentage":85,"message":"\\ud83d\\udfe0 WARNING: 60842TG1T00050HM approaching PPM limit (85%)","icon":"fa-exclamation-triangle","color":"orange"}', NULL, '2026-02-22 23:31:33', '2026-02-22 23:31:33'),
	('385ad734-f82c-4c05-92d2-7196f708b92b', 'App\\Notifications\\PpmCompleted', 'App\\Models\\User', 6, '{"type":"ppm_completed","die_id":9,"part_number":"5240B908\\/909","part_name":"BRACE DASH SIDE RH","customer":"ATS","ppm_date":"02 Mar 2026","pic":"rydha","maintenance_type":"routine","stroke_at_ppm":6800,"message":"\\u2705 PPM completed for 5240B908\\/909 (BRACE DASH SIDE RH) by rydha","icon":"fa-check-circle","color":"green"}', '2026-03-03 23:50:00', '2026-03-02 02:02:54', '2026-03-03 23:50:00'),
	('38ae5090-b2b0-46e9-aeb7-9e8622d9aadb', 'App\\Notifications\\PpmWorkflowNotification', 'App\\Models\\User', 8, '{"type":"lot_date_set","die_id":55,"part_number":"5253AH62","part_name":"SILL F\\/FLR SIDE INR,RH","customer":"ATS","actor":"Sakti","event":"lot_date_set","message":"\\ud83d\\udcc5 PPIC set Last LOT Date for 5253AH62 (SILL F\\/FLR SIDE INR,RH) \\u2014 Date: 2026-03-10 by Sakti","icon":"fa-calendar-check","color":"purple"}', NULL, '2026-03-09 21:30:45', '2026-03-09 21:30:45'),
	('38d985a6-3528-4737-a8d0-29aa3eb58dda', 'App\\Notifications\\PpmWorkflowNotification', 'App\\Models\\User', 9, '{"type":"schedule_approved","die_id":55,"part_number":"5253AH62","part_name":"SILL F\\/FLR SIDE INR,RH","customer":"ATS","actor":"Sakti","event":"schedule_approved","message":"\\u2705 PPIC approved PPM Schedule for 5253AH62 (SILL F\\/FLR SIDE INR,RH) by Sakti","icon":"fa-check-double","color":"cyan"}', NULL, '2026-03-10 00:32:10', '2026-03-10 00:32:10'),
	('3b55c79b-3e5a-4031-8c02-d7317be30751', 'App\\Notifications\\CriticalDieAlert', 'App\\Models\\User', 1, '{"type":"orange_alert","die_id":13,"part_number":"60415-TSEY-X000-H1","part_name":"STIFF R, BHD SIDE MBR","customer":"UPIN","status":"orange","accumulation_stroke":8000,"standard_stroke":10000,"stroke_percentage":80,"message":"\\ud83d\\udfe0 WARNING: 60415-TSEY-X000-H1 approaching PPM limit (80%)","icon":"fa-exclamation-triangle","color":"orange"}', '2026-02-23 20:17:17', '2026-02-22 23:29:05', '2026-02-23 20:17:17'),
	('3c18df61-dab0-4ad0-98e0-6273b582bed1', 'App\\Notifications\\CriticalDieAlert', 'App\\Models\\User', 4, '{"type":"orange_alert","die_id":55,"part_number":"5253AH62","part_name":"SILL F\\/FLR SIDE INR,RH","customer":"ATS","status":"orange","accumulation_stroke":4400,"standard_stroke":5000,"stroke_percentage":88,"message":"\\ud83d\\udfe0 WARNING: 5253AH62 (SILL F\\/FLR SIDE INR,RH) approaching PPM limit (88%)","icon":"fa-exclamation-triangle","color":"orange"}', NULL, '2026-03-09 21:25:22', '2026-03-09 21:25:22'),
	('3d9881ff-6f10-4d31-ac62-4b89f79bf56e', 'App\\Notifications\\CriticalDieAlert', 'App\\Models\\User', 5, '{"type":"orange_alert","die_id":14,"part_number":"60842TG1T00050HM","part_name":"BRKT, BPR BEAM EXTN OUT","customer":"UPIN","status":"orange","accumulation_stroke":8500,"standard_stroke":10000,"stroke_percentage":85,"message":"\\ud83d\\udfe0 WARNING: 60842TG1T00050HM approaching PPM limit (85%)","icon":"fa-exclamation-triangle","color":"orange"}', '2026-02-22 23:37:44', '2026-02-22 23:29:05', '2026-02-22 23:37:44'),
	('3dbc9f36-d821-4065-85c5-a22e770cf48b', 'App\\Notifications\\PpmWorkflowNotification', 'App\\Models\\User', 7, '{"type":"lot_date_set","die_id":56,"part_number":"5253AH61","part_name":"SILL F\\/FLR SIDE INR,LH","customer":"ATS","actor":"Sakti","event":"lot_date_set","message":"\\ud83d\\udcc5 PPIC set Last LOT Date for 5253AH61 (SILL F\\/FLR SIDE INR,LH) \\u2014 Date: 2026-03-12 by Sakti","icon":"fa-calendar-check","color":"purple"}', NULL, '2026-03-09 21:40:14', '2026-03-09 21:40:14'),
	('3e362e21-79b8-4956-ae4e-7314ed0b40b6', 'App\\Notifications\\PpmWorkflowNotification', 'App\\Models\\User', 10, '{"type":"transferred_back","die_id":55,"part_number":"5253AH62","part_name":"SILL F\\/FLR SIDE INR,RH","customer":"ATS","actor":"Rydha Ramlan Gunawan","event":"transferred_back","message":"\\ud83c\\udfed Dies transferred back to Production: 5253AH62 (SILL F\\/FLR SIDE INR,RH) by Rydha Ramlan Gunawan","icon":"fa-industry","color":"green"}', NULL, '2026-03-10 01:22:09', '2026-03-10 01:22:09'),
	('3ecd1a87-6218-45de-a8e8-579ca214109b', 'App\\Notifications\\CriticalDieAlert', 'App\\Models\\User', 2, '{"type":"red_alert","die_id":9,"part_number":"5240B908\\/909","part_name":"BRACE DASH SIDE RH","customer":"ATS","status":"red","accumulation_stroke":6800,"standard_stroke":6000,"stroke_percentage":113.3,"message":"\\ud83d\\udd34 CRITICAL: 5240B908\\/909 (BRACE DASH SIDE RH) exceeded stroke limit (113.3%)","icon":"fa-exclamation-circle","color":"red"}', '2026-03-02 01:51:00', '2026-03-02 01:43:46', '2026-03-02 01:51:00'),
	('4055498b-9dc5-4127-ba81-9a3f492b08c1', 'App\\Notifications\\PpmWorkflowNotification', 'App\\Models\\User', 6, '{"type":"ppm_in_progress","die_id":56,"part_number":"5253AH61","part_name":"SILL F\\/FLR SIDE INR,LH","customer":"ATS","actor":"Rydha Ramlan Gunawan","event":"ppm_in_progress","message":"\\u2699\\ufe0f PPM Processing started for 5253AH61 (SILL F\\/FLR SIDE INR,LH) by Rydha Ramlan Gunawan","icon":"fa-cogs","color":"blue"}', '2026-03-08 19:35:23', '2026-03-03 23:50:28', '2026-03-08 19:35:23'),
	('4160d471-fc22-49a3-b4bb-e6925e589e65', 'App\\Notifications\\CriticalDieAlert', 'App\\Models\\User', 1, '{"type":"red_alert","die_id":2,"part_number":"71132-I6000","part_name":"REINF-FR PILLAR OTR LWR,LH","customer":"HMMI","status":"red","accumulation_stroke":6200,"standard_stroke":6000,"stroke_percentage":103.3,"message":"\\ud83d\\udd34 CRITICAL: 71132-I6000 exceeded stroke limit (103.3%)","icon":"fa-exclamation-circle","color":"red"}', '2026-02-23 20:17:17', '2026-02-22 23:29:06', '2026-02-23 20:17:17'),
	('4163e2dc-ff4e-40df-b3b6-16248cad73ae', 'App\\Notifications\\CriticalDieAlert', 'App\\Models\\User', 4, '{"type":"red_alert","die_id":10,"part_number":"5253AT11\\/AT12","part_name":"REINF F\\/FLR SIDE SILL INR LH","customer":"ATS","status":"red","accumulation_stroke":9200,"standard_stroke":6000,"stroke_percentage":153.3,"message":"\\ud83d\\udd34 CRITICAL: 5253AT11\\/AT12 exceeded stroke limit (153.3%)","icon":"fa-exclamation-circle","color":"red"}', NULL, '2026-02-24 21:12:21', '2026-02-24 21:12:21'),
	('41a8abf0-c1d2-4c3b-b8ca-4b2586e6ae28', 'App\\Notifications\\CriticalDieAlert', 'App\\Models\\User', 10, '{"type":"red_alert","die_id":55,"part_number":"5253AH62","part_name":"SILL F\\/FLR SIDE INR,RH","customer":"ATS","status":"red","accumulation_stroke":5000,"standard_stroke":5000,"stroke_percentage":100,"message":"\\ud83d\\udd34 CRITICAL: 5253AH62 (SILL F\\/FLR SIDE INR,RH) exceeded stroke limit (100%)","icon":"fa-exclamation-circle","color":"red"}', NULL, '2026-03-10 00:39:52', '2026-03-10 00:39:52'),
	('42196b0e-4684-44bb-b6d8-017329bbd412', 'App\\Notifications\\PpmWorkflowNotification', 'App\\Models\\User', 6, '{"type":"ppm_in_progress","die_id":9,"part_number":"5240B908\\/909","part_name":"BRACE DASH SIDE RH","customer":"ATS","actor":"Rydha Ramlan Gunawan","event":"ppm_in_progress","message":"\\u2699\\ufe0f PPM Processing started for 5240B908\\/909 (BRACE DASH SIDE RH) by Rydha Ramlan Gunawan","icon":"fa-cogs","color":"blue"}', '2026-03-03 23:50:00', '2026-03-02 02:00:29', '2026-03-03 23:50:00'),
	('425be0d6-fc1e-42a3-adae-f31cad1916d0', 'App\\Notifications\\CriticalDieAlert', 'App\\Models\\User', 2, '{"type":"red_alert","die_id":1,"part_number":"71142-I6000","part_name":"REINF-FR PILLAR OTR LWR,RH","customer":"HMMI","status":"red","accumulation_stroke":7500,"standard_stroke":6000,"stroke_percentage":125,"message":"\\ud83d\\udd34 CRITICAL: 71142-I6000 exceeded stroke limit (125%)","icon":"fa-exclamation-circle","color":"red"}', '2026-02-24 21:29:59', '2026-02-22 23:31:33', '2026-02-24 21:29:59'),
	('42b0b7c5-86a1-4c1b-8774-90f29031b8bd', 'App\\Notifications\\CriticalDieAlert', 'App\\Models\\User', 2, '{"type":"red_alert","die_id":2,"part_number":"71132-I6000","part_name":"REINF-FR PILLAR OTR LWR,LH","customer":"HMMI","status":"red","accumulation_stroke":6200,"standard_stroke":6000,"stroke_percentage":103.3,"message":"\\ud83d\\udd34 CRITICAL: 71132-I6000 exceeded stroke limit (103.3%)","icon":"fa-exclamation-circle","color":"red"}', '2026-02-24 21:29:59', '2026-02-22 23:31:33', '2026-02-24 21:29:59'),
	('43efb584-c088-424c-88f7-8aa0bbf8f570', 'App\\Notifications\\CriticalDieAlert', 'App\\Models\\User', 6, '{"type":"orange_alert","die_id":5,"part_number":"63111-I6900","part_name":"PNL CTR FLOOR SIDE LOWER,LH","customer":"HMMI","status":"orange","accumulation_stroke":4240,"standard_stroke":6000,"stroke_percentage":70.7,"message":"\\ud83d\\udfe0 WARNING: 63111-I6900 approaching PPM limit (70.7%)","icon":"fa-exclamation-triangle","color":"orange"}', '2026-03-03 23:50:00', '2026-02-22 23:31:32', '2026-03-03 23:50:00'),
	('43f6bb12-3b1a-4683-b29c-de4c963b993a', 'App\\Notifications\\PpmWorkflowNotification', 'App\\Models\\User', 5, '{"type":"lot_date_set","die_id":55,"part_number":"5253AH62","part_name":"SILL F\\/FLR SIDE INR,RH","customer":"ATS","actor":"Sakti","event":"lot_date_set","message":"\\ud83d\\udcc5 PPIC set Last LOT Date for 5253AH62 (SILL F\\/FLR SIDE INR,RH) \\u2014 Date: 2026-03-10 by Sakti","icon":"fa-calendar-check","color":"purple"}', '2026-03-09 21:33:05', '2026-03-09 21:30:45', '2026-03-09 21:33:05'),
	('45359496-2890-4dc7-939f-02d85767b0fa', 'App\\Notifications\\CriticalDieAlert', 'App\\Models\\User', 1, '{"type":"orange_alert","die_id":56,"part_number":"5253AH61","part_name":"SILL F\\/FLR SIDE INR,LH","customer":"ATS","status":"orange","accumulation_stroke":4400,"standard_stroke":5000,"stroke_percentage":88,"message":"\\ud83d\\udfe0 WARNING: 5253AH61 (SILL F\\/FLR SIDE INR,LH) approaching PPM limit (88%)","icon":"fa-exclamation-triangle","color":"orange"}', '2026-03-09 23:21:09', '2026-03-09 20:58:32', '2026-03-09 23:21:09'),
	('462cf39b-ac6f-4677-8996-ba7745b1019a', 'App\\Notifications\\PpmWorkflowNotification', 'App\\Models\\User', 6, '{"type":"lot_date_set","die_id":9,"part_number":"5240B908\\/909","part_name":"BRACE DASH SIDE RH","customer":"ATS","actor":"sakti","event":"lot_date_set","message":"\\ud83d\\udcc5 PPIC set Last LOT Date for 5240B908\\/909 (BRACE DASH SIDE RH) \\u2014 Date: 2026-03-05 by sakti","icon":"fa-calendar-check","color":"purple"}', '2026-03-03 23:50:00', '2026-03-02 01:46:03', '2026-03-03 23:50:00'),
	('4725618b-b824-4dc0-b155-10bc373b554f', 'App\\Notifications\\PpmWorkflowNotification', 'App\\Models\\User', 2, '{"type":"ppm_in_progress","die_id":56,"part_number":"5253AH61","part_name":"SILL F\\/FLR SIDE INR,LH","customer":"ATS","actor":"Rydha Ramlan Gunawan","event":"ppm_in_progress","message":"\\u2699\\ufe0f PPM Processing started for 5253AH61 (SILL F\\/FLR SIDE INR,LH) by Rydha Ramlan Gunawan","icon":"fa-cogs","color":"blue"}', '2026-03-04 00:19:48', '2026-03-03 23:50:28', '2026-03-04 00:19:48'),
	('477066cd-30d2-403b-a9c6-8aab2194c4cc', 'App\\Notifications\\CriticalDieAlert', 'App\\Models\\User', 5, '{"type":"orange_alert","die_id":55,"part_number":"5253AH62","part_name":"SILL F\\/FLR SIDE INR,RH","customer":"ATS","status":"orange","accumulation_stroke":4400,"standard_stroke":5000,"stroke_percentage":88,"message":"\\ud83d\\udfe0 WARNING: 5253AH62 (SILL F\\/FLR SIDE INR,RH) approaching PPM limit (88%)","icon":"fa-exclamation-triangle","color":"orange"}', '2026-03-09 21:33:05', '2026-03-09 21:25:22', '2026-03-09 21:33:05'),
	('48b4dca1-f287-4f56-a59f-10527a22cc5d', 'App\\Notifications\\CriticalDieAlert', 'App\\Models\\User', 4, '{"type":"red_alert","die_id":55,"part_number":"5253AH62","part_name":"SILL F\\/FLR SIDE INR,RH","customer":"ATS","status":"red","accumulation_stroke":5000,"standard_stroke":5000,"stroke_percentage":100,"message":"\\ud83d\\udd34 CRITICAL: 5253AH62 (SILL F\\/FLR SIDE INR,RH) exceeded stroke limit (100%)","icon":"fa-exclamation-circle","color":"red"}', NULL, '2026-03-10 00:39:52', '2026-03-10 00:39:52'),
	('49e4d416-6f4a-42a9-88eb-2843b07a6870', 'App\\Notifications\\PpmWorkflowNotification', 'App\\Models\\User', 4, '{"type":"schedule_approved","die_id":6,"part_number":"71176-I6000","part_name":"BRKT FR PILLAR OTR,LH\\/RH","customer":"HMMI","actor":"sakti","event":"schedule_approved","message":"\\u2705 PPIC approved PPM Schedule for 71176-I6000 (BRKT FR PILLAR OTR,LH\\/RH) by sakti","icon":"fa-check-double","color":"cyan"}', NULL, '2026-03-01 21:46:43', '2026-03-01 21:46:43'),
	('49f377a6-ece9-4095-9a6f-b2f67580f83e', 'App\\Notifications\\CriticalDieAlert', 'App\\Models\\User', 5, '{"type":"red_alert","die_id":10,"part_number":"5253AT11\\/AT12","part_name":"REINF F\\/FLR SIDE SILL INR LH","customer":"ATS","status":"red","accumulation_stroke":9200,"standard_stroke":6000,"stroke_percentage":153.3,"message":"\\ud83d\\udd34 CRITICAL: 5253AT11\\/AT12 exceeded stroke limit (153.3%)","icon":"fa-exclamation-circle","color":"red"}', '2026-02-24 21:27:28', '2026-02-24 21:12:21', '2026-02-24 21:27:28'),
	('4aaf9111-e0ea-44fd-b1b8-fe9593a785aa', 'App\\Notifications\\PpmWorkflowNotification', 'App\\Models\\User', 1, '{"type":"transferred_to_mtn","die_id":56,"part_number":"5253AH61","part_name":"SILL F\\/FLR SIDE INR,LH","customer":"ATS","actor":"USER PRODUCTION","event":"transferred_to_mtn","message":"\\ud83d\\ude9a Dies transferred to MTN Dies: 5253AH61 (SILL F\\/FLR SIDE INR,LH) by USER PRODUCTION","icon":"fa-truck","color":"orange"}', '2026-03-04 18:53:42', '2026-03-03 23:50:04', '2026-03-04 18:53:42'),
	('4d34dd11-a16a-4145-89b9-ce2d3d02f519', 'App\\Notifications\\CriticalDieAlert', 'App\\Models\\User', 1, '{"type":"red_alert","die_id":10,"part_number":"5253AT11\\/AT12","part_name":"REINF F\\/FLR SIDE SILL INR LH","customer":"ATS","status":"red","accumulation_stroke":9200,"standard_stroke":6000,"stroke_percentage":153.3,"message":"\\ud83d\\udd34 CRITICAL: 5253AT11\\/AT12 exceeded stroke limit (153.3%)","icon":"fa-exclamation-circle","color":"red"}', '2026-03-02 20:33:48', '2026-02-24 21:12:21', '2026-03-02 20:33:48'),
	('50f037b7-9214-46c6-8068-c9c3af66724a', 'App\\Notifications\\CriticalDieAlert', 'App\\Models\\User', 2, '{"type":"orange_alert","die_id":12,"part_number":"5253AH62","part_name":"SILL F\\/FLR SIDE INR RH","customer":"ATS","status":"orange","accumulation_stroke":4650,"standard_stroke":6000,"stroke_percentage":77.5,"message":"\\ud83d\\udfe0 WARNING: 5253AH62 approaching PPM limit (77.5%)","icon":"fa-exclamation-triangle","color":"orange"}', '2026-02-24 21:29:59', '2026-02-22 23:31:32', '2026-02-24 21:29:59'),
	('51844257-5de0-49ce-87a3-1f24106c1a3f', 'App\\Notifications\\CriticalDieAlert', 'App\\Models\\User', 4, '{"type":"orange_alert","die_id":26,"part_number":"test","part_name":"test2","customer":"ATS","status":"orange","accumulation_stroke":0,"standard_stroke":33,"stroke_percentage":0,"message":"\\ud83d\\udfe0 WARNING: test approaching PPM limit (0%)","icon":"fa-exclamation-triangle","color":"orange"}', NULL, '2026-02-22 23:29:05', '2026-02-22 23:29:05'),
	('51cbbfb1-7bf1-4c62-bc95-c911ae081464', 'App\\Notifications\\PpmWorkflowNotification', 'App\\Models\\User', 4, '{"type":"lot_date_set","die_id":56,"part_number":"5253AH61","part_name":"SILL F\\/FLR SIDE INR,LH","customer":"ATS","actor":"sakti","event":"lot_date_set","message":"\\ud83d\\udcc5 PPIC set Last LOT Date for 5253AH61 (SILL F\\/FLR SIDE INR,LH) \\u2014 Date: 2026-03-04 by sakti","icon":"fa-calendar-check","color":"purple"}', NULL, '2026-03-03 23:48:13', '2026-03-03 23:48:13'),
	('522855bf-5363-4f61-b012-1cfcb8949b0e', 'App\\Notifications\\PpmWorkflowNotification', 'App\\Models\\User', 7, '{"type":"ppm_scheduled","die_id":56,"part_number":"5253AH61","part_name":"SILL F\\/FLR SIDE INR,LH","customer":"ATS","actor":"Rydha Ramlan Gunawan","event":"ppm_scheduled","message":"\\ud83d\\uddd3\\ufe0f MTN Dies created PPM Schedule for 5253AH61 (SILL F\\/FLR SIDE INR,LH) \\u2014 2026-03-12 by Rydha Ramlan Gunawan","icon":"fa-calendar-alt","color":"blue"}', NULL, '2026-03-09 23:15:54', '2026-03-09 23:15:54'),
	('52a6aa32-35d4-4863-9c2d-275a14f2f408', 'App\\Notifications\\PpmCompleted', 'App\\Models\\User', 1, '{"type":"ppm_completed","die_id":55,"part_number":"5253AH62","part_name":"SILL F\\/FLR SIDE INR,RH","customer":"ATS","ppm_date":"10 Mar 2026","pic":"Rydha Ramlan","maintenance_type":"routine","stroke_at_ppm":5000,"message":"\\u2705 PPM completed for 5253AH62 (SILL F\\/FLR SIDE INR,RH) by Rydha Ramlan","icon":"fa-check-circle","color":"green"}', '2026-03-10 01:41:24', '2026-03-10 01:22:08', '2026-03-10 01:41:24'),
	('53d2c4ea-f603-471b-9163-816c1d38e5a9', 'App\\Notifications\\PpmCompleted', 'App\\Models\\User', 1, '{"type":"ppm_completed","die_id":9,"part_number":"5240B908\\/909","part_name":"BRACE DASH SIDE RH","customer":"ATS","ppm_date":"02 Mar 2026","pic":"rydha","maintenance_type":"routine","stroke_at_ppm":6800,"message":"\\u2705 PPM completed for 5240B908\\/909 (BRACE DASH SIDE RH) by rydha","icon":"fa-check-circle","color":"green"}', '2026-03-02 20:33:48', '2026-03-02 02:02:53', '2026-03-02 20:33:48'),
	('551cbc5e-4a4c-416d-8c77-5007ba9fe0cd', 'App\\Notifications\\PpmWorkflowNotification', 'App\\Models\\User', 9, '{"type":"ppm_in_progress","die_id":55,"part_number":"5253AH62","part_name":"SILL F\\/FLR SIDE INR,RH","customer":"ATS","actor":"Rydha Ramlan Gunawan","event":"ppm_in_progress","message":"\\u2699\\ufe0f PPM Processing started for 5253AH62 (SILL F\\/FLR SIDE INR,RH) by Rydha Ramlan Gunawan","icon":"fa-cogs","color":"blue"}', NULL, '2026-03-10 01:04:36', '2026-03-10 01:04:36'),
	('554effeb-c098-438e-9fa9-c6c94c57930f', 'App\\Notifications\\CriticalDieAlert', 'App\\Models\\User', 5, '{"type":"red_alert","die_id":6,"part_number":"71176-I6000","part_name":"BRKT FR PILLAR OTR,LH\\/RH","customer":"HMMI","status":"red","accumulation_stroke":6689,"standard_stroke":6000,"stroke_percentage":111.5,"message":"\\ud83d\\udd34 CRITICAL: 71176-I6000 (BRKT FR PILLAR OTR,LH\\/RH) exceeded stroke limit (111.5%)","icon":"fa-exclamation-circle","color":"red"}', '2026-03-01 21:35:22', '2026-03-01 21:30:24', '2026-03-01 21:35:22'),
	('557910f1-2e25-4e4d-919a-e52db7149b13', 'App\\Notifications\\CriticalDieAlert', 'App\\Models\\User', 4, '{"type":"red_alert","die_id":3,"part_number":"65122-I6000","part_name":"PNL CTR FLOOR SIDE,RH","customer":"HMMI","status":"red","accumulation_stroke":6316,"standard_stroke":6000,"stroke_percentage":105.3,"message":"\\ud83d\\udd34 CRITICAL: 65122-I6000 exceeded stroke limit (105.3%)","icon":"fa-exclamation-circle","color":"red"}', NULL, '2026-02-22 23:29:06', '2026-02-22 23:29:06'),
	('56023956-3176-4713-a690-df9fffc81473', 'App\\Notifications\\CriticalDieAlert', 'App\\Models\\User', 5, '{"type":"orange_alert","die_id":26,"part_number":"test","part_name":"test2","customer":"ATS","status":"orange","accumulation_stroke":0,"standard_stroke":33,"stroke_percentage":0,"message":"\\ud83d\\udfe0 WARNING: test approaching PPM limit (0%)","icon":"fa-exclamation-triangle","color":"orange"}', '2026-02-22 23:37:39', '2026-02-22 23:31:33', '2026-02-22 23:37:39'),
	('56169eae-aa44-4d01-8bab-5b0cad276cfb', 'App\\Notifications\\CriticalDieAlert', 'App\\Models\\User', 1, '{"type":"orange_alert","die_id":12,"part_number":"5253AH62","part_name":"SILL F\\/FLR SIDE INR RH","customer":"ATS","status":"orange","accumulation_stroke":4650,"standard_stroke":6000,"stroke_percentage":77.5,"message":"\\ud83d\\udfe0 WARNING: 5253AH62 approaching PPM limit (77.5%)","icon":"fa-exclamation-triangle","color":"orange"}', '2026-02-23 20:17:17', '2026-02-22 23:29:05', '2026-02-23 20:17:17'),
	('569492f3-a17d-4b7f-9ecc-39b1482b7010', 'App\\Notifications\\PpmCompleted', 'App\\Models\\User', 5, '{"type":"ppm_completed","die_id":55,"part_number":"5253AH62","part_name":"SILL F\\/FLR SIDE INR,RH","customer":"ATS","ppm_date":"10 Mar 2026","pic":"Rydha Ramlan","maintenance_type":"routine","stroke_at_ppm":5000,"message":"\\u2705 PPM completed for 5253AH62 (SILL F\\/FLR SIDE INR,RH) by Rydha Ramlan","icon":"fa-check-circle","color":"green"}', NULL, '2026-03-10 01:22:08', '2026-03-10 01:22:08'),
	('56e49396-2540-4e09-b7b1-638601a6d7d1', 'App\\Notifications\\PpmCompleted', 'App\\Models\\User', 6, '{"type":"ppm_completed","die_id":2,"part_number":"71132-I6000","part_name":"REINF-FR PILLAR OTR LWR,LH","customer":"HMMI","ppm_date":"23 Feb 2026","pic":"Rydha","maintenance_type":"repair","stroke_at_ppm":6200,"message":"\\u2705 PPM completed for 71132-I6000 by Rydha","icon":"fa-check-circle","color":"green"}', '2026-03-03 23:50:00', '2026-02-23 01:03:59', '2026-03-03 23:50:00'),
	('57c3d67d-3803-4606-8ba8-663b7d84d4ce', 'App\\Notifications\\PpmWorkflowNotification', 'App\\Models\\User', 2, '{"type":"lot_date_set","die_id":56,"part_number":"5253AH61","part_name":"SILL F\\/FLR SIDE INR,LH","customer":"ATS","actor":"sakti","event":"lot_date_set","message":"\\ud83d\\udcc5 PPIC set Last LOT Date for 5253AH61 (SILL F\\/FLR SIDE INR,LH) \\u2014 Date: 2026-03-04 by sakti","icon":"fa-calendar-check","color":"purple"}', '2026-03-04 00:19:48', '2026-03-03 23:48:13', '2026-03-04 00:19:48'),
	('58ac44c0-9737-4e27-88db-cfe3795870a5', 'App\\Notifications\\CriticalDieAlert', 'App\\Models\\User', 7, '{"type":"orange_alert","die_id":55,"part_number":"5253AH62","part_name":"SILL F\\/FLR SIDE INR,RH","customer":"ATS","status":"orange","accumulation_stroke":4400,"standard_stroke":5000,"stroke_percentage":88,"message":"\\ud83d\\udfe0 WARNING: 5253AH62 (SILL F\\/FLR SIDE INR,RH) approaching PPM limit (88%)","icon":"fa-exclamation-triangle","color":"orange"}', NULL, '2026-03-09 21:25:23', '2026-03-09 21:25:23'),
	('594c4c07-024b-49dc-90e5-d721c019646d', 'App\\Notifications\\PpmWorkflowNotification', 'App\\Models\\User', 9, '{"type":"transferred_back","die_id":55,"part_number":"5253AH62","part_name":"SILL F\\/FLR SIDE INR,RH","customer":"ATS","actor":"Rydha Ramlan Gunawan","event":"transferred_back","message":"\\ud83c\\udfed Dies transferred back to Production: 5253AH62 (SILL F\\/FLR SIDE INR,RH) by Rydha Ramlan Gunawan","icon":"fa-industry","color":"green"}', NULL, '2026-03-10 01:22:09', '2026-03-10 01:22:09'),
	('59d78926-ed63-452d-b3a0-37b239791198', 'App\\Notifications\\CriticalDieAlert', 'App\\Models\\User', 6, '{"type":"orange_alert","die_id":4,"part_number":"65112-I6000","part_name":"PNL CTR FLOOR SIDE,LH","customer":"HMMI","status":"orange","accumulation_stroke":5340,"standard_stroke":6000,"stroke_percentage":89,"message":"\\ud83d\\udfe0 WARNING: 65112-I6000 approaching PPM limit (89%)","icon":"fa-exclamation-triangle","color":"orange"}', '2026-03-03 23:50:00', '2026-02-22 23:31:32', '2026-03-03 23:50:00'),
	('59d9c0e1-33db-4274-9b64-b591a19e697e', 'App\\Notifications\\PpmWorkflowNotification', 'App\\Models\\User', 2, '{"type":"lot_date_set","die_id":62,"part_number":"71188-I6000","part_name":"REINF FR PILLAR OTR UPR,RH","customer":"HMMI","actor":"sakti","event":"lot_date_set","message":"\\ud83d\\udcc5 PPIC set Last LOT Date for 71188-I6000 (REINF FR PILLAR OTR UPR,RH) \\u2014 Date: 2026-03-04 by sakti","icon":"fa-calendar-check","color":"purple"}', '2026-03-03 23:07:25', '2026-03-03 23:07:05', '2026-03-03 23:07:25'),
	('5ac0d375-135f-4bc2-bfca-ac959f370d40', 'App\\Notifications\\CriticalDieAlert', 'App\\Models\\User', 4, '{"type":"orange_alert","die_id":25,"part_number":"67412 W000P","part_name":"C\\/ MBR DASH","customer":"TMMIN","status":"orange","accumulation_stroke":3800,"standard_stroke":6000,"stroke_percentage":63.3,"message":"\\ud83d\\udfe0 WARNING: 67412 W000P approaching PPM limit (63.3%)","icon":"fa-exclamation-triangle","color":"orange"}', NULL, '2026-02-22 23:29:05', '2026-02-22 23:29:05'),
	('5aeed784-8e02-48e9-a92b-a74c111036f8', 'App\\Notifications\\PpmWorkflowNotification', 'App\\Models\\User', 4, '{"type":"transferred_to_mtn","die_id":56,"part_number":"5253AH61","part_name":"SILL F\\/FLR SIDE INR,LH","customer":"ATS","actor":"USER PRODUCTION","event":"transferred_to_mtn","message":"\\ud83d\\ude9a Dies transferred to MTN Dies: 5253AH61 (SILL F\\/FLR SIDE INR,LH) by USER PRODUCTION","icon":"fa-truck","color":"orange"}', NULL, '2026-03-03 23:50:04', '2026-03-03 23:50:04'),
	('5be6aa4e-2fc2-45c2-a318-7eda4a61de9f', 'App\\Notifications\\CriticalDieAlert', 'App\\Models\\User', 5, '{"type":"orange_alert","die_id":12,"part_number":"5253AH62","part_name":"SILL F\\/FLR SIDE INR RH","customer":"ATS","status":"orange","accumulation_stroke":4650,"standard_stroke":6000,"stroke_percentage":77.5,"message":"\\ud83d\\udfe0 WARNING: 5253AH62 approaching PPM limit (77.5%)","icon":"fa-exclamation-triangle","color":"orange"}', '2026-02-22 23:37:44', '2026-02-22 23:29:05', '2026-02-22 23:37:44'),
	('5cbd0407-9fdb-4da5-b800-262bb5a3a968', 'App\\Notifications\\CriticalDieAlert', 'App\\Models\\User', 6, '{"type":"red_alert","die_id":2,"part_number":"71132-I6000","part_name":"REINF-FR PILLAR OTR LWR,LH","customer":"HMMI","status":"red","accumulation_stroke":6200,"standard_stroke":6000,"stroke_percentage":103.3,"message":"\\ud83d\\udd34 CRITICAL: 71132-I6000 exceeded stroke limit (103.3%)","icon":"fa-exclamation-circle","color":"red"}', '2026-03-03 23:50:00', '2026-02-22 23:31:34', '2026-03-03 23:50:00'),
	('60844bb4-affd-4389-8c8e-ea11a3c6f5af', 'App\\Notifications\\PpmWorkflowNotification', 'App\\Models\\User', 5, '{"type":"lot_date_set","die_id":6,"part_number":"71176-I6000","part_name":"BRKT FR PILLAR OTR,LH\\/RH","customer":"HMMI","actor":"sakti","event":"lot_date_set","message":"\\ud83d\\udcc5 PPIC set Last LOT Date for 71176-I6000 (BRKT FR PILLAR OTR,LH\\/RH) \\u2014 Date: 2026-03-05 by sakti","icon":"fa-calendar-check","color":"purple"}', '2026-03-01 21:43:30', '2026-03-01 21:38:32', '2026-03-01 21:43:30'),
	('60a2f546-f218-4107-a5ef-99e0fa2f7e5c', 'App\\Notifications\\PpmWorkflowNotification', 'App\\Models\\User', 4, '{"type":"transferred_to_mtn","die_id":6,"part_number":"71176-I6000","part_name":"BRKT FR PILLAR OTR,LH\\/RH","customer":"HMMI","actor":"USER PRODUCTION","event":"transferred_to_mtn","message":"\\ud83d\\ude9a Dies transferred to MTN Dies: 71176-I6000 (BRKT FR PILLAR OTR,LH\\/RH) by USER PRODUCTION","icon":"fa-truck","color":"orange"}', NULL, '2026-03-01 21:59:22', '2026-03-01 21:59:22'),
	('60bd6a5a-0561-4c29-a43a-308a1326e2a1', 'App\\Notifications\\PpmWorkflowNotification', 'App\\Models\\User', 1, '{"type":"lot_date_set","die_id":6,"part_number":"71176-I6000","part_name":"BRKT FR PILLAR OTR,LH\\/RH","customer":"HMMI","actor":"sakti","event":"lot_date_set","message":"\\ud83d\\udcc5 PPIC set Last LOT Date for 71176-I6000 (BRKT FR PILLAR OTR,LH\\/RH) \\u2014 Date: 2026-03-03 by sakti","icon":"fa-calendar-check","color":"purple"}', '2026-03-02 20:33:48', '2026-03-01 21:35:47', '2026-03-02 20:33:48'),
	('60f5cd60-8f4f-4512-b157-bd574eba74c4', 'App\\Notifications\\CriticalDieAlert', 'App\\Models\\User', 4, '{"type":"red_alert","die_id":14,"part_number":"60842TG1T00050HM","part_name":"BRKT, BPR BEAM EXTN OUT","customer":"UPIN","status":"red","accumulation_stroke":16500,"standard_stroke":10000,"stroke_percentage":165,"message":"\\ud83d\\udd34 CRITICAL: 60842TG1T00050HM exceeded stroke limit (165%)","icon":"fa-exclamation-circle","color":"red"}', NULL, '2026-02-24 21:10:43', '2026-02-24 21:10:43'),
	('6193e8cf-b3b7-4a1a-aa96-80dcd3925697', 'App\\Notifications\\PpmWorkflowNotification', 'App\\Models\\User', 4, '{"type":"schedule_approved","die_id":9,"part_number":"5240B908\\/909","part_name":"BRACE DASH SIDE RH","customer":"ATS","actor":"sakti","event":"schedule_approved","message":"\\u2705 PPIC approved PPM Schedule for 5240B908\\/909 (BRACE DASH SIDE RH) by sakti","icon":"fa-check-double","color":"cyan"}', NULL, '2026-03-02 01:55:59', '2026-03-02 01:55:59'),
	('638aaae7-6d5b-4609-95b7-437af6441e10', 'App\\Notifications\\CriticalDieAlert', 'App\\Models\\User', 1, '{"type":"orange_alert","die_id":12,"part_number":"5253AH62","part_name":"SILL F\\/FLR SIDE INR RH","customer":"ATS","status":"orange","accumulation_stroke":4650,"standard_stroke":6000,"stroke_percentage":77.5,"message":"\\ud83d\\udfe0 WARNING: 5253AH62 approaching PPM limit (77.5%)","icon":"fa-exclamation-triangle","color":"orange"}', '2026-02-23 20:17:17', '2026-02-22 23:31:32', '2026-02-23 20:17:17'),
	('64381845-e03c-4308-a048-4063283bfb01', 'App\\Notifications\\CriticalDieAlert', 'App\\Models\\User', 5, '{"type":"orange_alert","die_id":15,"part_number":"60843-TSEY-X100-H1","part_name":"BRKT R, FR BPR EXTN","customer":"UPIN","status":"orange","accumulation_stroke":9800,"standard_stroke":10000,"stroke_percentage":98,"message":"\\ud83d\\udfe0 WARNING: 60843-TSEY-X100-H1 approaching PPM limit (98%)","icon":"fa-exclamation-triangle","color":"orange"}', '2026-02-22 23:37:40', '2026-02-22 23:31:33', '2026-02-22 23:37:40'),
	('647687c4-b49f-4f2b-8cf6-62fd34badb37', 'App\\Notifications\\PpmCompleted', 'App\\Models\\User', 2, '{"type":"ppm_completed","die_id":10,"part_number":"5253AT11\\/AT12","part_name":"REINF F\\/FLR SIDE SILL INR LH","customer":"ATS","ppm_date":"25 Feb 2026","pic":"Rydha","maintenance_type":"repair","stroke_at_ppm":9200,"message":"\\u2705 PPM completed for 5253AT11\\/AT12 by Rydha","icon":"fa-check-circle","color":"green"}', '2026-02-24 21:48:05', '2026-02-24 21:35:32', '2026-02-24 21:48:05'),
	('657319de-e559-4a24-932e-13a00c61e14f', 'App\\Notifications\\CriticalDieAlert', 'App\\Models\\User', 2, '{"type":"orange_alert","die_id":25,"part_number":"67412 W000P","part_name":"C\\/ MBR DASH","customer":"TMMIN","status":"orange","accumulation_stroke":3800,"standard_stroke":6000,"stroke_percentage":63.3,"message":"\\ud83d\\udfe0 WARNING: 67412 W000P approaching PPM limit (63.3%)","icon":"fa-exclamation-triangle","color":"orange"}', '2026-02-24 21:29:59', '2026-02-22 23:31:33', '2026-02-24 21:29:59'),
	('65931213-6221-4968-a6fb-0d6ca9849d9a', 'App\\Notifications\\CriticalDieAlert', 'App\\Models\\User', 2, '{"type":"orange_alert","die_id":5,"part_number":"63111-I6900","part_name":"PNL CTR FLOOR SIDE LOWER,LH","customer":"HMMI","status":"orange","accumulation_stroke":4240,"standard_stroke":6000,"stroke_percentage":70.7,"message":"\\ud83d\\udfe0 WARNING: 63111-I6900 approaching PPM limit (70.7%)","icon":"fa-exclamation-triangle","color":"orange"}', '2026-02-24 21:29:59', '2026-02-22 23:31:32', '2026-02-24 21:29:59'),
	('662b7caf-7ec4-4661-b0f7-cf41a1b69406', 'App\\Notifications\\CriticalDieAlert', 'App\\Models\\User', 1, '{"type":"orange_alert","die_id":26,"part_number":"test","part_name":"test2","customer":"ATS","status":"orange","accumulation_stroke":0,"standard_stroke":33,"stroke_percentage":0,"message":"\\ud83d\\udfe0 WARNING: test approaching PPM limit (0%)","icon":"fa-exclamation-triangle","color":"orange"}', '2026-02-23 20:17:17', '2026-02-22 23:29:05', '2026-02-23 20:17:17'),
	('669e4209-95d0-4ddc-812d-d5870f7d2706', 'App\\Notifications\\PpmWorkflowNotification', 'App\\Models\\User', 2, '{"type":"lot_date_set","die_id":55,"part_number":"5253AH62","part_name":"SILL F\\/FLR SIDE INR,RH","customer":"ATS","actor":"Sakti","event":"lot_date_set","message":"\\ud83d\\udcc5 PPIC set Last LOT Date for 5253AH62 (SILL F\\/FLR SIDE INR,RH) \\u2014 Date: 2026-03-10 by Sakti","icon":"fa-calendar-check","color":"purple"}', '2026-03-09 23:03:32', '2026-03-09 21:30:44', '2026-03-09 23:03:32'),
	('66e1bf5d-ded9-4149-a729-5a3aec7dd948', 'App\\Notifications\\PpmCompleted', 'App\\Models\\User', 4, '{"type":"ppm_completed","die_id":10,"part_number":"5253AT11\\/AT12","part_name":"REINF F\\/FLR SIDE SILL INR LH","customer":"ATS","ppm_date":"25 Feb 2026","pic":"Rydha","maintenance_type":"repair","stroke_at_ppm":9200,"message":"\\u2705 PPM completed for 5253AT11\\/AT12 by Rydha","icon":"fa-check-circle","color":"green"}', NULL, '2026-02-24 21:35:32', '2026-02-24 21:35:32'),
	('69c09ea8-9e8b-4e0d-99a2-bab102482c52', 'App\\Notifications\\PpmCompleted', 'App\\Models\\User', 1, '{"type":"ppm_completed","die_id":2,"part_number":"71132-I6000","part_name":"REINF-FR PILLAR OTR LWR,LH","customer":"HMMI","ppm_date":"23 Feb 2026","pic":"Rydha","maintenance_type":"repair","stroke_at_ppm":6200,"message":"\\u2705 PPM completed for 71132-I6000 by Rydha","icon":"fa-check-circle","color":"green"}', '2026-02-23 20:17:11', '2026-02-23 01:03:59', '2026-02-23 20:17:11'),
	('6a108efb-6e15-4d0a-9c33-e4c1e5f10a79', 'App\\Notifications\\PpmCompleted', 'App\\Models\\User', 4, '{"type":"ppm_completed","die_id":2,"part_number":"71132-I6000","part_name":"REINF-FR PILLAR OTR LWR,LH","customer":"HMMI","ppm_date":"23 Feb 2026","pic":"Rydha","maintenance_type":"repair","stroke_at_ppm":6200,"message":"\\u2705 PPM completed for 71132-I6000 by Rydha","icon":"fa-check-circle","color":"green"}', NULL, '2026-02-23 01:03:59', '2026-02-23 01:03:59'),
	('6b2114bb-7fe6-46cd-8389-eae0c6372be7', 'App\\Notifications\\CriticalDieAlert', 'App\\Models\\User', 5, '{"type":"orange_alert","die_id":14,"part_number":"60842TG1T00050HM","part_name":"BRKT, BPR BEAM EXTN OUT","customer":"UPIN","status":"orange","accumulation_stroke":8500,"standard_stroke":10000,"stroke_percentage":85,"message":"\\ud83d\\udfe0 WARNING: 60842TG1T00050HM approaching PPM limit (85%)","icon":"fa-exclamation-triangle","color":"orange"}', '2026-02-22 23:37:44', '2026-02-22 23:31:33', '2026-02-22 23:37:44'),
	('6c03790f-d00e-42ef-bcd2-ffbe4f7256ad', 'App\\Notifications\\PpmWorkflowNotification', 'App\\Models\\User', 7, '{"type":"schedule_approved","die_id":55,"part_number":"5253AH62","part_name":"SILL F\\/FLR SIDE INR,RH","customer":"ATS","actor":"Sakti","event":"schedule_approved","message":"\\u2705 PPIC approved PPM Schedule for 5253AH62 (SILL F\\/FLR SIDE INR,RH) by Sakti","icon":"fa-check-double","color":"cyan"}', NULL, '2026-03-10 00:32:10', '2026-03-10 00:32:10'),
	('6ccdbdf1-4816-4073-a3b9-f02af0c597e5', 'App\\Notifications\\PpmWorkflowNotification', 'App\\Models\\User', 4, '{"type":"lot_date_set","die_id":55,"part_number":"5253AH62","part_name":"SILL F\\/FLR SIDE INR,RH","customer":"ATS","actor":"Sakti","event":"lot_date_set","message":"\\ud83d\\udcc5 PPIC set Last LOT Date for 5253AH62 (SILL F\\/FLR SIDE INR,RH) \\u2014 Date: 2026-03-10 by Sakti","icon":"fa-calendar-check","color":"purple"}', NULL, '2026-03-09 21:30:45', '2026-03-09 21:30:45'),
	('6dd73b1a-cdec-4c88-9ac0-f4f757d45dfc', 'App\\Notifications\\PpmCompleted', 'App\\Models\\User', 4, '{"type":"ppm_completed","die_id":9,"part_number":"5240B908\\/909","part_name":"BRACE DASH SIDE RH","customer":"ATS","ppm_date":"02 Mar 2026","pic":"rydha","maintenance_type":"routine","stroke_at_ppm":6800,"message":"\\u2705 PPM completed for 5240B908\\/909 (BRACE DASH SIDE RH) by rydha","icon":"fa-check-circle","color":"green"}', NULL, '2026-03-02 02:02:53', '2026-03-02 02:02:53'),
	('6ecea00d-a400-4ef8-a36b-847d67d0edea', 'App\\Notifications\\PpmCompleted', 'App\\Models\\User', 4, '{"type":"ppm_completed","die_id":55,"part_number":"5253AH62","part_name":"SILL F\\/FLR SIDE INR,RH","customer":"ATS","ppm_date":"10 Mar 2026","pic":"Rydha Ramlan","maintenance_type":"routine","stroke_at_ppm":5000,"message":"\\u2705 PPM completed for 5253AH62 (SILL F\\/FLR SIDE INR,RH) by Rydha Ramlan","icon":"fa-check-circle","color":"green"}', NULL, '2026-03-10 01:22:08', '2026-03-10 01:22:08'),
	('6f644e7b-662a-42c3-b5b4-e3784aa7cb78', 'App\\Notifications\\CriticalDieAlert', 'App\\Models\\User', 2, '{"type":"orange_alert","die_id":13,"part_number":"60415-TSEY-X000-H1","part_name":"STIFF R, BHD SIDE MBR","customer":"UPIN","status":"orange","accumulation_stroke":8000,"standard_stroke":10000,"stroke_percentage":80,"message":"\\ud83d\\udfe0 WARNING: 60415-TSEY-X000-H1 approaching PPM limit (80%)","icon":"fa-exclamation-triangle","color":"orange"}', '2026-02-24 21:29:59', '2026-02-22 23:31:32', '2026-02-24 21:29:59'),
	('6fd1889e-dd32-47db-a073-0082538811cd', 'App\\Notifications\\PpmCompleted', 'App\\Models\\User', 2, '{"type":"ppm_completed","die_id":2,"part_number":"71132-I6000","part_name":"REINF-FR PILLAR OTR LWR,LH","customer":"HMMI","ppm_date":"23 Feb 2026","pic":"Rydha","maintenance_type":"repair","stroke_at_ppm":6200,"message":"\\u2705 PPM completed for 71132-I6000 by Rydha","icon":"fa-check-circle","color":"green"}', '2026-02-24 21:29:59', '2026-02-23 01:03:59', '2026-02-24 21:29:59'),
	('70204e2a-2695-4313-9a2d-8ac75c7b3583', 'App\\Notifications\\PpmWorkflowNotification', 'App\\Models\\User', 1, '{"type":"transferred_to_mtn","die_id":6,"part_number":"71176-I6000","part_name":"BRKT FR PILLAR OTR,LH\\/RH","customer":"HMMI","actor":"USER PRODUCTION","event":"transferred_to_mtn","message":"\\ud83d\\ude9a Dies transferred to MTN Dies: 71176-I6000 (BRKT FR PILLAR OTR,LH\\/RH) by USER PRODUCTION","icon":"fa-truck","color":"orange"}', '2026-03-02 20:33:48', '2026-03-01 21:59:22', '2026-03-02 20:33:48'),
	('703140a2-f228-42b0-a04f-bf73552ff689', 'App\\Notifications\\CriticalDieAlert', 'App\\Models\\User', 2, '{"type":"orange_alert","die_id":5,"part_number":"63111-I6900","part_name":"PNL CTR FLOOR SIDE LOWER,LH","customer":"HMMI","status":"orange","accumulation_stroke":4240,"standard_stroke":6000,"stroke_percentage":70.7,"message":"\\ud83d\\udfe0 WARNING: 63111-I6900 approaching PPM limit (70.7%)","icon":"fa-exclamation-triangle","color":"orange"}', '2026-02-24 21:29:59', '2026-02-22 23:29:04', '2026-02-24 21:29:59'),
	('70c293e9-b0cb-4b37-8766-02a58cdf6782', 'App\\Notifications\\CriticalDieAlert', 'App\\Models\\User', 6, '{"type":"red_alert","die_id":9,"part_number":"5240B908\\/909","part_name":"BRACE DASH SIDE RH","customer":"ATS","status":"red","accumulation_stroke":6800,"standard_stroke":6000,"stroke_percentage":113.3,"message":"\\ud83d\\udd34 CRITICAL: 5240B908\\/909 (BRACE DASH SIDE RH) exceeded stroke limit (113.3%)","icon":"fa-exclamation-circle","color":"red"}', '2026-03-03 23:50:00', '2026-03-02 01:43:46', '2026-03-03 23:50:00'),
	('7252d793-e1a8-416b-b935-5cff8501e402', 'App\\Notifications\\CriticalDieAlert', 'App\\Models\\User', 2, '{"type":"orange_alert","die_id":15,"part_number":"60843-TSEY-X100-H1","part_name":"BRKT R, FR BPR EXTN","customer":"UPIN","status":"orange","accumulation_stroke":9800,"standard_stroke":10000,"stroke_percentage":98,"message":"\\ud83d\\udfe0 WARNING: 60843-TSEY-X100-H1 approaching PPM limit (98%)","icon":"fa-exclamation-triangle","color":"orange"}', '2026-02-24 21:29:59', '2026-02-22 23:31:33', '2026-02-24 21:29:59'),
	('73218bdd-a416-4182-9a32-2bfa00a85eb2', 'App\\Notifications\\CriticalDieAlert', 'App\\Models\\User', 4, '{"type":"orange_alert","die_id":15,"part_number":"60843-TSEY-X100-H1","part_name":"BRKT R, FR BPR EXTN","customer":"UPIN","status":"orange","accumulation_stroke":9800,"standard_stroke":10000,"stroke_percentage":98,"message":"\\ud83d\\udfe0 WARNING: 60843-TSEY-X100-H1 approaching PPM limit (98%)","icon":"fa-exclamation-triangle","color":"orange"}', NULL, '2026-02-22 23:29:05', '2026-02-22 23:29:05'),
	('734db94a-5f83-4e6f-8342-56012b0b95ba', 'App\\Notifications\\CriticalDieAlert', 'App\\Models\\User', 2, '{"type":"orange_alert","die_id":14,"part_number":"60842TG1T00050HM","part_name":"BRKT, BPR BEAM EXTN OUT","customer":"UPIN","status":"orange","accumulation_stroke":8500,"standard_stroke":10000,"stroke_percentage":85,"message":"\\ud83d\\udfe0 WARNING: 60842TG1T00050HM approaching PPM limit (85%)","icon":"fa-exclamation-triangle","color":"orange"}', '2026-02-24 21:29:59', '2026-02-22 23:31:32', '2026-02-24 21:29:59'),
	('74504b69-7488-433b-9168-b927476b4187', 'App\\Notifications\\CriticalDieAlert', 'App\\Models\\User', 9, '{"type":"red_alert","die_id":55,"part_number":"5253AH62","part_name":"SILL F\\/FLR SIDE INR,RH","customer":"ATS","status":"red","accumulation_stroke":5000,"standard_stroke":5000,"stroke_percentage":100,"message":"\\ud83d\\udd34 CRITICAL: 5253AH62 (SILL F\\/FLR SIDE INR,RH) exceeded stroke limit (100%)","icon":"fa-exclamation-circle","color":"red"}', NULL, '2026-03-10 00:39:52', '2026-03-10 00:39:52'),
	('745e1c5b-2f4d-49e4-bf9f-a631e7625cc3', 'App\\Notifications\\CriticalDieAlert', 'App\\Models\\User', 4, '{"type":"orange_alert","die_id":12,"part_number":"5253AH62","part_name":"SILL F\\/FLR SIDE INR RH","customer":"ATS","status":"orange","accumulation_stroke":4650,"standard_stroke":6000,"stroke_percentage":77.5,"message":"\\ud83d\\udfe0 WARNING: 5253AH62 approaching PPM limit (77.5%)","icon":"fa-exclamation-triangle","color":"orange"}', NULL, '2026-02-22 23:29:05', '2026-02-22 23:29:05'),
	('7542e146-ea83-4441-8c78-cb226ecbc0ae', 'App\\Notifications\\PpmCompleted', 'App\\Models\\User', 10, '{"type":"ppm_completed","die_id":55,"part_number":"5253AH62","part_name":"SILL F\\/FLR SIDE INR,RH","customer":"ATS","ppm_date":"10 Mar 2026","pic":"Rydha Ramlan","maintenance_type":"routine","stroke_at_ppm":5000,"message":"\\u2705 PPM completed for 5253AH62 (SILL F\\/FLR SIDE INR,RH) by Rydha Ramlan","icon":"fa-check-circle","color":"green"}', NULL, '2026-03-10 01:22:08', '2026-03-10 01:22:08'),
	('757f9ead-7ed3-4a96-b41b-2801460ca333', 'App\\Notifications\\PpmWorkflowNotification', 'App\\Models\\User', 1, '{"type":"ppm_in_progress","die_id":9,"part_number":"5240B908\\/909","part_name":"BRACE DASH SIDE RH","customer":"ATS","actor":"Rydha Ramlan Gunawan","event":"ppm_in_progress","message":"\\u2699\\ufe0f PPM Processing started for 5240B908\\/909 (BRACE DASH SIDE RH) by Rydha Ramlan Gunawan","icon":"fa-cogs","color":"blue"}', '2026-03-02 20:33:48', '2026-03-02 02:00:29', '2026-03-02 20:33:48'),
	('759727b1-96e4-482f-82b9-015c844f0deb', 'App\\Notifications\\CriticalDieAlert', 'App\\Models\\User', 2, '{"type":"orange_alert","die_id":4,"part_number":"65112-I6000","part_name":"PNL CTR FLOOR SIDE,LH","customer":"HMMI","status":"orange","accumulation_stroke":5340,"standard_stroke":6000,"stroke_percentage":89,"message":"\\ud83d\\udfe0 WARNING: 65112-I6000 approaching PPM limit (89%)","icon":"fa-exclamation-triangle","color":"orange"}', '2026-02-24 21:29:59', '2026-02-22 23:31:32', '2026-02-24 21:29:59'),
	('76caee25-1243-4f71-8c2a-20f46829c36f', 'App\\Notifications\\CriticalDieAlert', 'App\\Models\\User', 5, '{"type":"orange_alert","die_id":5,"part_number":"63111-I6900","part_name":"PNL CTR FLOOR SIDE LOWER,LH","customer":"HMMI","status":"orange","accumulation_stroke":4240,"standard_stroke":6000,"stroke_percentage":70.7,"message":"\\ud83d\\udfe0 WARNING: 63111-I6900 approaching PPM limit (70.7%)","icon":"fa-exclamation-triangle","color":"orange"}', '2026-02-22 23:37:44', '2026-02-22 23:29:04', '2026-02-22 23:37:44'),
	('770d0f02-ecf7-4369-a395-536ecc9e17c6', 'App\\Notifications\\CriticalDieAlert', 'App\\Models\\User', 1, '{"type":"red_alert","die_id":3,"part_number":"65122-I6000","part_name":"PNL CTR FLOOR SIDE,RH","customer":"HMMI","status":"red","accumulation_stroke":6316,"standard_stroke":6000,"stroke_percentage":105.3,"message":"\\ud83d\\udd34 CRITICAL: 65122-I6000 exceeded stroke limit (105.3%)","icon":"fa-exclamation-circle","color":"red"}', '2026-02-23 20:17:17', '2026-02-22 23:31:34', '2026-02-23 20:17:17'),
	('778a2819-04bd-4f1e-bead-283245476055', 'App\\Notifications\\CriticalDieAlert', 'App\\Models\\User', 2, '{"type":"orange_alert","die_id":12,"part_number":"5253AH62","part_name":"SILL F\\/FLR SIDE INR RH","customer":"ATS","status":"orange","accumulation_stroke":4650,"standard_stroke":6000,"stroke_percentage":77.5,"message":"\\ud83d\\udfe0 WARNING: 5253AH62 approaching PPM limit (77.5%)","icon":"fa-exclamation-triangle","color":"orange"}', '2026-02-24 21:29:59', '2026-02-22 23:29:05', '2026-02-24 21:29:59'),
	('7a3f9d9b-04f9-4d43-b0d3-9b02066a5553', 'App\\Notifications\\PpmCompleted', 'App\\Models\\User', 5, '{"type":"ppm_completed","die_id":10,"part_number":"5253AT11\\/AT12","part_name":"REINF F\\/FLR SIDE SILL INR LH","customer":"ATS","ppm_date":"25 Feb 2026","pic":"Rydha","maintenance_type":"repair","stroke_at_ppm":9200,"message":"\\u2705 PPM completed for 5253AT11\\/AT12 by Rydha","icon":"fa-check-circle","color":"green"}', '2026-03-01 21:38:01', '2026-02-24 21:35:33', '2026-03-01 21:38:01'),
	('7aa44fbd-2cac-4ca0-aa3b-795caa10b931', 'App\\Notifications\\PpmWorkflowNotification', 'App\\Models\\User', 1, '{"type":"transferred_back","die_id":9,"part_number":"5240B908\\/909","part_name":"BRACE DASH SIDE RH","customer":"ATS","actor":"Administrator","event":"transferred_back","message":"\\ud83c\\udfed Dies transferred back to Production: 5240B908\\/909 (BRACE DASH SIDE RH) by Administrator","icon":"fa-industry","color":"green"}', '2026-03-02 20:36:10', '2026-03-02 20:34:06', '2026-03-02 20:36:10'),
	('7c8533e7-4058-4be9-8c9d-003a32ad4540', 'App\\Notifications\\CriticalDieAlert', 'App\\Models\\User', 5, '{"type":"red_alert","die_id":3,"part_number":"65122-I6000","part_name":"PNL CTR FLOOR SIDE,RH","customer":"HMMI","status":"red","accumulation_stroke":6316,"standard_stroke":6000,"stroke_percentage":105.3,"message":"\\ud83d\\udd34 CRITICAL: 65122-I6000 exceeded stroke limit (105.3%)","icon":"fa-exclamation-circle","color":"red"}', '2026-02-22 23:37:44', '2026-02-22 23:29:06', '2026-02-22 23:37:44'),
	('7c8cc112-b3a7-46d7-b9dc-9e1a7d7a6c25', 'App\\Notifications\\PpmWorkflowNotification', 'App\\Models\\User', 1, '{"type":"ppm_scheduled","die_id":55,"part_number":"5253AH62","part_name":"SILL F\\/FLR SIDE INR,RH","customer":"ATS","actor":"Rydha Ramlan Gunawan","event":"ppm_scheduled","message":"\\ud83d\\uddd3\\ufe0f MTN Dies created PPM Schedule for 5253AH62 (SILL F\\/FLR SIDE INR,RH) \\u2014 2026-03-10 by Rydha Ramlan Gunawan","icon":"fa-calendar-alt","color":"blue"}', '2026-03-10 01:41:24', '2026-03-10 00:30:50', '2026-03-10 01:41:24'),
	('7de1ed1a-cb13-4286-b76e-1e29acdac81d', 'App\\Notifications\\PpmWorkflowNotification', 'App\\Models\\User', 2, '{"type":"ppm_scheduled","die_id":55,"part_number":"5253AH62","part_name":"SILL F\\/FLR SIDE INR,RH","customer":"ATS","actor":"Rydha Ramlan Gunawan","event":"ppm_scheduled","message":"\\ud83d\\uddd3\\ufe0f MTN Dies created PPM Schedule for 5253AH62 (SILL F\\/FLR SIDE INR,RH) \\u2014 2026-03-10 by Rydha Ramlan Gunawan","icon":"fa-calendar-alt","color":"blue"}', NULL, '2026-03-10 00:30:50', '2026-03-10 00:30:50'),
	('7f5e4c9c-43bb-4949-bd24-9dba7886df29', 'App\\Notifications\\CriticalDieAlert', 'App\\Models\\User', 5, '{"type":"orange_alert","die_id":5,"part_number":"63111-I6900","part_name":"PNL CTR FLOOR SIDE LOWER,LH","customer":"HMMI","status":"orange","accumulation_stroke":4240,"standard_stroke":6000,"stroke_percentage":70.7,"message":"\\ud83d\\udfe0 WARNING: 63111-I6900 approaching PPM limit (70.7%)","icon":"fa-exclamation-triangle","color":"orange"}', '2026-02-22 23:37:44', '2026-02-22 23:31:32', '2026-02-22 23:37:44'),
	('7f9f6e35-9fe0-4cf7-a02e-482efee7a9f7', 'App\\Notifications\\CriticalDieAlert', 'App\\Models\\User', 1, '{"type":"orange_alert","die_id":25,"part_number":"67412 W000P","part_name":"C\\/ MBR DASH","customer":"TMMIN","status":"orange","accumulation_stroke":3800,"standard_stroke":6000,"stroke_percentage":63.3,"message":"\\ud83d\\udfe0 WARNING: 67412 W000P approaching PPM limit (63.3%)","icon":"fa-exclamation-triangle","color":"orange"}', '2026-02-23 20:17:17', '2026-02-22 23:31:33', '2026-02-23 20:17:17'),
	('80336571-6d1e-49bb-be52-f6b4da2770c4', 'App\\Notifications\\PpmCompleted', 'App\\Models\\User', 5, '{"type":"ppm_completed","die_id":2,"part_number":"71132-I6000","part_name":"REINF-FR PILLAR OTR LWR,LH","customer":"HMMI","ppm_date":"23 Feb 2026","pic":"Rydha","maintenance_type":"repair","stroke_at_ppm":6200,"message":"\\u2705 PPM completed for 71132-I6000 by Rydha","icon":"fa-check-circle","color":"green"}', '2026-02-24 21:31:22', '2026-02-23 01:03:59', '2026-02-24 21:31:22'),
	('80646ed2-11c0-45f9-abdd-f9956048502d', 'App\\Notifications\\PpmWorkflowNotification', 'App\\Models\\User', 9, '{"type":"transferred_to_mtn","die_id":55,"part_number":"5253AH62","part_name":"SILL F\\/FLR SIDE INR,RH","customer":"ATS","actor":"Indriani","event":"transferred_to_mtn","message":"\\ud83d\\ude9a Dies transferred to MTN Dies: 5253AH62 (SILL F\\/FLR SIDE INR,RH) by Indriani","icon":"fa-truck","color":"orange"}', NULL, '2026-03-10 01:03:26', '2026-03-10 01:03:26'),
	('8097e948-52c7-4c4d-973d-861030c00dfd', 'App\\Notifications\\PpmWorkflowNotification', 'App\\Models\\User', 1, '{"type":"schedule_approved","die_id":56,"part_number":"5253AH61","part_name":"SILL F\\/FLR SIDE INR,LH","customer":"ATS","actor":"Sakti","event":"schedule_approved","message":"\\u2705 PPIC approved PPM Schedule for 5253AH61 (SILL F\\/FLR SIDE INR,LH) by Sakti","icon":"fa-check-double","color":"cyan"}', '2026-03-09 23:21:09', '2026-03-09 23:16:52', '2026-03-09 23:21:09'),
	('81578c87-ce1c-4bd3-a124-61102cee9abd', 'App\\Notifications\\PpmWorkflowNotification', 'App\\Models\\User', 1, '{"type":"transferred_to_mtn","die_id":9,"part_number":"5240B908\\/909","part_name":"BRACE DASH SIDE RH","customer":"ATS","actor":"USER PRODUCTION","event":"transferred_to_mtn","message":"\\ud83d\\ude9a Dies transferred to MTN Dies: 5240B908\\/909 (BRACE DASH SIDE RH) by USER PRODUCTION","icon":"fa-truck","color":"orange"}', '2026-03-02 20:33:48', '2026-03-02 01:58:03', '2026-03-02 20:33:48'),
	('81ead65f-8ad7-47e4-a5d7-fa38ba8458a5', 'App\\Notifications\\CriticalDieAlert', 'App\\Models\\User', 4, '{"type":"orange_alert","die_id":11,"part_number":"5253AH61","part_name":"SILL F\\/FLR SIDE INR LH","customer":"ATS","status":"orange","accumulation_stroke":4800,"standard_stroke":6000,"stroke_percentage":80,"message":"\\ud83d\\udfe0 WARNING: 5253AH61 approaching PPM limit (80%)","icon":"fa-exclamation-triangle","color":"orange"}', NULL, '2026-02-22 23:29:04', '2026-02-22 23:29:04'),
	('861cb9bb-92cf-466a-be7f-2443df8f17c9', 'App\\Notifications\\PpmWorkflowNotification', 'App\\Models\\User', 2, '{"type":"lot_date_set","die_id":9,"part_number":"5240B908\\/909","part_name":"BRACE DASH SIDE RH","customer":"ATS","actor":"sakti","event":"lot_date_set","message":"\\ud83d\\udcc5 PPIC set Last LOT Date for 5240B908\\/909 (BRACE DASH SIDE RH) \\u2014 Date: 2026-03-05 by sakti","icon":"fa-calendar-check","color":"purple"}', '2026-03-02 01:51:00', '2026-03-02 01:46:03', '2026-03-02 01:51:00'),
	('86b78f6c-e13c-468b-b854-c311c1f1c8ec', 'App\\Notifications\\PpmWorkflowNotification', 'App\\Models\\User', 8, '{"type":"transferred_back","die_id":55,"part_number":"5253AH62","part_name":"SILL F\\/FLR SIDE INR,RH","customer":"ATS","actor":"Rydha Ramlan Gunawan","event":"transferred_back","message":"\\ud83c\\udfed Dies transferred back to Production: 5253AH62 (SILL F\\/FLR SIDE INR,RH) by Rydha Ramlan Gunawan","icon":"fa-industry","color":"green"}', NULL, '2026-03-10 01:22:09', '2026-03-10 01:22:09'),
	('873885ad-b51b-4a25-8663-961be5dfc439', 'App\\Notifications\\PpmWorkflowNotification', 'App\\Models\\User', 9, '{"type":"ppm_scheduled","die_id":55,"part_number":"5253AH62","part_name":"SILL F\\/FLR SIDE INR,RH","customer":"ATS","actor":"Rydha Ramlan Gunawan","event":"ppm_scheduled","message":"\\ud83d\\uddd3\\ufe0f MTN Dies created PPM Schedule for 5253AH62 (SILL F\\/FLR SIDE INR,RH) \\u2014 2026-03-10 by Rydha Ramlan Gunawan","icon":"fa-calendar-alt","color":"blue"}', NULL, '2026-03-10 00:30:51', '2026-03-10 00:30:51'),
	('87f0946f-571a-4121-b83a-7f06bb998bd1', 'App\\Notifications\\CriticalDieAlert', 'App\\Models\\User', 4, '{"type":"orange_alert","die_id":12,"part_number":"5253AH62","part_name":"SILL F\\/FLR SIDE INR RH","customer":"ATS","status":"orange","accumulation_stroke":4650,"standard_stroke":6000,"stroke_percentage":77.5,"message":"\\ud83d\\udfe0 WARNING: 5253AH62 approaching PPM limit (77.5%)","icon":"fa-exclamation-triangle","color":"orange"}', NULL, '2026-02-22 23:31:32', '2026-02-22 23:31:32'),
	('87fb7c6e-5c58-4a44-bc84-1b8bcf028b2a', 'App\\Notifications\\CriticalDieAlert', 'App\\Models\\User', 6, '{"type":"red_alert","die_id":3,"part_number":"65122-I6000","part_name":"PNL CTR FLOOR SIDE,RH","customer":"HMMI","status":"red","accumulation_stroke":6316,"standard_stroke":6000,"stroke_percentage":105.3,"message":"\\ud83d\\udd34 CRITICAL: 65122-I6000 exceeded stroke limit (105.3%)","icon":"fa-exclamation-circle","color":"red"}', '2026-03-03 23:50:00', '2026-02-22 23:31:34', '2026-03-03 23:50:00'),
	('89437fe0-6511-48bb-afcd-371e7dbb1b5d', 'App\\Notifications\\PpmWorkflowNotification', 'App\\Models\\User', 5, '{"type":"ppm_in_progress","die_id":55,"part_number":"5253AH62","part_name":"SILL F\\/FLR SIDE INR,RH","customer":"ATS","actor":"Rydha Ramlan Gunawan","event":"ppm_in_progress","message":"\\u2699\\ufe0f PPM Processing started for 5253AH62 (SILL F\\/FLR SIDE INR,RH) by Rydha Ramlan Gunawan","icon":"fa-cogs","color":"blue"}', NULL, '2026-03-10 01:04:36', '2026-03-10 01:04:36'),
	('899695cf-2fcc-4afb-8f09-36038e0ac374', 'App\\Notifications\\PpmWorkflowNotification', 'App\\Models\\User', 4, '{"type":"lot_date_set","die_id":9,"part_number":"5240B908\\/909","part_name":"BRACE DASH SIDE RH","customer":"ATS","actor":"sakti","event":"lot_date_set","message":"\\ud83d\\udcc5 PPIC set Last LOT Date for 5240B908\\/909 (BRACE DASH SIDE RH) \\u2014 Date: 2026-03-05 by sakti","icon":"fa-calendar-check","color":"purple"}', NULL, '2026-03-02 01:46:03', '2026-03-02 01:46:03'),
	('8afc4dfa-a0a1-49a2-a15f-aa7f061e86b2', 'App\\Notifications\\PpmWorkflowNotification', 'App\\Models\\User', 4, '{"type":"ppm_in_progress","die_id":55,"part_number":"5253AH62","part_name":"SILL F\\/FLR SIDE INR,RH","customer":"ATS","actor":"Rydha Ramlan Gunawan","event":"ppm_in_progress","message":"\\u2699\\ufe0f PPM Processing started for 5253AH62 (SILL F\\/FLR SIDE INR,RH) by Rydha Ramlan Gunawan","icon":"fa-cogs","color":"blue"}', NULL, '2026-03-10 01:04:36', '2026-03-10 01:04:36'),
	('8b0ec5b2-f19e-4881-ae21-9c559be4cba1', 'App\\Notifications\\PpmWorkflowNotification', 'App\\Models\\User', 6, '{"type":"transferred_to_mtn","die_id":9,"part_number":"5240B908\\/909","part_name":"BRACE DASH SIDE RH","customer":"ATS","actor":"USER PRODUCTION","event":"transferred_to_mtn","message":"\\ud83d\\ude9a Dies transferred to MTN Dies: 5240B908\\/909 (BRACE DASH SIDE RH) by USER PRODUCTION","icon":"fa-truck","color":"orange"}', '2026-03-03 23:50:00', '2026-03-02 01:58:03', '2026-03-03 23:50:00'),
	('8b1c472d-d4d2-4def-b3e5-52c4e8bc54cb', 'App\\Notifications\\CriticalDieAlert', 'App\\Models\\User', 1, '{"type":"orange_alert","die_id":13,"part_number":"60415-TSEY-X000-H1","part_name":"STIFF R, BHD SIDE MBR","customer":"UPIN","status":"orange","accumulation_stroke":8000,"standard_stroke":10000,"stroke_percentage":80,"message":"\\ud83d\\udfe0 WARNING: 60415-TSEY-X000-H1 approaching PPM limit (80%)","icon":"fa-exclamation-triangle","color":"orange"}', '2026-02-23 20:17:17', '2026-02-22 23:31:32', '2026-02-23 20:17:17'),
	('8b39411f-0766-4bbf-9d91-17dc8b6d8da0', 'App\\Notifications\\PpmWorkflowNotification', 'App\\Models\\User', 2, '{"type":"transferred_to_mtn","die_id":56,"part_number":"5253AH61","part_name":"SILL F\\/FLR SIDE INR,LH","customer":"ATS","actor":"USER PRODUCTION","event":"transferred_to_mtn","message":"\\ud83d\\ude9a Dies transferred to MTN Dies: 5253AH61 (SILL F\\/FLR SIDE INR,LH) by USER PRODUCTION","icon":"fa-truck","color":"orange"}', '2026-03-04 00:19:48', '2026-03-03 23:50:04', '2026-03-04 00:19:48'),
	('8b8aa94a-f3f4-4fc6-b68c-1e0d6d11c1a3', 'App\\Notifications\\CriticalDieAlert', 'App\\Models\\User', 1, '{"type":"orange_alert","die_id":14,"part_number":"60842TG1T00050HM","part_name":"BRKT, BPR BEAM EXTN OUT","customer":"UPIN","status":"orange","accumulation_stroke":8500,"standard_stroke":10000,"stroke_percentage":85,"message":"\\ud83d\\udfe0 WARNING: 60842TG1T00050HM approaching PPM limit (85%)","icon":"fa-exclamation-triangle","color":"orange"}', '2026-02-23 20:17:17', '2026-02-22 23:31:32', '2026-02-23 20:17:17'),
	('8ceafe02-3485-496f-90e5-9777bab3e09e', 'App\\Notifications\\PpmWorkflowNotification', 'App\\Models\\User', 4, '{"type":"ppm_in_progress","die_id":6,"part_number":"71176-I6000","part_name":"BRKT FR PILLAR OTR,LH\\/RH","customer":"HMMI","actor":"Rydha Ramlan Gunawan","event":"ppm_in_progress","message":"\\u2699\\ufe0f PPM Processing started for 71176-I6000 (BRKT FR PILLAR OTR,LH\\/RH) by Rydha Ramlan Gunawan","icon":"fa-cogs","color":"blue"}', NULL, '2026-03-01 22:00:13', '2026-03-01 22:00:13'),
	('8da85729-d5d5-43b1-beb3-f4109510ac32', 'App\\Notifications\\PpmWorkflowNotification', 'App\\Models\\User', 6, '{"type":"schedule_approved","die_id":9,"part_number":"5240B908\\/909","part_name":"BRACE DASH SIDE RH","customer":"ATS","actor":"sakti","event":"schedule_approved","message":"\\u2705 PPIC approved PPM Schedule for 5240B908\\/909 (BRACE DASH SIDE RH) by sakti","icon":"fa-check-double","color":"cyan"}', '2026-03-03 23:50:00', '2026-03-02 01:55:59', '2026-03-03 23:50:00'),
	('8dc736a6-3895-4725-b361-a5612754647f', 'App\\Notifications\\PpmCompleted', 'App\\Models\\User', 6, '{"type":"ppm_completed","die_id":10,"part_number":"5253AT11\\/AT12","part_name":"REINF F\\/FLR SIDE SILL INR LH","customer":"ATS","ppm_date":"25 Feb 2026","pic":"Rydha","maintenance_type":"repair","stroke_at_ppm":9200,"message":"\\u2705 PPM completed for 5253AT11\\/AT12 by Rydha","icon":"fa-check-circle","color":"green"}', '2026-03-03 23:50:00', '2026-02-24 21:35:33', '2026-03-03 23:50:00'),
	('90200253-f9ef-405f-9fba-7cd5b4a86625', 'App\\Notifications\\PpmWorkflowNotification', 'App\\Models\\User', 4, '{"type":"lot_date_set","die_id":62,"part_number":"71188-I6000","part_name":"REINF FR PILLAR OTR UPR,RH","customer":"HMMI","actor":"sakti","event":"lot_date_set","message":"\\ud83d\\udcc5 PPIC set Last LOT Date for 71188-I6000 (REINF FR PILLAR OTR UPR,RH) \\u2014 Date: 2026-03-04 by sakti","icon":"fa-calendar-check","color":"purple"}', NULL, '2026-03-03 23:07:05', '2026-03-03 23:07:05'),
	('914853fd-5ba8-4e75-a0fc-00ed2eb9dfe1', 'App\\Notifications\\PpmWorkflowNotification', 'App\\Models\\User', 4, '{"type":"transferred_to_mtn","die_id":55,"part_number":"5253AH62","part_name":"SILL F\\/FLR SIDE INR,RH","customer":"ATS","actor":"Indriani","event":"transferred_to_mtn","message":"\\ud83d\\ude9a Dies transferred to MTN Dies: 5253AH62 (SILL F\\/FLR SIDE INR,RH) by Indriani","icon":"fa-truck","color":"orange"}', NULL, '2026-03-10 01:03:26', '2026-03-10 01:03:26'),
	('92d2496c-b72c-4cce-937d-97df5cad1cd1', 'App\\Notifications\\CriticalDieAlert', 'App\\Models\\User', 5, '{"type":"orange_alert","die_id":11,"part_number":"5253AH61","part_name":"SILL F\\/FLR SIDE INR LH","customer":"ATS","status":"orange","accumulation_stroke":4800,"standard_stroke":6000,"stroke_percentage":80,"message":"\\ud83d\\udfe0 WARNING: 5253AH61 approaching PPM limit (80%)","icon":"fa-exclamation-triangle","color":"orange"}', '2026-02-22 23:37:44', '2026-02-22 23:31:32', '2026-02-22 23:37:44'),
	('93287bd1-e0de-43a6-8ba7-2909ec5b0bfc', 'App\\Notifications\\PpmCompleted', 'App\\Models\\User', 7, '{"type":"ppm_completed","die_id":55,"part_number":"5253AH62","part_name":"SILL F\\/FLR SIDE INR,RH","customer":"ATS","ppm_date":"10 Mar 2026","pic":"Rydha Ramlan","maintenance_type":"routine","stroke_at_ppm":5000,"message":"\\u2705 PPM completed for 5253AH62 (SILL F\\/FLR SIDE INR,RH) by Rydha Ramlan","icon":"fa-check-circle","color":"green"}', NULL, '2026-03-10 01:22:08', '2026-03-10 01:22:08'),
	('940115a9-265d-48fc-b1be-5daf6a9031f0', 'App\\Notifications\\CriticalDieAlert', 'App\\Models\\User', 1, '{"type":"red_alert","die_id":1,"part_number":"71142-I6000","part_name":"REINF-FR PILLAR OTR LWR,RH","customer":"HMMI","status":"red","accumulation_stroke":7500,"standard_stroke":6000,"stroke_percentage":125,"message":"\\ud83d\\udd34 CRITICAL: 71142-I6000 exceeded stroke limit (125%)","icon":"fa-exclamation-circle","color":"red"}', '2026-02-23 20:17:17', '2026-02-22 23:31:33', '2026-02-23 20:17:17'),
	('951a9fa9-7b06-4b23-8e78-4eccf9bfb3be', 'App\\Notifications\\CriticalDieAlert', 'App\\Models\\User', 4, '{"type":"orange_alert","die_id":14,"part_number":"60842TG1T00050HM","part_name":"BRKT, BPR BEAM EXTN OUT","customer":"UPIN","status":"orange","accumulation_stroke":8500,"standard_stroke":10000,"stroke_percentage":85,"message":"\\ud83d\\udfe0 WARNING: 60842TG1T00050HM approaching PPM limit (85%)","icon":"fa-exclamation-triangle","color":"orange"}', NULL, '2026-02-22 23:29:05', '2026-02-22 23:29:05'),
	('963f0e21-7cb4-488f-85a1-4f79af933c3f', 'App\\Notifications\\PpmWorkflowNotification', 'App\\Models\\User', 2, '{"type":"ppm_in_progress","die_id":55,"part_number":"5253AH62","part_name":"SILL F\\/FLR SIDE INR,RH","customer":"ATS","actor":"Rydha Ramlan Gunawan","event":"ppm_in_progress","message":"\\u2699\\ufe0f PPM Processing started for 5253AH62 (SILL F\\/FLR SIDE INR,RH) by Rydha Ramlan Gunawan","icon":"fa-cogs","color":"blue"}', NULL, '2026-03-10 01:04:36', '2026-03-10 01:04:36'),
	('97b73087-66a6-497c-b2fc-0648d8477b9a', 'App\\Notifications\\CriticalDieAlert', 'App\\Models\\User', 6, '{"type":"red_alert","die_id":10,"part_number":"5253AT11\\/AT12","part_name":"REINF F\\/FLR SIDE SILL INR LH","customer":"ATS","status":"red","accumulation_stroke":9200,"standard_stroke":6000,"stroke_percentage":153.3,"message":"\\ud83d\\udd34 CRITICAL: 5253AT11\\/AT12 exceeded stroke limit (153.3%)","icon":"fa-exclamation-circle","color":"red"}', '2026-03-03 23:50:00', '2026-02-24 21:12:21', '2026-03-03 23:50:00'),
	('989ff3a8-f922-4b32-9b24-d5e8de1c0d91', 'App\\Notifications\\PpmWorkflowNotification', 'App\\Models\\User', 7, '{"type":"ppm_scheduled","die_id":55,"part_number":"5253AH62","part_name":"SILL F\\/FLR SIDE INR,RH","customer":"ATS","actor":"Rydha Ramlan Gunawan","event":"ppm_scheduled","message":"\\ud83d\\uddd3\\ufe0f MTN Dies created PPM Schedule for 5253AH62 (SILL F\\/FLR SIDE INR,RH) \\u2014 2026-03-10 by Rydha Ramlan Gunawan","icon":"fa-calendar-alt","color":"blue"}', NULL, '2026-03-10 00:30:51', '2026-03-10 00:30:51'),
	('98b8ac5d-1393-4124-9012-f373c2e7548d', 'App\\Notifications\\PpmWorkflowNotification', 'App\\Models\\User', 2, '{"type":"schedule_approved","die_id":55,"part_number":"5253AH62","part_name":"SILL F\\/FLR SIDE INR,RH","customer":"ATS","actor":"Sakti","event":"schedule_approved","message":"\\u2705 PPIC approved PPM Schedule for 5253AH62 (SILL F\\/FLR SIDE INR,RH) by Sakti","icon":"fa-check-double","color":"cyan"}', NULL, '2026-03-10 00:32:10', '2026-03-10 00:32:10'),
	('99998613-1319-4312-af4f-9d1c1329f727', 'App\\Notifications\\CriticalDieAlert', 'App\\Models\\User', 5, '{"type":"orange_alert","die_id":11,"part_number":"5253AH61","part_name":"SILL F\\/FLR SIDE INR LH","customer":"ATS","status":"orange","accumulation_stroke":4800,"standard_stroke":6000,"stroke_percentage":80,"message":"\\ud83d\\udfe0 WARNING: 5253AH61 approaching PPM limit (80%)","icon":"fa-exclamation-triangle","color":"orange"}', '2026-02-22 23:37:44', '2026-02-22 23:29:04', '2026-02-22 23:37:44'),
	('99d4f24f-0f56-4959-980f-6749e3f431f7', 'App\\Notifications\\CriticalDieAlert', 'App\\Models\\User', 5, '{"type":"orange_alert","die_id":13,"part_number":"60415-TSEY-X000-H1","part_name":"STIFF R, BHD SIDE MBR","customer":"UPIN","status":"orange","accumulation_stroke":8000,"standard_stroke":10000,"stroke_percentage":80,"message":"\\ud83d\\udfe0 WARNING: 60415-TSEY-X000-H1 approaching PPM limit (80%)","icon":"fa-exclamation-triangle","color":"orange"}', '2026-02-22 23:37:44', '2026-02-22 23:31:32', '2026-02-22 23:37:44'),
	('9abad565-5eb8-48bc-b3e8-6797eafb613d', 'App\\Notifications\\PpmWorkflowNotification', 'App\\Models\\User', 2, '{"type":"transferred_to_mtn","die_id":55,"part_number":"5253AH62","part_name":"SILL F\\/FLR SIDE INR,RH","customer":"ATS","actor":"Indriani","event":"transferred_to_mtn","message":"\\ud83d\\ude9a Dies transferred to MTN Dies: 5253AH62 (SILL F\\/FLR SIDE INR,RH) by Indriani","icon":"fa-truck","color":"orange"}', NULL, '2026-03-10 01:03:26', '2026-03-10 01:03:26'),
	('9d0afaf2-0b8d-4903-89b7-720ee86ae0bd', 'App\\Notifications\\CriticalDieAlert', 'App\\Models\\User', 8, '{"type":"orange_alert","die_id":55,"part_number":"5253AH62","part_name":"SILL F\\/FLR SIDE INR,RH","customer":"ATS","status":"orange","accumulation_stroke":4400,"standard_stroke":5000,"stroke_percentage":88,"message":"\\ud83d\\udfe0 WARNING: 5253AH62 (SILL F\\/FLR SIDE INR,RH) approaching PPM limit (88%)","icon":"fa-exclamation-triangle","color":"orange"}', NULL, '2026-03-09 21:25:23', '2026-03-09 21:25:23'),
	('9ddc1c64-3a02-42aa-9036-019a3f49bc0b', 'App\\Notifications\\PpmWorkflowNotification', 'App\\Models\\User', 1, '{"type":"schedule_approved","die_id":55,"part_number":"5253AH62","part_name":"SILL F\\/FLR SIDE INR,RH","customer":"ATS","actor":"Sakti","event":"schedule_approved","message":"\\u2705 PPIC approved PPM Schedule for 5253AH62 (SILL F\\/FLR SIDE INR,RH) by Sakti","icon":"fa-check-double","color":"cyan"}', '2026-03-10 01:41:24', '2026-03-10 00:32:10', '2026-03-10 01:41:24'),
	('9fa7b693-be01-4639-a3b5-216b313ddf7c', 'App\\Notifications\\CriticalDieAlert', 'App\\Models\\User', 4, '{"type":"red_alert","die_id":9,"part_number":"5240B908\\/909","part_name":"BRACE DASH SIDE RH","customer":"ATS","status":"red","accumulation_stroke":6800,"standard_stroke":6000,"stroke_percentage":113.3,"message":"\\ud83d\\udd34 CRITICAL: 5240B908\\/909 (BRACE DASH SIDE RH) exceeded stroke limit (113.3%)","icon":"fa-exclamation-circle","color":"red"}', NULL, '2026-03-02 01:43:46', '2026-03-02 01:43:46'),
	('a0b45338-064e-4d6f-b127-4b9d6b095265', 'App\\Notifications\\CriticalDieAlert', 'App\\Models\\User', 1, '{"type":"orange_alert","die_id":14,"part_number":"60842TG1T00050HM","part_name":"BRKT, BPR BEAM EXTN OUT","customer":"UPIN","status":"orange","accumulation_stroke":8500,"standard_stroke":10000,"stroke_percentage":85,"message":"\\ud83d\\udfe0 WARNING: 60842TG1T00050HM approaching PPM limit (85%)","icon":"fa-exclamation-triangle","color":"orange"}', '2026-02-23 20:17:17', '2026-02-22 23:29:05', '2026-02-23 20:17:17'),
	('a0b94506-e691-4a1f-8cfd-1298e8b3a269', 'App\\Notifications\\PpmWorkflowNotification', 'App\\Models\\User', 4, '{"type":"lot_date_set","die_id":6,"part_number":"71176-I6000","part_name":"BRKT FR PILLAR OTR,LH\\/RH","customer":"HMMI","actor":"sakti","event":"lot_date_set","message":"\\ud83d\\udcc5 PPIC set Last LOT Date for 71176-I6000 (BRKT FR PILLAR OTR,LH\\/RH) \\u2014 Date: 2026-03-05 by sakti","icon":"fa-calendar-check","color":"purple"}', NULL, '2026-03-01 21:38:32', '2026-03-01 21:38:32'),
	('a0c1175a-b99c-4f22-9db2-990c636c1f09', 'App\\Notifications\\PpmWorkflowNotification', 'App\\Models\\User', 2, '{"type":"ppm_in_progress","die_id":6,"part_number":"71176-I6000","part_name":"BRKT FR PILLAR OTR,LH\\/RH","customer":"HMMI","actor":"Rydha Ramlan Gunawan","event":"ppm_in_progress","message":"\\u2699\\ufe0f PPM Processing started for 71176-I6000 (BRKT FR PILLAR OTR,LH\\/RH) by Rydha Ramlan Gunawan","icon":"fa-cogs","color":"blue"}', '2026-03-01 22:54:47', '2026-03-01 22:00:13', '2026-03-01 22:54:47'),
	('a0d397bf-7fbd-4d4b-9908-7904abaab3fa', 'App\\Notifications\\PpmWorkflowNotification', 'App\\Models\\User', 2, '{"type":"lot_date_set","die_id":6,"part_number":"71176-I6000","part_name":"BRKT FR PILLAR OTR,LH\\/RH","customer":"HMMI","actor":"sakti","event":"lot_date_set","message":"\\ud83d\\udcc5 PPIC set Last LOT Date for 71176-I6000 (BRKT FR PILLAR OTR,LH\\/RH) \\u2014 Date: 2026-03-03 by sakti","icon":"fa-calendar-check","color":"purple"}', '2026-03-01 22:54:47', '2026-03-01 21:35:47', '2026-03-01 22:54:47'),
	('a23da126-3cad-43d6-af1d-1c0810c94fb9', 'App\\Notifications\\PpmWorkflowNotification', 'App\\Models\\User', 5, '{"type":"transferred_back","die_id":55,"part_number":"5253AH62","part_name":"SILL F\\/FLR SIDE INR,RH","customer":"ATS","actor":"Rydha Ramlan Gunawan","event":"transferred_back","message":"\\ud83c\\udfed Dies transferred back to Production: 5253AH62 (SILL F\\/FLR SIDE INR,RH) by Rydha Ramlan Gunawan","icon":"fa-industry","color":"green"}', NULL, '2026-03-10 01:22:09', '2026-03-10 01:22:09'),
	('a4481998-2345-4ae9-92cb-2be28c29a9d1', 'App\\Notifications\\CriticalDieAlert', 'App\\Models\\User', 2, '{"type":"red_alert","die_id":55,"part_number":"5253AH62","part_name":"SILL F\\/FLR SIDE INR,RH","customer":"ATS","status":"red","accumulation_stroke":5000,"standard_stroke":5000,"stroke_percentage":100,"message":"\\ud83d\\udd34 CRITICAL: 5253AH62 (SILL F\\/FLR SIDE INR,RH) exceeded stroke limit (100%)","icon":"fa-exclamation-circle","color":"red"}', NULL, '2026-03-10 00:39:52', '2026-03-10 00:39:52'),
	('a569e089-fcb3-4348-82f1-612efe800e8c', 'App\\Notifications\\PpmWorkflowNotification', 'App\\Models\\User', 1, '{"type":"ppm_scheduled","die_id":56,"part_number":"5253AH61","part_name":"SILL F\\/FLR SIDE INR,LH","customer":"ATS","actor":"Rydha Ramlan Gunawan","event":"ppm_scheduled","message":"\\ud83d\\uddd3\\ufe0f MTN Dies created PPM Schedule for 5253AH61 (SILL F\\/FLR SIDE INR,LH) \\u2014 2026-03-12 by Rydha Ramlan Gunawan","icon":"fa-calendar-alt","color":"blue"}', '2026-03-09 23:21:09', '2026-03-09 23:15:53', '2026-03-09 23:21:09'),
	('a6531f2c-9487-4f7b-85b4-aca88a587b0c', 'App\\Notifications\\PpmWorkflowNotification', 'App\\Models\\User', 1, '{"type":"lot_date_set","die_id":55,"part_number":"5253AH62","part_name":"SILL F\\/FLR SIDE INR,RH","customer":"ATS","actor":"Sakti","event":"lot_date_set","message":"\\ud83d\\udcc5 PPIC set Last LOT Date for 5253AH62 (SILL F\\/FLR SIDE INR,RH) \\u2014 Date: 2026-03-10 by Sakti","icon":"fa-calendar-check","color":"purple"}', '2026-03-09 23:21:09', '2026-03-09 21:30:44', '2026-03-09 23:21:09'),
	('a7d894a2-0785-48da-87ea-0f96a6333652', 'App\\Notifications\\PpmWorkflowNotification', 'App\\Models\\User', 2, '{"type":"schedule_approved","die_id":9,"part_number":"5240B908\\/909","part_name":"BRACE DASH SIDE RH","customer":"ATS","actor":"sakti","event":"schedule_approved","message":"\\u2705 PPIC approved PPM Schedule for 5240B908\\/909 (BRACE DASH SIDE RH) by sakti","icon":"fa-check-double","color":"cyan"}', '2026-03-03 23:07:25', '2026-03-02 01:55:59', '2026-03-03 23:07:25'),
	('a8246676-844f-4c68-a0e6-9f57abb7590e', 'App\\Notifications\\CriticalDieAlert', 'App\\Models\\User', 1, '{"type":"orange_alert","die_id":15,"part_number":"60843-TSEY-X100-H1","part_name":"BRKT R, FR BPR EXTN","customer":"UPIN","status":"orange","accumulation_stroke":9800,"standard_stroke":10000,"stroke_percentage":98,"message":"\\ud83d\\udfe0 WARNING: 60843-TSEY-X100-H1 approaching PPM limit (98%)","icon":"fa-exclamation-triangle","color":"orange"}', '2026-02-23 20:17:17', '2026-02-22 23:29:05', '2026-02-23 20:17:17'),
	('a832455c-feac-43fb-aba5-4ad4d71d27a6', 'App\\Notifications\\PpmWorkflowNotification', 'App\\Models\\User', 6, '{"type":"lot_date_set","die_id":6,"part_number":"71176-I6000","part_name":"BRKT FR PILLAR OTR,LH\\/RH","customer":"HMMI","actor":"sakti","event":"lot_date_set","message":"\\ud83d\\udcc5 PPIC set Last LOT Date for 71176-I6000 (BRKT FR PILLAR OTR,LH\\/RH) \\u2014 Date: 2026-03-05 by sakti","icon":"fa-calendar-check","color":"purple"}', '2026-03-03 23:50:00', '2026-03-01 21:38:32', '2026-03-03 23:50:00'),
	('a9a1b9ae-7c31-4d70-bb5c-2ddcfee6252d', 'App\\Notifications\\PpmWorkflowNotification', 'App\\Models\\User', 1, '{"type":"ppm_in_progress","die_id":55,"part_number":"5253AH62","part_name":"SILL F\\/FLR SIDE INR,RH","customer":"ATS","actor":"Rydha Ramlan Gunawan","event":"ppm_in_progress","message":"\\u2699\\ufe0f PPM Processing started for 5253AH62 (SILL F\\/FLR SIDE INR,RH) by Rydha Ramlan Gunawan","icon":"fa-cogs","color":"blue"}', '2026-03-10 01:41:24', '2026-03-10 01:04:36', '2026-03-10 01:41:24'),
	('aab4255e-5511-417b-aa25-39cf70427251', 'App\\Notifications\\CriticalDieAlert', 'App\\Models\\User', 1, '{"type":"orange_alert","die_id":15,"part_number":"60843-TSEY-X100-H1","part_name":"BRKT R, FR BPR EXTN","customer":"UPIN","status":"orange","accumulation_stroke":9800,"standard_stroke":10000,"stroke_percentage":98,"message":"\\ud83d\\udfe0 WARNING: 60843-TSEY-X100-H1 approaching PPM limit (98%)","icon":"fa-exclamation-triangle","color":"orange"}', '2026-02-23 20:17:17', '2026-02-22 23:31:33', '2026-02-23 20:17:17'),
	('ac6e7a41-be17-4665-8d2b-d14e778bbf42', 'App\\Notifications\\CriticalDieAlert', 'App\\Models\\User', 7, '{"type":"red_alert","die_id":55,"part_number":"5253AH62","part_name":"SILL F\\/FLR SIDE INR,RH","customer":"ATS","status":"red","accumulation_stroke":5000,"standard_stroke":5000,"stroke_percentage":100,"message":"\\ud83d\\udd34 CRITICAL: 5253AH62 (SILL F\\/FLR SIDE INR,RH) exceeded stroke limit (100%)","icon":"fa-exclamation-circle","color":"red"}', NULL, '2026-03-10 00:39:52', '2026-03-10 00:39:52'),
	('acee32f6-2a59-4b90-a445-6727fab69ad6', 'App\\Notifications\\CriticalDieAlert', 'App\\Models\\User', 1, '{"type":"orange_alert","die_id":5,"part_number":"63111-I6900","part_name":"PNL CTR FLOOR SIDE LOWER,LH","customer":"HMMI","status":"orange","accumulation_stroke":4240,"standard_stroke":6000,"stroke_percentage":70.7,"message":"\\ud83d\\udfe0 WARNING: 63111-I6900 approaching PPM limit (70.7%)","icon":"fa-exclamation-triangle","color":"orange"}', '2026-02-23 20:17:17', '2026-02-22 23:31:32', '2026-02-23 20:17:17'),
	('ad629342-8043-4271-b500-633eddc878b1', 'App\\Notifications\\CriticalDieAlert', 'App\\Models\\User', 6, '{"type":"red_alert","die_id":6,"part_number":"71176-I6000","part_name":"BRKT FR PILLAR OTR,LH\\/RH","customer":"HMMI","status":"red","accumulation_stroke":6689,"standard_stroke":6000,"stroke_percentage":111.5,"message":"\\ud83d\\udd34 CRITICAL: 71176-I6000 (BRKT FR PILLAR OTR,LH\\/RH) exceeded stroke limit (111.5%)","icon":"fa-exclamation-circle","color":"red"}', '2026-03-03 23:50:00', '2026-03-01 21:30:25', '2026-03-03 23:50:00'),
	('adec02c1-cb00-4b81-8e92-2cdfa526ea71', 'App\\Notifications\\CriticalDieAlert', 'App\\Models\\User', 1, '{"type":"orange_alert","die_id":5,"part_number":"63111-I6900","part_name":"PNL CTR FLOOR SIDE LOWER,LH","customer":"HMMI","status":"orange","accumulation_stroke":4240,"standard_stroke":6000,"stroke_percentage":70.7,"message":"\\ud83d\\udfe0 WARNING: 63111-I6900 approaching PPM limit (70.7%)","icon":"fa-exclamation-triangle","color":"orange"}', '2026-02-23 20:17:17', '2026-02-22 23:29:04', '2026-02-23 20:17:17'),
	('adf2715e-1148-41f2-be50-42957346a610', 'App\\Notifications\\PpmWorkflowNotification', 'App\\Models\\User', 6, '{"type":"lot_date_set","die_id":62,"part_number":"71188-I6000","part_name":"REINF FR PILLAR OTR UPR,RH","customer":"HMMI","actor":"sakti","event":"lot_date_set","message":"\\ud83d\\udcc5 PPIC set Last LOT Date for 71188-I6000 (REINF FR PILLAR OTR UPR,RH) \\u2014 Date: 2026-03-04 by sakti","icon":"fa-calendar-check","color":"purple"}', '2026-03-03 23:50:00', '2026-03-03 23:07:05', '2026-03-03 23:50:00'),
	('ae21600f-56f8-4018-b731-70b4470db02b', 'App\\Notifications\\PpmWorkflowNotification', 'App\\Models\\User', 1, '{"type":"lot_date_set","die_id":9,"part_number":"5240B908\\/909","part_name":"BRACE DASH SIDE RH","customer":"ATS","actor":"sakti","event":"lot_date_set","message":"\\ud83d\\udcc5 PPIC set Last LOT Date for 5240B908\\/909 (BRACE DASH SIDE RH) \\u2014 Date: 2026-03-05 by sakti","icon":"fa-calendar-check","color":"purple"}', '2026-03-02 20:33:48', '2026-03-02 01:46:03', '2026-03-02 20:33:48'),
	('aef19449-24c5-4e51-9a14-b1d318e00a9c', 'App\\Notifications\\CriticalDieAlert', 'App\\Models\\User', 4, '{"type":"red_alert","die_id":2,"part_number":"71132-I6000","part_name":"REINF-FR PILLAR OTR LWR,LH","customer":"HMMI","status":"red","accumulation_stroke":6200,"standard_stroke":6000,"stroke_percentage":103.3,"message":"\\ud83d\\udd34 CRITICAL: 71132-I6000 exceeded stroke limit (103.3%)","icon":"fa-exclamation-circle","color":"red"}', NULL, '2026-02-22 23:31:33', '2026-02-22 23:31:33'),
	('aefdbe42-92c8-4e6d-a203-0522218b8624', 'App\\Notifications\\CriticalDieAlert', 'App\\Models\\User', 6, '{"type":"orange_alert","die_id":26,"part_number":"test","part_name":"test2","customer":"ATS","status":"orange","accumulation_stroke":0,"standard_stroke":33,"stroke_percentage":0,"message":"\\ud83d\\udfe0 WARNING: test approaching PPM limit (0%)","icon":"fa-exclamation-triangle","color":"orange"}', '2026-03-03 23:50:00', '2026-02-22 23:29:05', '2026-03-03 23:50:00'),
	('b05e52fd-b70d-4b80-bd28-a407ff7f8cc0', 'App\\Notifications\\PpmWorkflowNotification', 'App\\Models\\User', 2, '{"type":"lot_date_set","die_id":6,"part_number":"71176-I6000","part_name":"BRKT FR PILLAR OTR,LH\\/RH","customer":"HMMI","actor":"sakti","event":"lot_date_set","message":"\\ud83d\\udcc5 PPIC set Last LOT Date for 71176-I6000 (BRKT FR PILLAR OTR,LH\\/RH) \\u2014 Date: 2026-03-05 by sakti","icon":"fa-calendar-check","color":"purple"}', '2026-03-01 21:39:05', '2026-03-01 21:38:32', '2026-03-01 21:39:05'),
	('b0876d3e-7ce6-4a52-9ee8-3317352ed373', 'App\\Notifications\\CriticalDieAlert', 'App\\Models\\User', 2, '{"type":"red_alert","die_id":10,"part_number":"5253AT11\\/AT12","part_name":"REINF F\\/FLR SIDE SILL INR LH","customer":"ATS","status":"red","accumulation_stroke":9200,"standard_stroke":6000,"stroke_percentage":153.3,"message":"\\ud83d\\udd34 CRITICAL: 5253AT11\\/AT12 exceeded stroke limit (153.3%)","icon":"fa-exclamation-circle","color":"red"}', '2026-02-24 21:27:52', '2026-02-24 21:12:21', '2026-02-24 21:27:52'),
	('b132db8e-93d4-4217-8079-c2fc0759c2ac', 'App\\Notifications\\PpmWorkflowNotification', 'App\\Models\\User', 1, '{"type":"lot_date_set","die_id":56,"part_number":"5253AH61","part_name":"SILL F\\/FLR SIDE INR,LH","customer":"ATS","actor":"Sakti","event":"lot_date_set","message":"\\ud83d\\udcc5 PPIC set Last LOT Date for 5253AH61 (SILL F\\/FLR SIDE INR,LH) \\u2014 Date: 2026-03-12 by Sakti","icon":"fa-calendar-check","color":"purple"}', '2026-03-09 23:21:09', '2026-03-09 21:40:14', '2026-03-09 23:21:09'),
	('b1a7bc53-d253-4c99-b839-579c440b51da', 'App\\Notifications\\CriticalDieAlert', 'App\\Models\\User', 6, '{"type":"red_alert","die_id":14,"part_number":"60842TG1T00050HM","part_name":"BRKT, BPR BEAM EXTN OUT","customer":"UPIN","status":"red","accumulation_stroke":16500,"standard_stroke":10000,"stroke_percentage":165,"message":"\\ud83d\\udd34 CRITICAL: 60842TG1T00050HM exceeded stroke limit (165%)","icon":"fa-exclamation-circle","color":"red"}', '2026-03-03 23:50:00', '2026-02-24 21:10:43', '2026-03-03 23:50:00'),
	('b2763ff5-ce9c-4858-b116-0ab87717630c', 'App\\Notifications\\PpmWorkflowNotification', 'App\\Models\\User', 5, '{"type":"lot_date_set","die_id":6,"part_number":"71176-I6000","part_name":"BRKT FR PILLAR OTR,LH\\/RH","customer":"HMMI","actor":"sakti","event":"lot_date_set","message":"\\ud83d\\udcc5 PPIC set Last LOT Date for 71176-I6000 (BRKT FR PILLAR OTR,LH\\/RH) \\u2014 Date: 2026-03-03 by sakti","icon":"fa-calendar-check","color":"purple"}', '2026-03-01 21:37:49', '2026-03-01 21:35:47', '2026-03-01 21:37:49'),
	('b29d346d-b161-48ba-b883-9d7bd5d3b894', 'App\\Notifications\\CriticalDieAlert', 'App\\Models\\User', 2, '{"type":"orange_alert","die_id":15,"part_number":"60843-TSEY-X100-H1","part_name":"BRKT R, FR BPR EXTN","customer":"UPIN","status":"orange","accumulation_stroke":9800,"standard_stroke":10000,"stroke_percentage":98,"message":"\\ud83d\\udfe0 WARNING: 60843-TSEY-X100-H1 approaching PPM limit (98%)","icon":"fa-exclamation-triangle","color":"orange"}', '2026-02-24 21:29:59', '2026-02-22 23:29:05', '2026-02-24 21:29:59'),
	('b2f06f57-1e53-4928-ab77-33286cc95768', 'App\\Notifications\\CriticalDieAlert', 'App\\Models\\User', 1, '{"type":"orange_alert","die_id":4,"part_number":"65112-I6000","part_name":"PNL CTR FLOOR SIDE,LH","customer":"HMMI","status":"orange","accumulation_stroke":5340,"standard_stroke":6000,"stroke_percentage":89,"message":"\\ud83d\\udfe0 WARNING: 65112-I6000 approaching PPM limit (89%)","icon":"fa-exclamation-triangle","color":"orange"}', '2026-02-23 20:17:17', '2026-02-22 23:29:04', '2026-02-23 20:17:17'),
	('b31e3e42-49bb-40fd-a665-cf8f7ac3179a', 'App\\Notifications\\CriticalDieAlert', 'App\\Models\\User', 4, '{"type":"orange_alert","die_id":56,"part_number":"5253AH61","part_name":"SILL F\\/FLR SIDE INR,LH","customer":"ATS","status":"orange","accumulation_stroke":4400,"standard_stroke":5000,"stroke_percentage":88,"message":"\\ud83d\\udfe0 WARNING: 5253AH61 (SILL F\\/FLR SIDE INR,LH) approaching PPM limit (88%)","icon":"fa-exclamation-triangle","color":"orange"}', NULL, '2026-03-09 20:58:32', '2026-03-09 20:58:32'),
	('b439a3b4-a2f8-478d-b555-8a792ee9283c', 'App\\Notifications\\CriticalDieAlert', 'App\\Models\\User', 6, '{"type":"orange_alert","die_id":11,"part_number":"5253AH61","part_name":"SILL F\\/FLR SIDE INR LH","customer":"ATS","status":"orange","accumulation_stroke":4800,"standard_stroke":6000,"stroke_percentage":80,"message":"\\ud83d\\udfe0 WARNING: 5253AH61 approaching PPM limit (80%)","icon":"fa-exclamation-triangle","color":"orange"}', '2026-03-03 23:50:00', '2026-02-22 23:29:04', '2026-03-03 23:50:00'),
	('b4922166-3ffd-41cd-9e80-8d5134c66ba8', 'App\\Notifications\\CriticalDieAlert', 'App\\Models\\User', 5, '{"type":"red_alert","die_id":14,"part_number":"60842TG1T00050HM","part_name":"BRKT, BPR BEAM EXTN OUT","customer":"UPIN","status":"red","accumulation_stroke":16500,"standard_stroke":10000,"stroke_percentage":165,"message":"\\ud83d\\udd34 CRITICAL: 60842TG1T00050HM exceeded stroke limit (165%)","icon":"fa-exclamation-circle","color":"red"}', '2026-02-24 21:31:22', '2026-02-24 21:10:43', '2026-02-24 21:31:22'),
	('b51293ee-fb5d-4a44-9d97-70e122effdfc', 'App\\Notifications\\CriticalDieAlert', 'App\\Models\\User', 4, '{"type":"orange_alert","die_id":13,"part_number":"60415-TSEY-X000-H1","part_name":"STIFF R, BHD SIDE MBR","customer":"UPIN","status":"orange","accumulation_stroke":8000,"standard_stroke":10000,"stroke_percentage":80,"message":"\\ud83d\\udfe0 WARNING: 60415-TSEY-X000-H1 approaching PPM limit (80%)","icon":"fa-exclamation-triangle","color":"orange"}', NULL, '2026-02-22 23:29:05', '2026-02-22 23:29:05'),
	('b8dcabf5-eddf-4404-bf74-e2d2db78102a', 'App\\Notifications\\PpmWorkflowNotification', 'App\\Models\\User', 8, '{"type":"transferred_to_mtn","die_id":55,"part_number":"5253AH62","part_name":"SILL F\\/FLR SIDE INR,RH","customer":"ATS","actor":"Indriani","event":"transferred_to_mtn","message":"\\ud83d\\ude9a Dies transferred to MTN Dies: 5253AH62 (SILL F\\/FLR SIDE INR,RH) by Indriani","icon":"fa-truck","color":"orange"}', NULL, '2026-03-10 01:03:26', '2026-03-10 01:03:26'),
	('b9278680-1b30-4606-80d3-38ff85cdc4b8', 'App\\Notifications\\PpmWorkflowNotification', 'App\\Models\\User', 1, '{"type":"ppm_in_progress","die_id":6,"part_number":"71176-I6000","part_name":"BRKT FR PILLAR OTR,LH\\/RH","customer":"HMMI","actor":"Rydha Ramlan Gunawan","event":"ppm_in_progress","message":"\\u2699\\ufe0f PPM Processing started for 71176-I6000 (BRKT FR PILLAR OTR,LH\\/RH) by Rydha Ramlan Gunawan","icon":"fa-cogs","color":"blue"}', '2026-03-02 20:33:48', '2026-03-01 22:00:13', '2026-03-02 20:33:48'),
	('b92ceb93-4e8a-4b7a-838d-1121ce0ba513', 'App\\Notifications\\CriticalDieAlert', 'App\\Models\\User', 4, '{"type":"orange_alert","die_id":13,"part_number":"60415-TSEY-X000-H1","part_name":"STIFF R, BHD SIDE MBR","customer":"UPIN","status":"orange","accumulation_stroke":8000,"standard_stroke":10000,"stroke_percentage":80,"message":"\\ud83d\\udfe0 WARNING: 60415-TSEY-X000-H1 approaching PPM limit (80%)","icon":"fa-exclamation-triangle","color":"orange"}', NULL, '2026-02-22 23:31:32', '2026-02-22 23:31:32'),
	('b9eed431-8000-48bc-9911-cfbc2060fe51', 'App\\Notifications\\CriticalDieAlert', 'App\\Models\\User', 5, '{"type":"red_alert","die_id":1,"part_number":"71142-I6000","part_name":"REINF-FR PILLAR OTR LWR,RH","customer":"HMMI","status":"red","accumulation_stroke":7500,"standard_stroke":6000,"stroke_percentage":125,"message":"\\ud83d\\udd34 CRITICAL: 71142-I6000 exceeded stroke limit (125%)","icon":"fa-exclamation-circle","color":"red"}', '2026-02-22 23:37:44', '2026-02-22 23:31:33', '2026-02-22 23:37:44'),
	('ba1234e0-0b4e-47c6-91c9-ae2e1cacec11', 'App\\Notifications\\PpmWorkflowNotification', 'App\\Models\\User', 6, '{"type":"schedule_approved","die_id":6,"part_number":"71176-I6000","part_name":"BRKT FR PILLAR OTR,LH\\/RH","customer":"HMMI","actor":"sakti","event":"schedule_approved","message":"\\u2705 PPIC approved PPM Schedule for 71176-I6000 (BRKT FR PILLAR OTR,LH\\/RH) by sakti","icon":"fa-check-double","color":"cyan"}', '2026-03-03 23:50:00', '2026-03-01 21:46:43', '2026-03-03 23:50:00'),
	('bb2d4ec1-0393-4888-a8fb-7eb002d7e2bf', 'App\\Notifications\\CriticalDieAlert', 'App\\Models\\User', 5, '{"type":"orange_alert","die_id":56,"part_number":"5253AH61","part_name":"SILL F\\/FLR SIDE INR,LH","customer":"ATS","status":"orange","accumulation_stroke":4400,"standard_stroke":5000,"stroke_percentage":88,"message":"\\ud83d\\udfe0 WARNING: 5253AH61 (SILL F\\/FLR SIDE INR,LH) approaching PPM limit (88%)","icon":"fa-exclamation-triangle","color":"orange"}', '2026-03-09 21:33:05', '2026-03-09 20:58:32', '2026-03-09 21:33:05'),
	('bb697c3b-9d5d-4295-a5d6-f7494001a071', 'App\\Notifications\\PpmWorkflowNotification', 'App\\Models\\User', 1, '{"type":"ppm_in_progress","die_id":56,"part_number":"5253AH61","part_name":"SILL F\\/FLR SIDE INR,LH","customer":"ATS","actor":"Rydha Ramlan Gunawan","event":"ppm_in_progress","message":"\\u2699\\ufe0f PPM Processing started for 5253AH61 (SILL F\\/FLR SIDE INR,LH) by Rydha Ramlan Gunawan","icon":"fa-cogs","color":"blue"}', '2026-03-04 18:53:42', '2026-03-03 23:50:28', '2026-03-04 18:53:42'),
	('bcc727aa-49b7-47eb-bedb-50a1fb5ee2a4', 'App\\Notifications\\PpmCompleted', 'App\\Models\\User', 5, '{"type":"ppm_completed","die_id":6,"part_number":"71176-I6000","part_name":"BRKT FR PILLAR OTR,LH\\/RH","customer":"HMMI","ppm_date":"02 Mar 2026","pic":"rydha","maintenance_type":"routine","stroke_at_ppm":6000,"message":"\\u2705 PPM completed for 71176-I6000 (BRKT FR PILLAR OTR,LH\\/RH) by rydha","icon":"fa-check-circle","color":"green"}', '2026-03-03 22:36:13', '2026-03-01 22:02:44', '2026-03-03 22:36:13'),
	('be412613-d630-4ecb-9867-5cba647905a0', 'App\\Notifications\\CriticalDieAlert', 'App\\Models\\User', 4, '{"type":"red_alert","die_id":1,"part_number":"71142-I6000","part_name":"REINF-FR PILLAR OTR LWR,RH","customer":"HMMI","status":"red","accumulation_stroke":7500,"standard_stroke":6000,"stroke_percentage":125,"message":"\\ud83d\\udd34 CRITICAL: 71142-I6000 exceeded stroke limit (125%)","icon":"fa-exclamation-circle","color":"red"}', NULL, '2026-02-22 23:31:33', '2026-02-22 23:31:33'),
	('bf3af544-8374-4a4e-b1b1-ce02ad6eff3e', 'App\\Notifications\\PpmWorkflowNotification', 'App\\Models\\User', 4, '{"type":"transferred_back","die_id":55,"part_number":"5253AH62","part_name":"SILL F\\/FLR SIDE INR,RH","customer":"ATS","actor":"Rydha Ramlan Gunawan","event":"transferred_back","message":"\\ud83c\\udfed Dies transferred back to Production: 5253AH62 (SILL F\\/FLR SIDE INR,RH) by Rydha Ramlan Gunawan","icon":"fa-industry","color":"green"}', NULL, '2026-03-10 01:22:09', '2026-03-10 01:22:09'),
	('c11341df-13c4-42a2-a6d7-7614e33b0c21', 'App\\Notifications\\CriticalDieAlert', 'App\\Models\\User', 5, '{"type":"red_alert","die_id":3,"part_number":"65122-I6000","part_name":"PNL CTR FLOOR SIDE,RH","customer":"HMMI","status":"red","accumulation_stroke":6316,"standard_stroke":6000,"stroke_percentage":105.3,"message":"\\ud83d\\udd34 CRITICAL: 65122-I6000 exceeded stroke limit (105.3%)","icon":"fa-exclamation-circle","color":"red"}', '2026-02-22 23:37:37', '2026-02-22 23:31:34', '2026-02-22 23:37:37'),
	('c1c4df13-0130-45ad-b512-1f9908274fe2', 'App\\Notifications\\PpmWorkflowNotification', 'App\\Models\\User', 2, '{"type":"transferred_back","die_id":9,"part_number":"5240B908\\/909","part_name":"BRACE DASH SIDE RH","customer":"ATS","actor":"Administrator","event":"transferred_back","message":"\\ud83c\\udfed Dies transferred back to Production: 5240B908\\/909 (BRACE DASH SIDE RH) by Administrator","icon":"fa-industry","color":"green"}', '2026-03-03 23:07:25', '2026-03-02 20:34:06', '2026-03-03 23:07:25'),
	('c1f0ecb1-6acd-48ea-a73d-72b10ebcf01a', 'App\\Notifications\\PpmWorkflowNotification', 'App\\Models\\User', 7, '{"type":"transferred_back","die_id":55,"part_number":"5253AH62","part_name":"SILL F\\/FLR SIDE INR,RH","customer":"ATS","actor":"Rydha Ramlan Gunawan","event":"transferred_back","message":"\\ud83c\\udfed Dies transferred back to Production: 5253AH62 (SILL F\\/FLR SIDE INR,RH) by Rydha Ramlan Gunawan","icon":"fa-industry","color":"green"}', NULL, '2026-03-10 01:22:09', '2026-03-10 01:22:09'),
	('c48ddc67-b7cb-491e-8311-a720b31b7fcb', 'App\\Notifications\\PpmCompleted', 'App\\Models\\User', 8, '{"type":"ppm_completed","die_id":55,"part_number":"5253AH62","part_name":"SILL F\\/FLR SIDE INR,RH","customer":"ATS","ppm_date":"10 Mar 2026","pic":"Rydha Ramlan","maintenance_type":"routine","stroke_at_ppm":5000,"message":"\\u2705 PPM completed for 5253AH62 (SILL F\\/FLR SIDE INR,RH) by Rydha Ramlan","icon":"fa-check-circle","color":"green"}', NULL, '2026-03-10 01:22:08', '2026-03-10 01:22:08'),
	('c4ce2276-9646-405e-ab37-c9e7d1b2a48d', 'App\\Notifications\\CriticalDieAlert', 'App\\Models\\User', 2, '{"type":"red_alert","die_id":3,"part_number":"65122-I6000","part_name":"PNL CTR FLOOR SIDE,RH","customer":"HMMI","status":"red","accumulation_stroke":6316,"standard_stroke":6000,"stroke_percentage":105.3,"message":"\\ud83d\\udd34 CRITICAL: 65122-I6000 exceeded stroke limit (105.3%)","icon":"fa-exclamation-circle","color":"red"}', '2026-02-24 21:29:59', '2026-02-22 23:31:34', '2026-02-24 21:29:59'),
	('c4ceffc6-17e2-4683-8f40-55addf2511d8', 'App\\Notifications\\PpmWorkflowNotification', 'App\\Models\\User', 5, '{"type":"ppm_in_progress","die_id":56,"part_number":"5253AH61","part_name":"SILL F\\/FLR SIDE INR,LH","customer":"ATS","actor":"Rydha Ramlan Gunawan","event":"ppm_in_progress","message":"\\u2699\\ufe0f PPM Processing started for 5253AH61 (SILL F\\/FLR SIDE INR,LH) by Rydha Ramlan Gunawan","icon":"fa-cogs","color":"blue"}', '2026-03-08 19:36:02', '2026-03-03 23:50:28', '2026-03-08 19:36:02'),
	('c502b566-99d1-49fb-8d2e-0fb67c9619ea', 'App\\Notifications\\CriticalDieAlert', 'App\\Models\\User', 4, '{"type":"orange_alert","die_id":25,"part_number":"67412 W000P","part_name":"C\\/ MBR DASH","customer":"TMMIN","status":"orange","accumulation_stroke":3800,"standard_stroke":6000,"stroke_percentage":63.3,"message":"\\ud83d\\udfe0 WARNING: 67412 W000P approaching PPM limit (63.3%)","icon":"fa-exclamation-triangle","color":"orange"}', NULL, '2026-02-22 23:31:33', '2026-02-22 23:31:33'),
	('c6b8a251-34f1-40a2-8298-468438d5b19d', 'App\\Notifications\\CriticalDieAlert', 'App\\Models\\User', 1, '{"type":"red_alert","die_id":55,"part_number":"5253AH62","part_name":"SILL F\\/FLR SIDE INR,RH","customer":"ATS","status":"red","accumulation_stroke":5000,"standard_stroke":5000,"stroke_percentage":100,"message":"\\ud83d\\udd34 CRITICAL: 5253AH62 (SILL F\\/FLR SIDE INR,RH) exceeded stroke limit (100%)","icon":"fa-exclamation-circle","color":"red"}', '2026-03-10 01:41:24', '2026-03-10 00:39:52', '2026-03-10 01:41:24'),
	('c77c2640-5bbd-46ec-951c-1968b72ec075', 'App\\Notifications\\PpmWorkflowNotification', 'App\\Models\\User', 6, '{"type":"transferred_back","die_id":9,"part_number":"5240B908\\/909","part_name":"BRACE DASH SIDE RH","customer":"ATS","actor":"Administrator","event":"transferred_back","message":"\\ud83c\\udfed Dies transferred back to Production: 5240B908\\/909 (BRACE DASH SIDE RH) by Administrator","icon":"fa-industry","color":"green"}', '2026-03-03 23:50:00', '2026-03-02 20:34:06', '2026-03-03 23:50:00'),
	('c7d8cfa1-41a9-4fbb-8ae1-e80b2e09e8fb', 'App\\Notifications\\PpmWorkflowNotification', 'App\\Models\\User', 8, '{"type":"ppm_scheduled","die_id":56,"part_number":"5253AH61","part_name":"SILL F\\/FLR SIDE INR,LH","customer":"ATS","actor":"Rydha Ramlan Gunawan","event":"ppm_scheduled","message":"\\ud83d\\uddd3\\ufe0f MTN Dies created PPM Schedule for 5253AH61 (SILL F\\/FLR SIDE INR,LH) \\u2014 2026-03-12 by Rydha Ramlan Gunawan","icon":"fa-calendar-alt","color":"blue"}', NULL, '2026-03-09 23:15:54', '2026-03-09 23:15:54'),
	('c80ba903-7df5-4fac-aa57-bae1dda963ca', 'App\\Notifications\\PpmCompleted', 'App\\Models\\User', 9, '{"type":"ppm_completed","die_id":55,"part_number":"5253AH62","part_name":"SILL F\\/FLR SIDE INR,RH","customer":"ATS","ppm_date":"10 Mar 2026","pic":"Rydha Ramlan","maintenance_type":"routine","stroke_at_ppm":5000,"message":"\\u2705 PPM completed for 5253AH62 (SILL F\\/FLR SIDE INR,RH) by Rydha Ramlan","icon":"fa-check-circle","color":"green"}', NULL, '2026-03-10 01:22:08', '2026-03-10 01:22:08'),
	('c87b96b3-fb62-45ba-9448-9afe8d1c5c09', 'App\\Notifications\\CriticalDieAlert', 'App\\Models\\User', 4, '{"type":"orange_alert","die_id":15,"part_number":"60843-TSEY-X100-H1","part_name":"BRKT R, FR BPR EXTN","customer":"UPIN","status":"orange","accumulation_stroke":9800,"standard_stroke":10000,"stroke_percentage":98,"message":"\\ud83d\\udfe0 WARNING: 60843-TSEY-X100-H1 approaching PPM limit (98%)","icon":"fa-exclamation-triangle","color":"orange"}', NULL, '2026-02-22 23:31:33', '2026-02-22 23:31:33'),
	('c9b7d132-f816-48f6-9f46-7d3b83ae25f4', 'App\\Notifications\\CriticalDieAlert', 'App\\Models\\User', 4, '{"type":"red_alert","die_id":3,"part_number":"65122-I6000","part_name":"PNL CTR FLOOR SIDE,RH","customer":"HMMI","status":"red","accumulation_stroke":6316,"standard_stroke":6000,"stroke_percentage":105.3,"message":"\\ud83d\\udd34 CRITICAL: 65122-I6000 exceeded stroke limit (105.3%)","icon":"fa-exclamation-circle","color":"red"}', NULL, '2026-02-22 23:31:34', '2026-02-22 23:31:34'),
	('c9d0799a-2d00-43c6-b065-155e3f1c23f1', 'App\\Notifications\\CriticalDieAlert', 'App\\Models\\User', 2, '{"type":"orange_alert","die_id":55,"part_number":"5253AH62","part_name":"SILL F\\/FLR SIDE INR,RH","customer":"ATS","status":"orange","accumulation_stroke":4400,"standard_stroke":5000,"stroke_percentage":88,"message":"\\ud83d\\udfe0 WARNING: 5253AH62 (SILL F\\/FLR SIDE INR,RH) approaching PPM limit (88%)","icon":"fa-exclamation-triangle","color":"orange"}', '2026-03-09 23:03:32', '2026-03-09 21:25:22', '2026-03-09 23:03:32'),
	('cadb0456-18ca-459b-8895-8f0c25aeb74b', 'App\\Notifications\\PpmWorkflowNotification', 'App\\Models\\User', 5, '{"type":"transferred_to_mtn","die_id":9,"part_number":"5240B908\\/909","part_name":"BRACE DASH SIDE RH","customer":"ATS","actor":"USER PRODUCTION","event":"transferred_to_mtn","message":"\\ud83d\\ude9a Dies transferred to MTN Dies: 5240B908\\/909 (BRACE DASH SIDE RH) by USER PRODUCTION","icon":"fa-truck","color":"orange"}', '2026-03-03 22:36:13', '2026-03-02 01:58:03', '2026-03-03 22:36:13'),
	('caf87ef4-2345-44d8-8872-6123bfa606ea', 'App\\Notifications\\PpmWorkflowNotification', 'App\\Models\\User', 6, '{"type":"lot_date_set","die_id":56,"part_number":"5253AH61","part_name":"SILL F\\/FLR SIDE INR,LH","customer":"ATS","actor":"sakti","event":"lot_date_set","message":"\\ud83d\\udcc5 PPIC set Last LOT Date for 5253AH61 (SILL F\\/FLR SIDE INR,LH) \\u2014 Date: 2026-03-04 by sakti","icon":"fa-calendar-check","color":"purple"}', '2026-03-03 23:50:00', '2026-03-03 23:48:13', '2026-03-03 23:50:00'),
	('cb4d6112-598e-41e1-ad5a-2dc761bc04a9', 'App\\Notifications\\PpmWorkflowNotification', 'App\\Models\\User', 10, '{"type":"ppm_in_progress","die_id":55,"part_number":"5253AH62","part_name":"SILL F\\/FLR SIDE INR,RH","customer":"ATS","actor":"Rydha Ramlan Gunawan","event":"ppm_in_progress","message":"\\u2699\\ufe0f PPM Processing started for 5253AH62 (SILL F\\/FLR SIDE INR,RH) by Rydha Ramlan Gunawan","icon":"fa-cogs","color":"blue"}', NULL, '2026-03-10 01:04:37', '2026-03-10 01:04:37'),
	('cbb7891e-6a7a-4d98-a1a7-82cbc34c3331', 'App\\Notifications\\PpmWorkflowNotification', 'App\\Models\\User', 1, '{"type":"schedule_approved","die_id":6,"part_number":"71176-I6000","part_name":"BRKT FR PILLAR OTR,LH\\/RH","customer":"HMMI","actor":"sakti","event":"schedule_approved","message":"\\u2705 PPIC approved PPM Schedule for 71176-I6000 (BRKT FR PILLAR OTR,LH\\/RH) by sakti","icon":"fa-check-double","color":"cyan"}', '2026-03-02 20:33:48', '2026-03-01 21:46:43', '2026-03-02 20:33:48'),
	('cbc61c95-572c-48ec-a63d-82d6961135e5', 'App\\Notifications\\CriticalDieAlert', 'App\\Models\\User', 1, '{"type":"orange_alert","die_id":26,"part_number":"test","part_name":"test2","customer":"ATS","status":"orange","accumulation_stroke":0,"standard_stroke":33,"stroke_percentage":0,"message":"\\ud83d\\udfe0 WARNING: test approaching PPM limit (0%)","icon":"fa-exclamation-triangle","color":"orange"}', '2026-02-23 20:17:17', '2026-02-22 23:31:33', '2026-02-23 20:17:17'),
	('cd5c4173-8fc7-4335-978c-70bd4b23f998', 'App\\Notifications\\CriticalDieAlert', 'App\\Models\\User', 1, '{"type":"red_alert","die_id":14,"part_number":"60842TG1T00050HM","part_name":"BRKT, BPR BEAM EXTN OUT","customer":"UPIN","status":"red","accumulation_stroke":16500,"standard_stroke":10000,"stroke_percentage":165,"message":"\\ud83d\\udd34 CRITICAL: 60842TG1T00050HM exceeded stroke limit (165%)","icon":"fa-exclamation-circle","color":"red"}', '2026-03-02 20:33:48', '2026-02-24 21:10:43', '2026-03-02 20:33:48'),
	('cdf786d1-ce7d-4439-ab45-2197d1d93f1d', 'App\\Notifications\\PpmWorkflowNotification', 'App\\Models\\User', 5, '{"type":"schedule_approved","die_id":55,"part_number":"5253AH62","part_name":"SILL F\\/FLR SIDE INR,RH","customer":"ATS","actor":"Sakti","event":"schedule_approved","message":"\\u2705 PPIC approved PPM Schedule for 5253AH62 (SILL F\\/FLR SIDE INR,RH) by Sakti","icon":"fa-check-double","color":"cyan"}', NULL, '2026-03-10 00:32:10', '2026-03-10 00:32:10'),
	('ce1361a0-79f0-4916-90de-73311a891638', 'App\\Notifications\\PpmWorkflowNotification', 'App\\Models\\User', 5, '{"type":"transferred_to_mtn","die_id":55,"part_number":"5253AH62","part_name":"SILL F\\/FLR SIDE INR,RH","customer":"ATS","actor":"Indriani","event":"transferred_to_mtn","message":"\\ud83d\\ude9a Dies transferred to MTN Dies: 5253AH62 (SILL F\\/FLR SIDE INR,RH) by Indriani","icon":"fa-truck","color":"orange"}', NULL, '2026-03-10 01:03:26', '2026-03-10 01:03:26'),
	('cee3f471-2772-4d77-a237-e8b5030fc6b3', 'App\\Notifications\\PpmWorkflowNotification', 'App\\Models\\User', 4, '{"type":"lot_date_set","die_id":56,"part_number":"5253AH61","part_name":"SILL F\\/FLR SIDE INR,LH","customer":"ATS","actor":"Sakti","event":"lot_date_set","message":"\\ud83d\\udcc5 PPIC set Last LOT Date for 5253AH61 (SILL F\\/FLR SIDE INR,LH) \\u2014 Date: 2026-03-12 by Sakti","icon":"fa-calendar-check","color":"purple"}', NULL, '2026-03-09 21:40:14', '2026-03-09 21:40:14'),
	('cf05d8e1-4a2e-409e-be73-e475ffed3265', 'App\\Notifications\\CriticalDieAlert', 'App\\Models\\User', 6, '{"type":"orange_alert","die_id":14,"part_number":"60842TG1T00050HM","part_name":"BRKT, BPR BEAM EXTN OUT","customer":"UPIN","status":"orange","accumulation_stroke":8500,"standard_stroke":10000,"stroke_percentage":85,"message":"\\ud83d\\udfe0 WARNING: 60842TG1T00050HM approaching PPM limit (85%)","icon":"fa-exclamation-triangle","color":"orange"}', '2026-03-03 23:50:00', '2026-02-22 23:29:05', '2026-03-03 23:50:00'),
	('cf96607c-a3ce-4aa8-9b0a-8fdd58407156', 'App\\Notifications\\PpmWorkflowNotification', 'App\\Models\\User', 2, '{"type":"ppm_scheduled","die_id":56,"part_number":"5253AH61","part_name":"SILL F\\/FLR SIDE INR,LH","customer":"ATS","actor":"Rydha Ramlan Gunawan","event":"ppm_scheduled","message":"\\ud83d\\uddd3\\ufe0f MTN Dies created PPM Schedule for 5253AH61 (SILL F\\/FLR SIDE INR,LH) \\u2014 2026-03-12 by Rydha Ramlan Gunawan","icon":"fa-calendar-alt","color":"blue"}', '2026-03-09 23:19:29', '2026-03-09 23:15:53', '2026-03-09 23:19:29'),
	('d0af3f33-9985-423d-92f0-e80588f03315', 'App\\Notifications\\PpmWorkflowNotification', 'App\\Models\\User', 7, '{"type":"lot_date_set","die_id":55,"part_number":"5253AH62","part_name":"SILL F\\/FLR SIDE INR,RH","customer":"ATS","actor":"Sakti","event":"lot_date_set","message":"\\ud83d\\udcc5 PPIC set Last LOT Date for 5253AH62 (SILL F\\/FLR SIDE INR,RH) \\u2014 Date: 2026-03-10 by Sakti","icon":"fa-calendar-check","color":"purple"}', NULL, '2026-03-09 21:30:45', '2026-03-09 21:30:45'),
	('d123e9dd-82be-4d10-a87b-3b4228aba1a0', 'App\\Notifications\\PpmWorkflowNotification', 'App\\Models\\User', 1, '{"type":"transferred_to_mtn","die_id":55,"part_number":"5253AH62","part_name":"SILL F\\/FLR SIDE INR,RH","customer":"ATS","actor":"Indriani","event":"transferred_to_mtn","message":"\\ud83d\\ude9a Dies transferred to MTN Dies: 5253AH62 (SILL F\\/FLR SIDE INR,RH) by Indriani","icon":"fa-truck","color":"orange"}', '2026-03-10 01:41:24', '2026-03-10 01:03:26', '2026-03-10 01:41:24'),
	('d1a91519-c0e7-4416-a33f-455fec2a5302', 'App\\Notifications\\CriticalDieAlert', 'App\\Models\\User', 6, '{"type":"red_alert","die_id":3,"part_number":"65122-I6000","part_name":"PNL CTR FLOOR SIDE,RH","customer":"HMMI","status":"red","accumulation_stroke":6316,"standard_stroke":6000,"stroke_percentage":105.3,"message":"\\ud83d\\udd34 CRITICAL: 65122-I6000 exceeded stroke limit (105.3%)","icon":"fa-exclamation-circle","color":"red"}', '2026-03-03 23:50:00', '2026-02-22 23:29:06', '2026-03-03 23:50:00'),
	('d1dce8b7-6bb9-4fe9-ad9f-a176dd60419f', 'App\\Notifications\\PpmWorkflowNotification', 'App\\Models\\User', 6, '{"type":"transferred_to_mtn","die_id":56,"part_number":"5253AH61","part_name":"SILL F\\/FLR SIDE INR,LH","customer":"ATS","actor":"USER PRODUCTION","event":"transferred_to_mtn","message":"\\ud83d\\ude9a Dies transferred to MTN Dies: 5253AH61 (SILL F\\/FLR SIDE INR,LH) by USER PRODUCTION","icon":"fa-truck","color":"orange"}', '2026-03-08 19:35:23', '2026-03-03 23:50:04', '2026-03-08 19:35:23'),
	('d3712381-e1bf-4160-ab59-68642a0b7144', 'App\\Notifications\\PpmCompleted', 'App\\Models\\User', 5, '{"type":"ppm_completed","die_id":9,"part_number":"5240B908\\/909","part_name":"BRACE DASH SIDE RH","customer":"ATS","ppm_date":"02 Mar 2026","pic":"rydha","maintenance_type":"routine","stroke_at_ppm":6800,"message":"\\u2705 PPM completed for 5240B908\\/909 (BRACE DASH SIDE RH) by rydha","icon":"fa-check-circle","color":"green"}', '2026-03-03 22:36:13', '2026-03-02 02:02:53', '2026-03-03 22:36:13'),
	('d43d7201-48d8-46d7-a28c-0383a348396f', 'App\\Notifications\\PpmWorkflowNotification', 'App\\Models\\User', 5, '{"type":"ppm_scheduled","die_id":56,"part_number":"5253AH61","part_name":"SILL F\\/FLR SIDE INR,LH","customer":"ATS","actor":"Rydha Ramlan Gunawan","event":"ppm_scheduled","message":"\\ud83d\\uddd3\\ufe0f MTN Dies created PPM Schedule for 5253AH61 (SILL F\\/FLR SIDE INR,LH) \\u2014 2026-03-12 by Rydha Ramlan Gunawan","icon":"fa-calendar-alt","color":"blue"}', NULL, '2026-03-09 23:15:54', '2026-03-09 23:15:54'),
	('d4dd2099-daf4-4636-aefd-bb16fcabc22c', 'App\\Notifications\\CriticalDieAlert', 'App\\Models\\User', 6, '{"type":"orange_alert","die_id":4,"part_number":"65112-I6000","part_name":"PNL CTR FLOOR SIDE,LH","customer":"HMMI","status":"orange","accumulation_stroke":5340,"standard_stroke":6000,"stroke_percentage":89,"message":"\\ud83d\\udfe0 WARNING: 65112-I6000 approaching PPM limit (89%)","icon":"fa-exclamation-triangle","color":"orange"}', '2026-03-03 23:50:00', '2026-02-22 23:29:04', '2026-03-03 23:50:00'),
	('d5386237-8f92-440c-9d19-df150c38dbb9', 'App\\Notifications\\CriticalDieAlert', 'App\\Models\\User', 5, '{"type":"red_alert","die_id":2,"part_number":"71132-I6000","part_name":"REINF-FR PILLAR OTR LWR,LH","customer":"HMMI","status":"red","accumulation_stroke":6200,"standard_stroke":6000,"stroke_percentage":103.3,"message":"\\ud83d\\udd34 CRITICAL: 71132-I6000 exceeded stroke limit (103.3%)","icon":"fa-exclamation-circle","color":"red"}', '2026-02-22 23:37:44', '2026-02-22 23:31:33', '2026-02-22 23:37:44'),
	('d5459354-95e0-4039-8a2a-742329e40269', 'App\\Notifications\\CriticalDieAlert', 'App\\Models\\User', 5, '{"type":"orange_alert","die_id":15,"part_number":"60843-TSEY-X100-H1","part_name":"BRKT R, FR BPR EXTN","customer":"UPIN","status":"orange","accumulation_stroke":9800,"standard_stroke":10000,"stroke_percentage":98,"message":"\\ud83d\\udfe0 WARNING: 60843-TSEY-X100-H1 approaching PPM limit (98%)","icon":"fa-exclamation-triangle","color":"orange"}', '2026-02-22 23:37:44', '2026-02-22 23:29:05', '2026-02-22 23:37:44'),
	('d7f4bf33-08e0-434f-ad5d-00c8176d2f2f', 'App\\Notifications\\CriticalDieAlert', 'App\\Models\\User', 2, '{"type":"orange_alert","die_id":56,"part_number":"5253AH61","part_name":"SILL F\\/FLR SIDE INR,LH","customer":"ATS","status":"orange","accumulation_stroke":4400,"standard_stroke":5000,"stroke_percentage":88,"message":"\\ud83d\\udfe0 WARNING: 5253AH61 (SILL F\\/FLR SIDE INR,LH) approaching PPM limit (88%)","icon":"fa-exclamation-triangle","color":"orange"}', '2026-03-09 23:03:32', '2026-03-09 20:58:32', '2026-03-09 23:03:32'),
	('d851164b-8e6a-421f-b1e3-ee25e4ac5f47', 'App\\Notifications\\PpmWorkflowNotification', 'App\\Models\\User', 5, '{"type":"lot_date_set","die_id":56,"part_number":"5253AH61","part_name":"SILL F\\/FLR SIDE INR,LH","customer":"ATS","actor":"sakti","event":"lot_date_set","message":"\\ud83d\\udcc5 PPIC set Last LOT Date for 5253AH61 (SILL F\\/FLR SIDE INR,LH) \\u2014 Date: 2026-03-04 by sakti","icon":"fa-calendar-check","color":"purple"}', '2026-03-08 19:36:02', '2026-03-03 23:48:13', '2026-03-08 19:36:02'),
	('da78f630-521a-4450-859d-1608715b019e', 'App\\Notifications\\PpmCompleted', 'App\\Models\\User', 6, '{"type":"ppm_completed","die_id":6,"part_number":"71176-I6000","part_name":"BRKT FR PILLAR OTR,LH\\/RH","customer":"HMMI","ppm_date":"02 Mar 2026","pic":"rydha","maintenance_type":"routine","stroke_at_ppm":6000,"message":"\\u2705 PPM completed for 71176-I6000 (BRKT FR PILLAR OTR,LH\\/RH) by rydha","icon":"fa-check-circle","color":"green"}', '2026-03-03 23:50:00', '2026-03-01 22:02:44', '2026-03-03 23:50:00'),
	('da8e9a83-c8eb-40c4-b9b2-a69973e5ba3a', 'App\\Notifications\\CriticalDieAlert', 'App\\Models\\User', 2, '{"type":"orange_alert","die_id":25,"part_number":"67412 W000P","part_name":"C\\/ MBR DASH","customer":"TMMIN","status":"orange","accumulation_stroke":3800,"standard_stroke":6000,"stroke_percentage":63.3,"message":"\\ud83d\\udfe0 WARNING: 67412 W000P approaching PPM limit (63.3%)","icon":"fa-exclamation-triangle","color":"orange"}', '2026-02-24 21:29:59', '2026-02-22 23:29:05', '2026-02-24 21:29:59'),
	('dbc53208-8e2e-4c5d-9e6e-811dd4d0aa91', 'App\\Notifications\\CriticalDieAlert', 'App\\Models\\User', 6, '{"type":"orange_alert","die_id":11,"part_number":"5253AH61","part_name":"SILL F\\/FLR SIDE INR LH","customer":"ATS","status":"orange","accumulation_stroke":4800,"standard_stroke":6000,"stroke_percentage":80,"message":"\\ud83d\\udfe0 WARNING: 5253AH61 approaching PPM limit (80%)","icon":"fa-exclamation-triangle","color":"orange"}', '2026-03-03 23:50:00', '2026-02-22 23:31:32', '2026-03-03 23:50:00'),
	('dc41814e-75ef-4dc6-b65a-d6fc703fdd3f', 'App\\Notifications\\PpmWorkflowNotification', 'App\\Models\\User', 1, '{"type":"schedule_approved","die_id":9,"part_number":"5240B908\\/909","part_name":"BRACE DASH SIDE RH","customer":"ATS","actor":"sakti","event":"schedule_approved","message":"\\u2705 PPIC approved PPM Schedule for 5240B908\\/909 (BRACE DASH SIDE RH) by sakti","icon":"fa-check-double","color":"cyan"}', '2026-03-02 20:33:48', '2026-03-02 01:55:59', '2026-03-02 20:33:48'),
	('dd2d7afe-1ffc-429e-95db-c3c28970cb23', 'App\\Notifications\\PpmWorkflowNotification', 'App\\Models\\User', 2, '{"type":"transferred_to_mtn","die_id":6,"part_number":"71176-I6000","part_name":"BRKT FR PILLAR OTR,LH\\/RH","customer":"HMMI","actor":"USER PRODUCTION","event":"transferred_to_mtn","message":"\\ud83d\\ude9a Dies transferred to MTN Dies: 71176-I6000 (BRKT FR PILLAR OTR,LH\\/RH) by USER PRODUCTION","icon":"fa-truck","color":"orange"}', '2026-03-01 21:59:52', '2026-03-01 21:59:22', '2026-03-01 21:59:52'),
	('e015ed4d-444d-47b8-9466-2ad407dd1ee2', 'App\\Notifications\\PpmWorkflowNotification', 'App\\Models\\User', 10, '{"type":"schedule_approved","die_id":55,"part_number":"5253AH62","part_name":"SILL F\\/FLR SIDE INR,RH","customer":"ATS","actor":"Sakti","event":"schedule_approved","message":"\\u2705 PPIC approved PPM Schedule for 5253AH62 (SILL F\\/FLR SIDE INR,RH) by Sakti","icon":"fa-check-double","color":"cyan"}', NULL, '2026-03-10 00:32:10', '2026-03-10 00:32:10'),
	('e3e4605e-cda3-4525-9c81-71dd73a20b99', 'App\\Notifications\\PpmWorkflowNotification', 'App\\Models\\User', 4, '{"type":"ppm_scheduled","die_id":55,"part_number":"5253AH62","part_name":"SILL F\\/FLR SIDE INR,RH","customer":"ATS","actor":"Rydha Ramlan Gunawan","event":"ppm_scheduled","message":"\\ud83d\\uddd3\\ufe0f MTN Dies created PPM Schedule for 5253AH62 (SILL F\\/FLR SIDE INR,RH) \\u2014 2026-03-10 by Rydha Ramlan Gunawan","icon":"fa-calendar-alt","color":"blue"}', NULL, '2026-03-10 00:30:50', '2026-03-10 00:30:50'),
	('e486c74e-1564-4493-9bed-a3aca0bbbed2', 'App\\Notifications\\PpmWorkflowNotification', 'App\\Models\\User', 2, '{"type":"transferred_back","die_id":55,"part_number":"5253AH62","part_name":"SILL F\\/FLR SIDE INR,RH","customer":"ATS","actor":"Rydha Ramlan Gunawan","event":"transferred_back","message":"\\ud83c\\udfed Dies transferred back to Production: 5253AH62 (SILL F\\/FLR SIDE INR,RH) by Rydha Ramlan Gunawan","icon":"fa-industry","color":"green"}', NULL, '2026-03-10 01:22:09', '2026-03-10 01:22:09'),
	('e4daeed2-f9d6-44fc-ac6d-52cd7e92d213', 'App\\Notifications\\CriticalDieAlert', 'App\\Models\\User', 5, '{"type":"red_alert","die_id":1,"part_number":"71142-I6000","part_name":"REINF-FR PILLAR OTR LWR,RH","customer":"HMMI","status":"red","accumulation_stroke":7500,"standard_stroke":6000,"stroke_percentage":125,"message":"\\ud83d\\udd34 CRITICAL: 71142-I6000 exceeded stroke limit (125%)","icon":"fa-exclamation-circle","color":"red"}', '2026-02-22 23:37:44', '2026-02-22 23:29:06', '2026-02-22 23:37:44'),
	('e64b58db-d9b6-4c9d-9478-f89c3b3d7672', 'App\\Notifications\\CriticalDieAlert', 'App\\Models\\User', 5, '{"type":"red_alert","die_id":9,"part_number":"5240B908\\/909","part_name":"BRACE DASH SIDE RH","customer":"ATS","status":"red","accumulation_stroke":6800,"standard_stroke":6000,"stroke_percentage":113.3,"message":"\\ud83d\\udd34 CRITICAL: 5240B908\\/909 (BRACE DASH SIDE RH) exceeded stroke limit (113.3%)","icon":"fa-exclamation-circle","color":"red"}', '2026-03-03 22:36:13', '2026-03-02 01:43:46', '2026-03-03 22:36:13'),
	('e69b4213-53a3-4bdf-a6f4-2460f0c6eee5', 'App\\Notifications\\CriticalDieAlert', 'App\\Models\\User', 5, '{"type":"orange_alert","die_id":13,"part_number":"60415-TSEY-X000-H1","part_name":"STIFF R, BHD SIDE MBR","customer":"UPIN","status":"orange","accumulation_stroke":8000,"standard_stroke":10000,"stroke_percentage":80,"message":"\\ud83d\\udfe0 WARNING: 60415-TSEY-X000-H1 approaching PPM limit (80%)","icon":"fa-exclamation-triangle","color":"orange"}', '2026-02-22 23:37:44', '2026-02-22 23:29:05', '2026-02-22 23:37:44'),
	('e6d8a44a-8d6b-4b67-97f7-495339c9ab18', 'App\\Notifications\\PpmWorkflowNotification', 'App\\Models\\User', 4, '{"type":"lot_date_set","die_id":6,"part_number":"71176-I6000","part_name":"BRKT FR PILLAR OTR,LH\\/RH","customer":"HMMI","actor":"sakti","event":"lot_date_set","message":"\\ud83d\\udcc5 PPIC set Last LOT Date for 71176-I6000 (BRKT FR PILLAR OTR,LH\\/RH) \\u2014 Date: 2026-03-03 by sakti","icon":"fa-calendar-check","color":"purple"}', NULL, '2026-03-01 21:35:47', '2026-03-01 21:35:47'),
	('e793fa5d-6cda-469e-830f-29568bb13e63', 'App\\Notifications\\CriticalDieAlert', 'App\\Models\\User', 6, '{"type":"orange_alert","die_id":26,"part_number":"test","part_name":"test2","customer":"ATS","status":"orange","accumulation_stroke":0,"standard_stroke":33,"stroke_percentage":0,"message":"\\ud83d\\udfe0 WARNING: test approaching PPM limit (0%)","icon":"fa-exclamation-triangle","color":"orange"}', '2026-03-03 23:50:00', '2026-02-22 23:31:33', '2026-03-03 23:50:00'),
	('e8b1ca3e-4871-4a00-9683-f7998707d285', 'App\\Notifications\\PpmWorkflowNotification', 'App\\Models\\User', 8, '{"type":"ppm_in_progress","die_id":55,"part_number":"5253AH62","part_name":"SILL F\\/FLR SIDE INR,RH","customer":"ATS","actor":"Rydha Ramlan Gunawan","event":"ppm_in_progress","message":"\\u2699\\ufe0f PPM Processing started for 5253AH62 (SILL F\\/FLR SIDE INR,RH) by Rydha Ramlan Gunawan","icon":"fa-cogs","color":"blue"}', NULL, '2026-03-10 01:04:36', '2026-03-10 01:04:36'),
	('e960b88e-9983-4e40-9875-64a8d5b3cd2d', 'App\\Notifications\\CriticalDieAlert', 'App\\Models\\User', 1, '{"type":"red_alert","die_id":1,"part_number":"71142-I6000","part_name":"REINF-FR PILLAR OTR LWR,RH","customer":"HMMI","status":"red","accumulation_stroke":7500,"standard_stroke":6000,"stroke_percentage":125,"message":"\\ud83d\\udd34 CRITICAL: 71142-I6000 exceeded stroke limit (125%)","icon":"fa-exclamation-circle","color":"red"}', '2026-02-23 20:17:17', '2026-02-22 23:29:06', '2026-02-23 20:17:17'),
	('ea388815-90b0-4863-961b-8248dbf6820a', 'App\\Notifications\\PpmWorkflowNotification', 'App\\Models\\User', 8, '{"type":"schedule_approved","die_id":55,"part_number":"5253AH62","part_name":"SILL F\\/FLR SIDE INR,RH","customer":"ATS","actor":"Sakti","event":"schedule_approved","message":"\\u2705 PPIC approved PPM Schedule for 5253AH62 (SILL F\\/FLR SIDE INR,RH) by Sakti","icon":"fa-check-double","color":"cyan"}', NULL, '2026-03-10 00:32:10', '2026-03-10 00:32:10'),
	('eb03c365-43a4-4399-b81e-1666e317327d', 'App\\Notifications\\CriticalDieAlert', 'App\\Models\\User', 4, '{"type":"orange_alert","die_id":11,"part_number":"5253AH61","part_name":"SILL F\\/FLR SIDE INR LH","customer":"ATS","status":"orange","accumulation_stroke":4800,"standard_stroke":6000,"stroke_percentage":80,"message":"\\ud83d\\udfe0 WARNING: 5253AH61 approaching PPM limit (80%)","icon":"fa-exclamation-triangle","color":"orange"}', NULL, '2026-02-22 23:31:32', '2026-02-22 23:31:32'),
	('eb81ed0f-05fc-487a-848e-0519a78fed28', 'App\\Notifications\\PpmWorkflowNotification', 'App\\Models\\User', 5, '{"type":"schedule_approved","die_id":56,"part_number":"5253AH61","part_name":"SILL F\\/FLR SIDE INR,LH","customer":"ATS","actor":"Sakti","event":"schedule_approved","message":"\\u2705 PPIC approved PPM Schedule for 5253AH61 (SILL F\\/FLR SIDE INR,LH) by Sakti","icon":"fa-check-double","color":"cyan"}', NULL, '2026-03-09 23:16:52', '2026-03-09 23:16:52'),
	('ec57c0c2-65a0-476c-9236-271b926a77a7', 'App\\Notifications\\CriticalDieAlert', 'App\\Models\\User', 2, '{"type":"red_alert","die_id":3,"part_number":"65122-I6000","part_name":"PNL CTR FLOOR SIDE,RH","customer":"HMMI","status":"red","accumulation_stroke":6316,"standard_stroke":6000,"stroke_percentage":105.3,"message":"\\ud83d\\udd34 CRITICAL: 65122-I6000 exceeded stroke limit (105.3%)","icon":"fa-exclamation-circle","color":"red"}', '2026-02-24 21:29:59', '2026-02-22 23:29:06', '2026-02-24 21:29:59'),
	('ed12045b-6db9-437f-80c3-ca3470803bfe', 'App\\Notifications\\PpmWorkflowNotification', 'App\\Models\\User', 6, '{"type":"ppm_in_progress","die_id":6,"part_number":"71176-I6000","part_name":"BRKT FR PILLAR OTR,LH\\/RH","customer":"HMMI","actor":"Rydha Ramlan Gunawan","event":"ppm_in_progress","message":"\\u2699\\ufe0f PPM Processing started for 71176-I6000 (BRKT FR PILLAR OTR,LH\\/RH) by Rydha Ramlan Gunawan","icon":"fa-cogs","color":"blue"}', '2026-03-03 23:50:00', '2026-03-01 22:00:13', '2026-03-03 23:50:00'),
	('ed315b14-9d2c-4d20-903b-0fed6836e320', 'App\\Notifications\\CriticalDieAlert', 'App\\Models\\User', 5, '{"type":"red_alert","die_id":2,"part_number":"71132-I6000","part_name":"REINF-FR PILLAR OTR LWR,LH","customer":"HMMI","status":"red","accumulation_stroke":6200,"standard_stroke":6000,"stroke_percentage":103.3,"message":"\\ud83d\\udd34 CRITICAL: 71132-I6000 exceeded stroke limit (103.3%)","icon":"fa-exclamation-circle","color":"red"}', '2026-02-22 23:37:44', '2026-02-22 23:29:06', '2026-02-22 23:37:44'),
	('ee3935f7-14f0-4d19-ba99-663316bccaa3', 'App\\Notifications\\CriticalDieAlert', 'App\\Models\\User', 2, '{"type":"orange_alert","die_id":26,"part_number":"test","part_name":"test2","customer":"ATS","status":"orange","accumulation_stroke":0,"standard_stroke":33,"stroke_percentage":0,"message":"\\ud83d\\udfe0 WARNING: test approaching PPM limit (0%)","icon":"fa-exclamation-triangle","color":"orange"}', '2026-02-24 21:29:59', '2026-02-22 23:29:05', '2026-02-24 21:29:59'),
	('eedf93ad-b410-4a8b-8a6d-eb403f4c087b', 'App\\Notifications\\PpmWorkflowNotification', 'App\\Models\\User', 5, '{"type":"schedule_approved","die_id":9,"part_number":"5240B908\\/909","part_name":"BRACE DASH SIDE RH","customer":"ATS","actor":"sakti","event":"schedule_approved","message":"\\u2705 PPIC approved PPM Schedule for 5240B908\\/909 (BRACE DASH SIDE RH) by sakti","icon":"fa-check-double","color":"cyan"}', '2026-03-03 22:36:13', '2026-03-02 01:55:59', '2026-03-03 22:36:13'),
	('f069a246-d9d5-4092-b9e1-fcfd1828ba57', 'App\\Notifications\\PpmWorkflowNotification', 'App\\Models\\User', 4, '{"type":"transferred_back","die_id":9,"part_number":"5240B908\\/909","part_name":"BRACE DASH SIDE RH","customer":"ATS","actor":"Administrator","event":"transferred_back","message":"\\ud83c\\udfed Dies transferred back to Production: 5240B908\\/909 (BRACE DASH SIDE RH) by Administrator","icon":"fa-industry","color":"green"}', NULL, '2026-03-02 20:34:06', '2026-03-02 20:34:06'),
	('f08b591b-8937-4854-9b51-17a493f54673', 'App\\Notifications\\CriticalDieAlert', 'App\\Models\\User', 2, '{"type":"red_alert","die_id":14,"part_number":"60842TG1T00050HM","part_name":"BRKT, BPR BEAM EXTN OUT","customer":"UPIN","status":"red","accumulation_stroke":16500,"standard_stroke":10000,"stroke_percentage":165,"message":"\\ud83d\\udd34 CRITICAL: 60842TG1T00050HM exceeded stroke limit (165%)","icon":"fa-exclamation-circle","color":"red"}', '2026-02-24 21:29:59', '2026-02-24 21:10:43', '2026-02-24 21:29:59'),
	('f0abbba8-c287-496f-afef-4a06e9195e02', 'App\\Notifications\\PpmWorkflowNotification', 'App\\Models\\User', 2, '{"type":"ppm_in_progress","die_id":9,"part_number":"5240B908\\/909","part_name":"BRACE DASH SIDE RH","customer":"ATS","actor":"Rydha Ramlan Gunawan","event":"ppm_in_progress","message":"\\u2699\\ufe0f PPM Processing started for 5240B908\\/909 (BRACE DASH SIDE RH) by Rydha Ramlan Gunawan","icon":"fa-cogs","color":"blue"}', '2026-03-03 23:07:25', '2026-03-02 02:00:29', '2026-03-03 23:07:25'),
	('f0c69536-7d14-4af6-a140-d00f7e4c2195', 'App\\Notifications\\PpmWorkflowNotification', 'App\\Models\\User', 6, '{"type":"transferred_to_mtn","die_id":6,"part_number":"71176-I6000","part_name":"BRKT FR PILLAR OTR,LH\\/RH","customer":"HMMI","actor":"USER PRODUCTION","event":"transferred_to_mtn","message":"\\ud83d\\ude9a Dies transferred to MTN Dies: 71176-I6000 (BRKT FR PILLAR OTR,LH\\/RH) by USER PRODUCTION","icon":"fa-truck","color":"orange"}', '2026-03-03 23:50:00', '2026-03-01 21:59:22', '2026-03-03 23:50:00'),
	('f0e3aec3-1bc1-461f-9287-2ff393fb4b93', 'App\\Notifications\\CriticalDieAlert', 'App\\Models\\User', 6, '{"type":"orange_alert","die_id":15,"part_number":"60843-TSEY-X100-H1","part_name":"BRKT R, FR BPR EXTN","customer":"UPIN","status":"orange","accumulation_stroke":9800,"standard_stroke":10000,"stroke_percentage":98,"message":"\\ud83d\\udfe0 WARNING: 60843-TSEY-X100-H1 approaching PPM limit (98%)","icon":"fa-exclamation-triangle","color":"orange"}', '2026-03-03 23:50:00', '2026-02-22 23:31:33', '2026-03-03 23:50:00'),
	('f1cb8224-87be-4f44-9456-5b5c58edc20d', 'App\\Notifications\\CriticalDieAlert', 'App\\Models\\User', 4, '{"type":"red_alert","die_id":2,"part_number":"71132-I6000","part_name":"REINF-FR PILLAR OTR LWR,LH","customer":"HMMI","status":"red","accumulation_stroke":6200,"standard_stroke":6000,"stroke_percentage":103.3,"message":"\\ud83d\\udd34 CRITICAL: 71132-I6000 exceeded stroke limit (103.3%)","icon":"fa-exclamation-circle","color":"red"}', NULL, '2026-02-22 23:29:06', '2026-02-22 23:29:06'),
	('f3bf6c48-3011-46d8-b00a-60ec2b27b549', 'App\\Notifications\\PpmWorkflowNotification', 'App\\Models\\User', 6, '{"type":"lot_date_set","die_id":6,"part_number":"71176-I6000","part_name":"BRKT FR PILLAR OTR,LH\\/RH","customer":"HMMI","actor":"sakti","event":"lot_date_set","message":"\\ud83d\\udcc5 PPIC set Last LOT Date for 71176-I6000 (BRKT FR PILLAR OTR,LH\\/RH) \\u2014 Date: 2026-03-03 by sakti","icon":"fa-calendar-check","color":"purple"}', '2026-03-03 23:50:00', '2026-03-01 21:35:47', '2026-03-03 23:50:00'),
	('f4d99851-dbaa-4243-abe5-f9b2623b8309', 'App\\Notifications\\CriticalDieAlert', 'App\\Models\\User', 8, '{"type":"red_alert","die_id":55,"part_number":"5253AH62","part_name":"SILL F\\/FLR SIDE INR,RH","customer":"ATS","status":"red","accumulation_stroke":5000,"standard_stroke":5000,"stroke_percentage":100,"message":"\\ud83d\\udd34 CRITICAL: 5253AH62 (SILL F\\/FLR SIDE INR,RH) exceeded stroke limit (100%)","icon":"fa-exclamation-circle","color":"red"}', NULL, '2026-03-10 00:39:52', '2026-03-10 00:39:52'),
	('f4dead65-cf5c-42c6-8ccf-c1a0d13bb216', 'App\\Notifications\\PpmWorkflowNotification', 'App\\Models\\User', 4, '{"type":"ppm_in_progress","die_id":56,"part_number":"5253AH61","part_name":"SILL F\\/FLR SIDE INR,LH","customer":"ATS","actor":"Rydha Ramlan Gunawan","event":"ppm_in_progress","message":"\\u2699\\ufe0f PPM Processing started for 5253AH61 (SILL F\\/FLR SIDE INR,LH) by Rydha Ramlan Gunawan","icon":"fa-cogs","color":"blue"}', NULL, '2026-03-03 23:50:28', '2026-03-03 23:50:28'),
	('f572e2c9-cab2-4fc4-8775-a058c7ce422b', 'App\\Notifications\\PpmWorkflowNotification', 'App\\Models\\User', 10, '{"type":"transferred_to_mtn","die_id":55,"part_number":"5253AH62","part_name":"SILL F\\/FLR SIDE INR,RH","customer":"ATS","actor":"Indriani","event":"transferred_to_mtn","message":"\\ud83d\\ude9a Dies transferred to MTN Dies: 5253AH62 (SILL F\\/FLR SIDE INR,RH) by Indriani","icon":"fa-truck","color":"orange"}', NULL, '2026-03-10 01:03:26', '2026-03-10 01:03:26'),
	('f5777f20-1336-40f6-aac4-25a5278a6b44', 'App\\Notifications\\PpmWorkflowNotification', 'App\\Models\\User', 5, '{"type":"transferred_to_mtn","die_id":6,"part_number":"71176-I6000","part_name":"BRKT FR PILLAR OTR,LH\\/RH","customer":"HMMI","actor":"USER PRODUCTION","event":"transferred_to_mtn","message":"\\ud83d\\ude9a Dies transferred to MTN Dies: 71176-I6000 (BRKT FR PILLAR OTR,LH\\/RH) by USER PRODUCTION","icon":"fa-truck","color":"orange"}', '2026-03-03 22:36:13', '2026-03-01 21:59:22', '2026-03-03 22:36:13'),
	('f6293586-8f61-4495-9150-a954c7aa4028', 'App\\Notifications\\PpmCompleted', 'App\\Models\\User', 2, '{"type":"ppm_completed","die_id":55,"part_number":"5253AH62","part_name":"SILL F\\/FLR SIDE INR,RH","customer":"ATS","ppm_date":"10 Mar 2026","pic":"Rydha Ramlan","maintenance_type":"routine","stroke_at_ppm":5000,"message":"\\u2705 PPM completed for 5253AH62 (SILL F\\/FLR SIDE INR,RH) by Rydha Ramlan","icon":"fa-check-circle","color":"green"}', NULL, '2026-03-10 01:22:08', '2026-03-10 01:22:08'),
	('f7917306-77b5-4643-adc0-e326767f1436', 'App\\Notifications\\CriticalDieAlert', 'App\\Models\\User', 1, '{"type":"red_alert","die_id":2,"part_number":"71132-I6000","part_name":"REINF-FR PILLAR OTR LWR,LH","customer":"HMMI","status":"red","accumulation_stroke":6200,"standard_stroke":6000,"stroke_percentage":103.3,"message":"\\ud83d\\udd34 CRITICAL: 71132-I6000 exceeded stroke limit (103.3%)","icon":"fa-exclamation-circle","color":"red"}', '2026-02-23 20:17:17', '2026-02-22 23:31:33', '2026-02-23 20:17:17'),
	('f7baa620-f84a-4587-87e3-2d6ed7191f14', 'App\\Notifications\\PpmWorkflowNotification', 'App\\Models\\User', 7, '{"type":"transferred_to_mtn","die_id":55,"part_number":"5253AH62","part_name":"SILL F\\/FLR SIDE INR,RH","customer":"ATS","actor":"Indriani","event":"transferred_to_mtn","message":"\\ud83d\\ude9a Dies transferred to MTN Dies: 5253AH62 (SILL F\\/FLR SIDE INR,RH) by Indriani","icon":"fa-truck","color":"orange"}', NULL, '2026-03-10 01:03:26', '2026-03-10 01:03:26'),
	('f836616e-608c-499c-9c2f-856a4a7b0cd9', 'App\\Notifications\\PpmWorkflowNotification', 'App\\Models\\User', 2, '{"type":"transferred_to_mtn","die_id":9,"part_number":"5240B908\\/909","part_name":"BRACE DASH SIDE RH","customer":"ATS","actor":"USER PRODUCTION","event":"transferred_to_mtn","message":"\\ud83d\\ude9a Dies transferred to MTN Dies: 5240B908\\/909 (BRACE DASH SIDE RH) by USER PRODUCTION","icon":"fa-truck","color":"orange"}', '2026-03-03 23:07:25', '2026-03-02 01:58:03', '2026-03-03 23:07:25'),
	('f8e10467-4ec2-4e4a-9941-f78b25b53116', 'App\\Notifications\\CriticalDieAlert', 'App\\Models\\User', 5, '{"type":"orange_alert","die_id":25,"part_number":"67412 W000P","part_name":"C\\/ MBR DASH","customer":"TMMIN","status":"orange","accumulation_stroke":3800,"standard_stroke":6000,"stroke_percentage":63.3,"message":"\\ud83d\\udfe0 WARNING: 67412 W000P approaching PPM limit (63.3%)","icon":"fa-exclamation-triangle","color":"orange"}', '2026-02-22 23:37:44', '2026-02-22 23:29:05', '2026-02-22 23:37:44'),
	('f984056d-c863-455a-959f-f6cf4709af3f', 'App\\Notifications\\PpmWorkflowNotification', 'App\\Models\\User', 1, '{"type":"lot_date_set","die_id":6,"part_number":"71176-I6000","part_name":"BRKT FR PILLAR OTR,LH\\/RH","customer":"HMMI","actor":"sakti","event":"lot_date_set","message":"\\ud83d\\udcc5 PPIC set Last LOT Date for 71176-I6000 (BRKT FR PILLAR OTR,LH\\/RH) \\u2014 Date: 2026-03-05 by sakti","icon":"fa-calendar-check","color":"purple"}', '2026-03-02 20:33:48', '2026-03-01 21:38:32', '2026-03-02 20:33:48'),
	('fa94bcfb-c136-4249-ad3b-8f55f3bee805', 'App\\Notifications\\CriticalDieAlert', 'App\\Models\\User', 2, '{"type":"orange_alert","die_id":14,"part_number":"60842TG1T00050HM","part_name":"BRKT, BPR BEAM EXTN OUT","customer":"UPIN","status":"orange","accumulation_stroke":8500,"standard_stroke":10000,"stroke_percentage":85,"message":"\\ud83d\\udfe0 WARNING: 60842TG1T00050HM approaching PPM limit (85%)","icon":"fa-exclamation-triangle","color":"orange"}', '2026-02-24 21:29:59', '2026-02-22 23:29:05', '2026-02-24 21:29:59'),
	('fb314993-2d00-4ed5-a04f-c1c81bcfd372', 'App\\Notifications\\PpmWorkflowNotification', 'App\\Models\\User', 5, '{"type":"ppm_in_progress","die_id":9,"part_number":"5240B908\\/909","part_name":"BRACE DASH SIDE RH","customer":"ATS","actor":"Rydha Ramlan Gunawan","event":"ppm_in_progress","message":"\\u2699\\ufe0f PPM Processing started for 5240B908\\/909 (BRACE DASH SIDE RH) by Rydha Ramlan Gunawan","icon":"fa-cogs","color":"blue"}', '2026-03-03 22:36:13', '2026-03-02 02:00:29', '2026-03-03 22:36:13'),
	('fb7fda55-2fe8-4e52-89e9-7bf110d7cf2c', 'App\\Notifications\\CriticalDieAlert', 'App\\Models\\User', 6, '{"type":"orange_alert","die_id":25,"part_number":"67412 W000P","part_name":"C\\/ MBR DASH","customer":"TMMIN","status":"orange","accumulation_stroke":3800,"standard_stroke":6000,"stroke_percentage":63.3,"message":"\\ud83d\\udfe0 WARNING: 67412 W000P approaching PPM limit (63.3%)","icon":"fa-exclamation-triangle","color":"orange"}', '2026-03-03 23:50:00', '2026-02-22 23:31:33', '2026-03-03 23:50:00'),
	('fd6a4e21-9fc7-4207-beb0-6c5c81614ee4', 'App\\Notifications\\CriticalDieAlert', 'App\\Models\\User', 6, '{"type":"orange_alert","die_id":15,"part_number":"60843-TSEY-X100-H1","part_name":"BRKT R, FR BPR EXTN","customer":"UPIN","status":"orange","accumulation_stroke":9800,"standard_stroke":10000,"stroke_percentage":98,"message":"\\ud83d\\udfe0 WARNING: 60843-TSEY-X100-H1 approaching PPM limit (98%)","icon":"fa-exclamation-triangle","color":"orange"}', '2026-03-03 23:50:00', '2026-02-22 23:29:05', '2026-03-03 23:50:00'),
	('fdc36eae-cda5-4428-9a8e-ea0486cb2228', 'App\\Notifications\\CriticalDieAlert', 'App\\Models\\User', 6, '{"type":"orange_alert","die_id":25,"part_number":"67412 W000P","part_name":"C\\/ MBR DASH","customer":"TMMIN","status":"orange","accumulation_stroke":3800,"standard_stroke":6000,"stroke_percentage":63.3,"message":"\\ud83d\\udfe0 WARNING: 67412 W000P approaching PPM limit (63.3%)","icon":"fa-exclamation-triangle","color":"orange"}', '2026-03-03 23:50:00', '2026-02-22 23:29:05', '2026-03-03 23:50:00'),
	('feca799c-8f26-4225-838e-7a10a9203772', 'App\\Notifications\\PpmWorkflowNotification', 'App\\Models\\User', 4, '{"type":"ppm_scheduled","die_id":56,"part_number":"5253AH61","part_name":"SILL F\\/FLR SIDE INR,LH","customer":"ATS","actor":"Rydha Ramlan Gunawan","event":"ppm_scheduled","message":"\\ud83d\\uddd3\\ufe0f MTN Dies created PPM Schedule for 5253AH61 (SILL F\\/FLR SIDE INR,LH) \\u2014 2026-03-12 by Rydha Ramlan Gunawan","icon":"fa-calendar-alt","color":"blue"}', NULL, '2026-03-09 23:15:54', '2026-03-09 23:15:54'),
	('ff271472-cde0-4439-a8ef-d412d03790d2', 'App\\Notifications\\PpmWorkflowNotification', 'App\\Models\\User', 5, '{"type":"transferred_back","die_id":9,"part_number":"5240B908\\/909","part_name":"BRACE DASH SIDE RH","customer":"ATS","actor":"Administrator","event":"transferred_back","message":"\\ud83c\\udfed Dies transferred back to Production: 5240B908\\/909 (BRACE DASH SIDE RH) by Administrator","icon":"fa-industry","color":"green"}', '2026-03-03 22:36:13', '2026-03-02 20:34:06', '2026-03-03 22:36:13'),
	('ff5b2edf-41d3-4080-88d7-8a80d143d874', 'App\\Notifications\\CriticalDieAlert', 'App\\Models\\User', 1, '{"type":"orange_alert","die_id":4,"part_number":"65112-I6000","part_name":"PNL CTR FLOOR SIDE,LH","customer":"HMMI","status":"orange","accumulation_stroke":5340,"standard_stroke":6000,"stroke_percentage":89,"message":"\\ud83d\\udfe0 WARNING: 65112-I6000 approaching PPM limit (89%)","icon":"fa-exclamation-triangle","color":"orange"}', '2026-02-23 20:17:17', '2026-02-22 23:31:31', '2026-02-23 20:17:17'),
	('ffb68992-51f8-4e85-a8ef-e0e6c790328f', 'App\\Notifications\\PpmCompleted', 'App\\Models\\User', 4, '{"type":"ppm_completed","die_id":6,"part_number":"71176-I6000","part_name":"BRKT FR PILLAR OTR,LH\\/RH","customer":"HMMI","ppm_date":"02 Mar 2026","pic":"rydha","maintenance_type":"routine","stroke_at_ppm":6000,"message":"\\u2705 PPM completed for 71176-I6000 (BRKT FR PILLAR OTR,LH\\/RH) by rydha","icon":"fa-check-circle","color":"green"}', NULL, '2026-03-01 22:02:44', '2026-03-01 22:02:44');

-- Dumping structure for table ppm_dies_monitoring_april.password_reset_tokens
CREATE TABLE IF NOT EXISTS `password_reset_tokens` (
  `email` varchar(255) COLLATE utf8mb4_unicode_ci NOT NULL,
  `token` varchar(255) COLLATE utf8mb4_unicode_ci NOT NULL,
  `created_at` timestamp NULL DEFAULT NULL,
  PRIMARY KEY (`email`)
) ENGINE=InnoDB DEFAULT CHARSET=utf8mb4 COLLATE=utf8mb4_unicode_ci;

-- Dumping data for table ppm_dies_monitoring_april.password_reset_tokens: ~0 rows (approximately)

-- Dumping structure for table ppm_dies_monitoring_april.ppm_histories
CREATE TABLE IF NOT EXISTS `ppm_histories` (
  `id` bigint(20) unsigned NOT NULL AUTO_INCREMENT,
  `die_id` bigint(20) unsigned NOT NULL,
  `ppm_date` date NOT NULL,
  `stroke_at_ppm` int(11) NOT NULL,
  `ppm_number` int(11) NOT NULL DEFAULT '1' COMMENT 'Which PPM number this is (1st, 2nd, 3rd, etc)',
  `process_type` varchar(30) COLLATE utf8mb4_unicode_ci DEFAULT NULL COMMENT 'Process type used during this PPM inspection',
  `checklist_results` json DEFAULT NULL COMMENT 'JSON array of checklist inspection results',
  `pic` varchar(100) COLLATE utf8mb4_unicode_ci NOT NULL,
  `status` enum('done','pending','cancelled','partial') COLLATE utf8mb4_unicode_ci NOT NULL DEFAULT 'done',
  `maintenance_type` enum('routine','repair','overhaul','emergency') COLLATE utf8mb4_unicode_ci NOT NULL DEFAULT 'routine',
  `work_performed` text COLLATE utf8mb4_unicode_ci,
  `parts_replaced` text COLLATE utf8mb4_unicode_ci,
  `findings` text COLLATE utf8mb4_unicode_ci,
  `recommendations` text COLLATE utf8mb4_unicode_ci,
  `checked_by` varchar(100) COLLATE utf8mb4_unicode_ci DEFAULT NULL,
  `approved_by` varchar(100) COLLATE utf8mb4_unicode_ci DEFAULT NULL,
  `created_by` bigint(20) unsigned DEFAULT NULL,
  `created_at` timestamp NULL DEFAULT NULL,
  `updated_at` timestamp NULL DEFAULT NULL,
  PRIMARY KEY (`id`),
  KEY `ppm_histories_created_by_foreign` (`created_by`),
  KEY `ppm_histories_die_id_ppm_date_index` (`die_id`,`ppm_date`),
  CONSTRAINT `ppm_histories_created_by_foreign` FOREIGN KEY (`created_by`) REFERENCES `users` (`id`) ON DELETE SET NULL,
  CONSTRAINT `ppm_histories_die_id_foreign` FOREIGN KEY (`die_id`) REFERENCES `dies` (`id`) ON DELETE CASCADE
) ENGINE=InnoDB AUTO_INCREMENT=2 DEFAULT CHARSET=utf8mb4 COLLATE=utf8mb4_unicode_ci;

-- Dumping data for table ppm_dies_monitoring_april.ppm_histories: ~0 rows (approximately)
INSERT IGNORE INTO `ppm_histories` (`id`, `die_id`, `ppm_date`, `stroke_at_ppm`, `ppm_number`, `process_type`, `checklist_results`, `pic`, `status`, `maintenance_type`, `work_performed`, `parts_replaced`, `findings`, `recommendations`, `checked_by`, `approved_by`, `created_by`, `created_at`, `updated_at`) VALUES
	(1, 55, '2026-03-10', 5000, 1, 'blank_pierce', '[{"remark": null, "result": "normal", "item_no": 1, "description": "The state Upper plate Lower plate, bent, deformed or not."}, {"remark": null, "result": "normal", "item_no": 2, "description": "The state Stripper pad bent, deformed or not."}, {"remark": null, "result": "normal", "item_no": 3, "description": "Guide post Guide Bush state normal?"}, {"remark": null, "result": "normal", "item_no": 4, "description": "The condition of the cutting edge Punch - Dies normal?"}, {"remark": null, "result": "normal", "item_no": 5, "description": "The condition of the cutting edge Punch pierce cracking, chipping, broken, or not."}, {"remark": null, "result": "normal", "item_no": 6, "description": "Spring damaged, broken, bent, or not."}, {"remark": null, "result": "normal", "item_no": 7, "description": "The state Button dies cracking, chipping or not."}, {"remark": null, "result": "normal", "item_no": 8, "description": "HOOK loose or not."}]', 'Rydha Ramlan', 'done', 'routine', 'test', 'test', NULL, NULL, 'test', 'test', 2, '2026-03-10 01:22:07', '2026-03-10 01:22:07');

-- Dumping structure for table ppm_dies_monitoring_april.ppm_schedules
CREATE TABLE IF NOT EXISTS `ppm_schedules` (
  `id` bigint(20) unsigned NOT NULL AUTO_INCREMENT,
  `die_id` bigint(20) unsigned NOT NULL,
  `year` int(11) NOT NULL,
  `month` tinyint(4) NOT NULL,
  `week` tinyint(4) NOT NULL,
  `forecast_stroke` int(11) DEFAULT NULL,
  `plan_week` tinyint(4) DEFAULT NULL,
  `is_done` tinyint(1) NOT NULL DEFAULT '0',
  `actual_stroke` int(11) DEFAULT NULL,
  `ppm_date` date DEFAULT NULL,
  `pic` varchar(100) COLLATE utf8mb4_unicode_ci DEFAULT NULL,
  `notes` text COLLATE utf8mb4_unicode_ci,
  `updated_by` varchar(100) COLLATE utf8mb4_unicode_ci DEFAULT NULL,
  `created_at` timestamp NULL DEFAULT NULL,
  `updated_at` timestamp NULL DEFAULT NULL,
  PRIMARY KEY (`id`),
  UNIQUE KEY `ppm_schedules_die_id_year_month_week_unique` (`die_id`,`year`,`month`,`week`),
  CONSTRAINT `ppm_schedules_die_id_foreign` FOREIGN KEY (`die_id`) REFERENCES `dies` (`id`) ON DELETE CASCADE
) ENGINE=InnoDB AUTO_INCREMENT=3 DEFAULT CHARSET=utf8mb4 COLLATE=utf8mb4_unicode_ci;

-- Dumping data for table ppm_dies_monitoring_april.ppm_schedules: ~1 rows (approximately)
INSERT IGNORE INTO `ppm_schedules` (`id`, `die_id`, `year`, `month`, `week`, `forecast_stroke`, `plan_week`, `is_done`, `actual_stroke`, `ppm_date`, `pic`, `notes`, `updated_by`, `created_at`, `updated_at`) VALUES
	(2, 55, 2026, 3, 2, NULL, NULL, 0, NULL, '2026-03-10', 'Rydha Ramlan Gunawan', NULL, 'Rydha Ramlan Gunawan', '2026-03-09 22:47:23', '2026-03-10 00:30:51');

-- Dumping structure for table ppm_dies_monitoring_april.production_logs
CREATE TABLE IF NOT EXISTS `production_logs` (
  `id` bigint(20) unsigned NOT NULL AUTO_INCREMENT,
  `die_id` bigint(20) unsigned NOT NULL,
  `model` varchar(20) COLLATE utf8mb4_unicode_ci DEFAULT NULL,
  `production_date` date NOT NULL,
  `shift` tinyint(4) NOT NULL,
  `line` varchar(20) COLLATE utf8mb4_unicode_ci DEFAULT NULL,
  `running_process` enum('Auto','Manual','Blanking') COLLATE utf8mb4_unicode_ci DEFAULT 'Auto',
  `start_time` time DEFAULT NULL,
  `finish_time` time DEFAULT NULL,
  `total_hours` decimal(5,2) DEFAULT NULL,
  `total_minutes` int(11) DEFAULT NULL,
  `break_time` int(11) DEFAULT NULL,
  `output_qty` int(11) NOT NULL,
  `month` varchar(10) COLLATE utf8mb4_unicode_ci DEFAULT NULL,
  `created_by` bigint(20) unsigned DEFAULT NULL,
  `created_at` timestamp NULL DEFAULT NULL,
  `updated_at` timestamp NULL DEFAULT NULL,
  PRIMARY KEY (`id`),
  KEY `production_logs_created_by_foreign` (`created_by`),
  KEY `production_logs_production_date_index` (`production_date`),
  KEY `production_logs_die_id_production_date_index` (`die_id`,`production_date`),
  CONSTRAINT `production_logs_created_by_foreign` FOREIGN KEY (`created_by`) REFERENCES `users` (`id`) ON DELETE SET NULL,
  CONSTRAINT `production_logs_die_id_foreign` FOREIGN KEY (`die_id`) REFERENCES `dies` (`id`) ON DELETE CASCADE
) ENGINE=InnoDB AUTO_INCREMENT=609 DEFAULT CHARSET=utf8mb4 COLLATE=utf8mb4_unicode_ci;

-- Dumping data for table ppm_dies_monitoring_april.production_logs: ~2 rows (approximately)
INSERT IGNORE INTO `production_logs` (`id`, `die_id`, `model`, `production_date`, `shift`, `line`, `running_process`, `start_time`, `finish_time`, `total_hours`, `total_minutes`, `break_time`, `output_qty`, `month`, `created_by`, `created_at`, `updated_at`) VALUES
	(607, 55, NULL, '2026-01-06', 2, '1200T', 'Auto', '20:44:00', '23:24:00', 0.11, 160, 10, 5000, 'Jan', 3, '2026-03-09 19:50:06', '2026-03-10 00:39:52'),
	(608, 83, NULL, '2026-01-23', 1, '1200T', 'Auto', '08:00:00', '08:50:00', 0.03, 50, 0, 463, 'Jan', 3, '2026-03-09 21:57:30', '2026-03-09 21:57:30');

-- Dumping structure for table ppm_dies_monitoring_april.sessions
CREATE TABLE IF NOT EXISTS `sessions` (
  `id` varchar(255) COLLATE utf8mb4_unicode_ci NOT NULL,
  `user_id` bigint(20) unsigned DEFAULT NULL,
  `ip_address` varchar(45) COLLATE utf8mb4_unicode_ci DEFAULT NULL,
  `user_agent` text COLLATE utf8mb4_unicode_ci,
  `payload` longtext COLLATE utf8mb4_unicode_ci NOT NULL,
  `last_activity` int(11) NOT NULL,
  PRIMARY KEY (`id`),
  KEY `sessions_user_id_index` (`user_id`),
  KEY `sessions_last_activity_index` (`last_activity`)
) ENGINE=InnoDB DEFAULT CHARSET=utf8mb4 COLLATE=utf8mb4_unicode_ci;

-- Dumping data for table ppm_dies_monitoring_april.sessions: ~3 rows (approximately)
INSERT IGNORE INTO `sessions` (`id`, `user_id`, `ip_address`, `user_agent`, `payload`, `last_activity`) VALUES
	('9FYoHvjJ1b3VQ6BKv28Em11QvOdnYTcKA6HguN4o', NULL, '127.0.0.1', 'Mozilla/5.0 (Windows NT 10.0; Win64; x64) AppleWebKit/537.36 (KHTML, like Gecko) Chrome/145.0.0.0 Safari/537.36', 'YTozOntzOjY6Il90b2tlbiI7czo0MDoiTVdQRWVlenVDUXJBM2J3d3labnpKR2JyNmk4VFJWV1lKTGFyRjRZSyI7czo5OiJfcHJldmlvdXMiO2E6MTp7czozOiJ1cmwiO3M6MjE6Imh0dHA6Ly8xMjcuMC4wLjE6ODAwMCI7fXM6NjoiX2ZsYXNoIjthOjI6e3M6Mzoib2xkIjthOjA6e31zOjM6Im5ldyI7YTowOnt9fX0=', 1773213238),
	('RZQkdMeL2OZZCRrkSxDcS5TPt2U9vqzwUQjvxfsg', 1, '127.0.0.1', 'Mozilla/5.0 (Windows NT 10.0; Win64; x64) AppleWebKit/537.36 (KHTML, like Gecko) Chrome/145.0.0.0 Safari/537.36', 'YTo0OntzOjY6Il90b2tlbiI7czo0MDoiVlpoWVdFM05nbERHS1dGV1AyeGZmMWVTUGlpZFlmRUdtOXo3Q3NpVyI7czo5OiJfcHJldmlvdXMiO2E6MTp7czozOiJ1cmwiO3M6MzE6Imh0dHA6Ly8xMjcuMC4wLjE6ODAwMC9kYXNoYm9hcmQiO31zOjY6Il9mbGFzaCI7YToyOntzOjM6Im9sZCI7YTowOnt9czozOiJuZXciO2E6MDp7fX1zOjUwOiJsb2dpbl93ZWJfNTliYTM2YWRkYzJiMmY5NDAxNTgwZjAxNGM3ZjU4ZWE0ZTMwOTg5ZCI7aToxO30=', 1773219840),
	('W1T2R4mCgqShZyjpd0eAdNsYEHuGEU0dH6dS28UL', NULL, '127.0.0.1', 'Mozilla/5.0 (Windows NT 10.0; Win64; x64) AppleWebKit/537.36 (KHTML, like Gecko) Chrome/145.0.0.0 Safari/537.36', 'YTozOntzOjY6Il90b2tlbiI7czo0MDoiTkFpNWpqZjNMRTFzbG03dWNDQ09TdVZ2SVdzd09WSEJnVUFBYWdiZyI7czo5OiJfcHJldmlvdXMiO2E6MTp7czozOiJ1cmwiO3M6MjE6Imh0dHA6Ly8xMjcuMC4wLjE6ODAwMCI7fXM6NjoiX2ZsYXNoIjthOjI6e3M6Mzoib2xkIjthOjA6e31zOjM6Im5ldyI7YTowOnt9fX0=', 1773280123);

-- Dumping structure for table ppm_dies_monitoring_april.special_dies_repairs
CREATE TABLE IF NOT EXISTS `special_dies_repairs` (
  `id` bigint(20) unsigned NOT NULL AUTO_INCREMENT,
  `die_id` bigint(20) unsigned NOT NULL,
  `repair_type` varchar(50) COLLATE utf8mb4_unicode_ci NOT NULL,
  `priority` varchar(20) COLLATE utf8mb4_unicode_ci NOT NULL DEFAULT 'high',
  `status` varchar(30) COLLATE utf8mb4_unicode_ci NOT NULL DEFAULT 'pending',
  `reason` text COLLATE utf8mb4_unicode_ci NOT NULL,
  `description` text COLLATE utf8mb4_unicode_ci,
  `requested_by` varchar(100) COLLATE utf8mb4_unicode_ci DEFAULT NULL,
  `approved_by` varchar(100) COLLATE utf8mb4_unicode_ci DEFAULT NULL,
  `requested_at` timestamp NULL DEFAULT NULL,
  `approved_at` timestamp NULL DEFAULT NULL,
  `started_at` timestamp NULL DEFAULT NULL,
  `completed_at` timestamp NULL DEFAULT NULL,
  `pic` varchar(100) COLLATE utf8mb4_unicode_ci DEFAULT NULL,
  `work_performed` text COLLATE utf8mb4_unicode_ci,
  `parts_replaced` text COLLATE utf8mb4_unicode_ci,
  `findings` text COLLATE utf8mb4_unicode_ci,
  `recommendations` text COLLATE utf8mb4_unicode_ci,
  `is_ppm_interrupted` tinyint(1) NOT NULL DEFAULT '0',
  `is_urgent_delivery` tinyint(1) NOT NULL DEFAULT '0',
  `delivery_deadline` date DEFAULT NULL,
  `customer_po` varchar(100) COLLATE utf8mb4_unicode_ci DEFAULT NULL,
  `estimated_hours` int(11) DEFAULT NULL,
  `actual_hours` int(11) DEFAULT NULL,
  `previous_ppm_status` varchar(50) COLLATE utf8mb4_unicode_ci DEFAULT NULL,
  `previous_location` varchar(100) COLLATE utf8mb4_unicode_ci DEFAULT NULL,
  `notes` text COLLATE utf8mb4_unicode_ci,
  `created_by` bigint(20) unsigned DEFAULT NULL,
  `created_at` timestamp NULL DEFAULT NULL,
  `updated_at` timestamp NULL DEFAULT NULL,
  PRIMARY KEY (`id`),
  KEY `special_dies_repairs_die_id_foreign` (`die_id`),
  KEY `special_dies_repairs_created_by_foreign` (`created_by`),
  CONSTRAINT `special_dies_repairs_created_by_foreign` FOREIGN KEY (`created_by`) REFERENCES `users` (`id`),
  CONSTRAINT `special_dies_repairs_die_id_foreign` FOREIGN KEY (`die_id`) REFERENCES `dies` (`id`) ON DELETE CASCADE
) ENGINE=InnoDB DEFAULT CHARSET=utf8mb4 COLLATE=utf8mb4_unicode_ci;

-- Dumping data for table ppm_dies_monitoring_april.special_dies_repairs: ~0 rows (approximately)

-- Dumping structure for table ppm_dies_monitoring_april.tonnage_standards
CREATE TABLE IF NOT EXISTS `tonnage_standards` (
  `id` bigint(20) unsigned NOT NULL AUTO_INCREMENT,
  `tonnage` varchar(20) COLLATE utf8mb4_unicode_ci NOT NULL,
  `grade` varchar(10) COLLATE utf8mb4_unicode_ci NOT NULL,
  `type` varchar(50) COLLATE utf8mb4_unicode_ci DEFAULT NULL,
  `standard_stroke` int(11) NOT NULL,
  `lot_size` int(11) NOT NULL DEFAULT '2500',
  `description` text COLLATE utf8mb4_unicode_ci,
  `created_at` timestamp NULL DEFAULT NULL,
  `updated_at` timestamp NULL DEFAULT NULL,
  PRIMARY KEY (`id`)
) ENGINE=InnoDB AUTO_INCREMENT=6 DEFAULT CHARSET=utf8mb4 COLLATE=utf8mb4_unicode_ci;

-- Dumping data for table ppm_dies_monitoring_april.tonnage_standards: ~4 rows (approximately)
INSERT IGNORE INTO `tonnage_standards` (`id`, `tonnage`, `grade`, `type`, `standard_stroke`, `lot_size`, `description`, `created_at`, `updated_at`) VALUES
	(1, '1200T', 'D', 'Tandem Auto', 5000, 600, '1200 Ton Press - Grade D', '2026-01-21 10:41:16', '2026-03-03 19:48:57'),
	(3, '250T Progressive', 'A', 'Progressive', 10000, 600, '250T Progressive - Grade A', '2026-01-21 10:41:16', '2026-03-03 19:54:35'),
	(4, '250T', 'B', 'Tandem', 7000, 600, '250 Ton Press - Grade B (Tandem)', '2026-01-21 10:41:16', '2026-03-03 19:55:22'),
	(5, '800T', 'C', 'Tandem Auto', 7000, 600, NULL, '2026-03-03 19:45:17', '2026-03-03 19:45:17');

-- Dumping structure for table ppm_dies_monitoring_april.users
CREATE TABLE IF NOT EXISTS `users` (
  `id` bigint(20) unsigned NOT NULL AUTO_INCREMENT,
  `name` varchar(255) COLLATE utf8mb4_unicode_ci NOT NULL,
  `nik` varchar(20) COLLATE utf8mb4_unicode_ci DEFAULT NULL,
  `email` varchar(255) COLLATE utf8mb4_unicode_ci NOT NULL,
  `role` varchar(20) COLLATE utf8mb4_unicode_ci NOT NULL DEFAULT 'production',
  `photo` varchar(255) COLLATE utf8mb4_unicode_ci DEFAULT NULL,
  `is_active` tinyint(1) NOT NULL DEFAULT '1',
  `email_verified_at` timestamp NULL DEFAULT NULL,
  `password` varchar(255) COLLATE utf8mb4_unicode_ci NOT NULL,
  `remember_token` varchar(100) COLLATE utf8mb4_unicode_ci DEFAULT NULL,
  `created_at` timestamp NULL DEFAULT NULL,
  `updated_at` timestamp NULL DEFAULT NULL,
  PRIMARY KEY (`id`),
  UNIQUE KEY `users_email_unique` (`email`),
  UNIQUE KEY `users_nik_unique` (`nik`)
) ENGINE=InnoDB AUTO_INCREMENT=12 DEFAULT CHARSET=utf8mb4 COLLATE=utf8mb4_unicode_ci;

-- Dumping data for table ppm_dies_monitoring_april.users: ~9 rows (approximately)
INSERT IGNORE INTO `users` (`id`, `name`, `nik`, `email`, `role`, `photo`, `is_active`, `email_verified_at`, `password`, `remember_token`, `created_at`, `updated_at`) VALUES
	(1, 'Administrator', '000.00.00', 'admin@gmail.com', 'admin', 'photos/users/BOlil4n4GgP1sh3RupmbDJQehjlNsUhS1dgGCpxH.jpg', 1, NULL, '$2y$12$AZRbOyrHCJIzJMkef/OC4OOokyjCG8IxSrRgFKx8iIE.M.zKv5n7C', NULL, '2026-01-21 10:42:09', '2026-03-09 23:53:20'),
	(2, 'Rydha Ramlan Gunawan', '243.09.10', 'maintenance.dies@thaisummit.co.id', 'mtn_dies', 'photos/users/DYJRW2CF5bWyKwRuWUkbucaxdGDuQ1WKxFOm25ne.png', 1, NULL, '$2y$12$AZRbOyrHCJIzJMkef/OC4OOokyjCG8IxSrRgFKx8iIE.M.zKv5n7C', NULL, '2026-01-21 20:14:36', '2026-03-09 23:38:23'),
	(3, 'Yadi Heryadi', '072.05.08', 'production.eng@thaisummit.co.id', 'pe', 'photos/users/KKUo96jmJS04AepaPbN5LTVZi1tIbRcqziN8mGZn.jpg', 1, NULL, '$2y$12$AZRbOyrHCJIzJMkef/OC4OOokyjCG8IxSrRgFKx8iIE.M.zKv5n7C', NULL, '2026-01-21 20:25:16', '2026-03-09 23:44:38'),
	(4, 'Pakpoom', '838.01.23', 'testing@thaisummit.co.id', 'md', NULL, 1, NULL, '$2y$12$j1mhiV7NfS6YTuiqZYZx..2G4GeF9UERKsVdDTl2AAB88S7ZLcTEa', NULL, '2026-01-30 01:16:02', '2026-03-10 01:02:25'),
	(5, 'Sakti', '941.03.25', 'ppic-09@thaisummit.co.id', 'ppic', 'photos/users/WREPfjUrrZFKCU2JdU4TXikWDAxZlx8NUSe7Q51d.png', 1, NULL, '$2y$12$AZRbOyrHCJIzJMkef/OC4OOokyjCG8IxSrRgFKx8iIE.M.zKv5n7C', NULL, '2026-02-15 20:46:47', '2026-03-09 23:44:26'),
	(7, 'Indriani', '578.09.13', 'production-02@thaisummit.co.id', 'production', 'photos/users/JyRmLeN8N6Wz1tVT6U5gXOK7QetdwAfIhjuQn4TG.png', 1, NULL, '$2y$12$0MPww6BCw/Imaj.pr1hekOKCo5UbHg.w7/vFSOFw4tyU1CZOTvO5y', NULL, '2026-03-09 00:24:55', '2026-03-09 23:44:17'),
	(8, 'Didin Jahrudin', '630.07.14', 'it-01@thaisummit.co.id', 'admin', NULL, 1, NULL, '$2y$12$5vAWuSSz5skbf5mHnQTxx.b2dutyVzW9hUbvphwftn8FrgiJwIik6', NULL, '2026-03-09 00:26:13', '2026-03-09 00:26:13'),
	(9, 'Wildan Fathur Rohman', '943.04.25', 'it-03@thaisummit.co.id', 'production', 'photos/users/J9rGjSQiNmW2drCaFA9PHf2QB0uDUXj31bQPV9vP.jpg', 1, NULL, '$2y$12$f3Izh661VP9L1fScmsBDN.WnnaXM.YhpJUvni3QzeDV8kIhF5tQ3G', NULL, '2026-03-09 23:22:23', '2026-03-09 23:22:23'),
	(10, 'Idham Basir', '631.08.14', 'testing2@thaisummit.co.id', 'mgr_gm', 'photos/users/k4TXLPmJXqjlslgL1YiDvQbSnw5cPSxeRnU31xdB.jpg', 1, NULL, '$2y$12$IY0VQm2l5aARhY0IE602Zuq/iC0PZFPNvErStqsWbDP5DHN.2rKma', NULL, '2026-03-09 23:46:36', '2026-03-09 23:47:19'),
	(11, 'Iyan Supadiyanto', '606.10.13', 'production-01@thaisummit.co.id', 'pe', 'photos/users/3BvQDCI3ERb4ajHyGHvNxfx3eJCiiLE9tKy0OXFC.jpg', 1, NULL, '$2y$12$XHZkKfEQHLgYK196./TPr..vxaDFq3oR7HxLo/VZafYI2NvsKQb9y', NULL, '2026-03-09 23:48:16', '2026-03-09 23:48:16');

/*!40103 SET TIME_ZONE=IFNULL(@OLD_TIME_ZONE, 'system') */;
/*!40101 SET SQL_MODE=IFNULL(@OLD_SQL_MODE, '') */;
/*!40014 SET FOREIGN_KEY_CHECKS=IFNULL(@OLD_FOREIGN_KEY_CHECKS, 1) */;
/*!40101 SET CHARACTER_SET_CLIENT=@OLD_CHARACTER_SET_CLIENT */;
/*!40111 SET SQL_NOTES=IFNULL(@OLD_SQL_NOTES, 1) */;
