-- --------------------------------------------------------
-- Host:                         127.0.0.1
-- Server version:               8.0.30 - MySQL Community Server - GPL
-- Server OS:                    Win64
-- HeidiSQL Version:             12.11.0.7065
-- --------------------------------------------------------

/*!40101 SET @OLD_CHARACTER_SET_CLIENT=@@CHARACTER_SET_CLIENT */;
/*!40101 SET NAMES utf8 */;
/*!50503 SET NAMES utf8mb4 */;
/*!40103 SET @OLD_TIME_ZONE=@@TIME_ZONE */;
/*!40103 SET TIME_ZONE='+00:00' */;
/*!40014 SET @OLD_FOREIGN_KEY_CHECKS=@@FOREIGN_KEY_CHECKS, FOREIGN_KEY_CHECKS=0 */;
/*!40101 SET @OLD_SQL_MODE=@@SQL_MODE, SQL_MODE='NO_AUTO_VALUE_ON_ZERO' */;
/*!40111 SET @OLD_SQL_NOTES=@@SQL_NOTES, SQL_NOTES=0 */;


-- Dumping database structure for ppm_dies_monitoring_april
CREATE DATABASE IF NOT EXISTS `ppm_dies_monitoring_april` /*!40100 DEFAULT CHARACTER SET utf8mb4 COLLATE utf8mb4_0900_ai_ci */ /*!80016 DEFAULT ENCRYPTION='N' */;
USE `ppm_dies_monitoring_april`;

-- Dumping structure for table ppm_dies_monitoring_april.cache
CREATE TABLE IF NOT EXISTS `cache` (
  `key` varchar(255) CHARACTER SET utf8mb4 COLLATE utf8mb4_unicode_ci NOT NULL,
  `value` mediumtext CHARACTER SET utf8mb4 COLLATE utf8mb4_unicode_ci NOT NULL,
  `expiration` int NOT NULL,
  PRIMARY KEY (`key`)
) ENGINE=InnoDB DEFAULT CHARSET=utf8mb4 COLLATE=utf8mb4_unicode_ci;

-- Dumping data for table ppm_dies_monitoring_april.cache: ~0 rows (approximately)
DELETE FROM `cache`;

-- Dumping structure for table ppm_dies_monitoring_april.cache_locks
CREATE TABLE IF NOT EXISTS `cache_locks` (
  `key` varchar(255) CHARACTER SET utf8mb4 COLLATE utf8mb4_unicode_ci NOT NULL,
  `owner` varchar(255) CHARACTER SET utf8mb4 COLLATE utf8mb4_unicode_ci NOT NULL,
  `expiration` int NOT NULL,
  PRIMARY KEY (`key`)
) ENGINE=InnoDB DEFAULT CHARSET=utf8mb4 COLLATE=utf8mb4_unicode_ci;

-- Dumping data for table ppm_dies_monitoring_april.cache_locks: ~0 rows (approximately)
DELETE FROM `cache_locks`;

-- Dumping structure for table ppm_dies_monitoring_april.customers
CREATE TABLE IF NOT EXISTS `customers` (
  `id` bigint unsigned NOT NULL AUTO_INCREMENT,
  `code` varchar(20) CHARACTER SET utf8mb4 COLLATE utf8mb4_unicode_ci NOT NULL,
  `name` varchar(100) CHARACTER SET utf8mb4 COLLATE utf8mb4_unicode_ci NOT NULL,
  `contact_person` varchar(255) CHARACTER SET utf8mb4 COLLATE utf8mb4_unicode_ci DEFAULT NULL,
  `email` varchar(255) CHARACTER SET utf8mb4 COLLATE utf8mb4_unicode_ci DEFAULT NULL,
  `phone` varchar(255) CHARACTER SET utf8mb4 COLLATE utf8mb4_unicode_ci DEFAULT NULL,
  `address` text CHARACTER SET utf8mb4 COLLATE utf8mb4_unicode_ci,
  `is_active` tinyint(1) NOT NULL DEFAULT '1',
  `created_at` timestamp NULL DEFAULT NULL,
  `updated_at` timestamp NULL DEFAULT NULL,
  PRIMARY KEY (`id`),
  UNIQUE KEY `customers_code_unique` (`code`)
) ENGINE=InnoDB AUTO_INCREMENT=8 DEFAULT CHARSET=utf8mb4 COLLATE=utf8mb4_unicode_ci;

-- Dumping data for table ppm_dies_monitoring_april.customers: ~7 rows (approximately)
DELETE FROM `customers`;
INSERT INTO `customers` (`id`, `code`, `name`, `contact_person`, `email`, `phone`, `address`, `is_active`, `created_at`, `updated_at`) VALUES
	(1, 'HMMI', 'Hyundai Motor Manufacturing Indonesia', NULL, NULL, NULL, NULL, 1, '2026-01-21 10:41:16', '2026-02-22 18:55:20'),
	(2, 'ATS', 'Asteer Thai Summit', NULL, NULL, NULL, NULL, 1, '2026-01-21 10:41:16', '2026-03-16 05:52:30'),
	(3, 'UPIN', 'Unipress Indonesia', NULL, NULL, NULL, NULL, 1, '2026-01-21 10:41:16', '2026-03-16 05:53:36'),
	(4, 'G-TIM', 'G-TEKT Indonesia Manufacturing', NULL, NULL, NULL, NULL, 1, '2026-01-21 10:41:16', '2026-03-16 05:57:19'),
	(5, 'SIM', 'Suzuki Indomobil Motor', NULL, NULL, NULL, NULL, 1, '2026-01-21 10:41:16', '2026-01-21 10:41:16'),
	(6, 'TMMIN', 'Toyota Motor Manufacturing Indonesia', NULL, NULL, NULL, NULL, 1, '2026-01-21 10:41:16', '2026-01-21 10:41:16'),
	(7, 'ASI', 'Adyawinsa Stamping Induestries', NULL, NULL, NULL, NULL, 1, '2026-03-03 20:47:59', '2026-03-03 20:47:59');

-- Dumping structure for table ppm_dies_monitoring_april.dies
CREATE TABLE IF NOT EXISTS `dies` (
  `id` bigint unsigned NOT NULL AUTO_INCREMENT,
  `part_number` varchar(50) CHARACTER SET utf8mb4 COLLATE utf8mb4_unicode_ci NOT NULL,
  `part_name` varchar(200) CHARACTER SET utf8mb4 COLLATE utf8mb4_unicode_ci NOT NULL,
  `model` varchar(50) CHARACTER SET utf8mb4 COLLATE utf8mb4_unicode_ci DEFAULT NULL,
  `machine_model_id` bigint unsigned NOT NULL,
  `customer_id` bigint unsigned NOT NULL,
  `lot_size` int NOT NULL DEFAULT '600',
  `ppm_standard` int NOT NULL DEFAULT '6000',
  `qty_die` int NOT NULL DEFAULT '1',
  `dies_size` varchar(20) COLLATE utf8mb4_unicode_ci DEFAULT NULL,
  `line` varchar(20) CHARACTER SET utf8mb4 COLLATE utf8mb4_unicode_ci DEFAULT NULL,
  `process_type` varchar(30) CHARACTER SET utf8mb4 COLLATE utf8mb4_unicode_ci DEFAULT NULL COMMENT 'Process type: blank_pierce, draw, embos, trim, form, flang, restrike, pierce, cam_pierce',
  `die_group` varchar(21) COLLATE utf8mb4_unicode_ci DEFAULT NULL,
  `is_4lot_check` tinyint(1) NOT NULL DEFAULT '0',
  `accumulate_related_parts` tinyint(1) NOT NULL DEFAULT '0' COMMENT 'If true, stroke accumulation is shared across dies with the same base part number',
  `accumulation_stroke` int NOT NULL DEFAULT '0',
  `ppm_count` int NOT NULL DEFAULT '0',
  `stroke_at_last_ppm` int NOT NULL DEFAULT '0',
  `last_stroke` int NOT NULL DEFAULT '0',
  `control_stroke` int DEFAULT NULL,
  `last_ppm_date` date DEFAULT NULL,
  `location` varchar(100) CHARACTER SET utf8mb4 COLLATE utf8mb4_unicode_ci DEFAULT NULL,
  `status` enum('active','inactive','maintenance','disposed') CHARACTER SET utf8mb4 COLLATE utf8mb4_unicode_ci NOT NULL DEFAULT 'active',
  `ppm_alert_status` varchar(50) CHARACTER SET utf8mb4 COLLATE utf8mb4_unicode_ci DEFAULT NULL,
  `ppm_scheduled_date` date DEFAULT NULL,
  `ppm_scheduled_by` varchar(100) CHARACTER SET utf8mb4 COLLATE utf8mb4_unicode_ci DEFAULT NULL,
  `schedule_remark` text COLLATE utf8mb4_unicode_ci,
  `schedule_change_reason` text COLLATE utf8mb4_unicode_ci,
  `schedule_cancelled_at` timestamp NULL DEFAULT NULL,
  `schedule_cancelled_by` varchar(255) COLLATE utf8mb4_unicode_ci DEFAULT NULL,
  `schedule_approved_at` datetime DEFAULT NULL,
  `schedule_approved_by` varchar(100) CHARACTER SET utf8mb4 COLLATE utf8mb4_unicode_ci DEFAULT NULL,
  `red_alerted_at` timestamp NULL DEFAULT NULL,
  `ppm_started_at` timestamp NULL DEFAULT NULL,
  `ppm_finished_at` timestamp NULL DEFAULT NULL,
  `returned_to_production_at` timestamp NULL DEFAULT NULL,
  `ppm_total_days` int DEFAULT NULL,
  `last_lot_date` date DEFAULT NULL,
  `last_lot_date_set_by` varchar(100) CHARACTER SET utf8mb4 COLLATE utf8mb4_unicode_ci DEFAULT NULL,
  `transferred_at` timestamp NULL DEFAULT NULL,
  `transferred_by` varchar(100) CHARACTER SET utf8mb4 COLLATE utf8mb4_unicode_ci DEFAULT NULL,
  `transfer_from_location` varchar(100) CHARACTER SET utf8mb4 COLLATE utf8mb4_unicode_ci DEFAULT NULL,
  `transfer_to_location` varchar(100) CHARACTER SET utf8mb4 COLLATE utf8mb4_unicode_ci DEFAULT NULL,
  `notes` text CHARACTER SET utf8mb4 COLLATE utf8mb4_unicode_ci,
  `mtn_remark` text COLLATE utf8mb4_unicode_ci,
  `ppic_remark` text COLLATE utf8mb4_unicode_ci,
  `created_at` timestamp NULL DEFAULT NULL,
  `updated_at` timestamp NULL DEFAULT NULL,
  PRIMARY KEY (`id`),
  KEY `dies_machine_model_id_foreign` (`machine_model_id`),
  KEY `dies_customer_id_foreign` (`customer_id`),
  KEY `dies_part_number_index` (`part_number`),
  KEY `dies_status_index` (`status`),
  CONSTRAINT `dies_customer_id_foreign` FOREIGN KEY (`customer_id`) REFERENCES `customers` (`id`),
  CONSTRAINT `dies_machine_model_id_foreign` FOREIGN KEY (`machine_model_id`) REFERENCES `machine_models` (`id`)
) ENGINE=InnoDB AUTO_INCREMENT=1216 DEFAULT CHARSET=utf8mb4 COLLATE=utf8mb4_unicode_ci;

-- Dumping data for table ppm_dies_monitoring_april.dies: ~314 rows (approximately)
DELETE FROM `dies`;
INSERT INTO `dies` (`id`, `part_number`, `part_name`, `model`, `machine_model_id`, `customer_id`, `lot_size`, `ppm_standard`, `qty_die`, `dies_size`, `line`, `process_type`, `die_group`, `is_4lot_check`, `accumulate_related_parts`, `accumulation_stroke`, `ppm_count`, `stroke_at_last_ppm`, `last_stroke`, `control_stroke`, `last_ppm_date`, `location`, `status`, `ppm_alert_status`, `ppm_scheduled_date`, `ppm_scheduled_by`, `schedule_remark`, `schedule_change_reason`, `schedule_cancelled_at`, `schedule_cancelled_by`, `schedule_approved_at`, `schedule_approved_by`, `red_alerted_at`, `ppm_started_at`, `ppm_finished_at`, `returned_to_production_at`, `ppm_total_days`, `last_lot_date`, `last_lot_date_set_by`, `transferred_at`, `transferred_by`, `transfer_from_location`, `transfer_to_location`, `notes`, `mtn_remark`, `ppic_remark`, `created_at`, `updated_at`) VALUES
	(901, '5211A428', 'BAR, FR END UPR, SIDE RH', '20QX', 9, 2, 600, 6000, 4, NULL, '800T', NULL, '52', 0, 0, 0, 0, 0, 13600, NULL, '2026-03-10', NULL, 'active', NULL, NULL, NULL, NULL, NULL, NULL, NULL, NULL, NULL, NULL, NULL, NULL, NULL, NULL, NULL, NULL, NULL, NULL, NULL, NULL, NULL, NULL, NULL, '2026-04-13 01:45:50', '2026-04-15 02:23:55'),
	(902, '5211A429', 'BAR, FR END UPR, SIDE LH', '20QX', 9, 2, 600, 6000, 4, NULL, '800T', NULL, '52', 0, 0, 0, 0, 0, 13600, NULL, '2026-03-04', NULL, 'active', NULL, NULL, NULL, NULL, NULL, NULL, NULL, NULL, NULL, NULL, NULL, NULL, NULL, NULL, NULL, NULL, NULL, NULL, NULL, NULL, NULL, NULL, NULL, '2026-04-13 01:45:50', '2026-04-15 02:23:55'),
	(903, '5240B908/909 (A1)', 'BRACE DASH SIDE RH/LH', '4L45W', 2, 2, 600, 6000, 3, NULL, '800T', NULL, '5240B908', 0, 0, 2400, 0, 0, 27200, NULL, '2026-03-30', NULL, 'active', NULL, NULL, NULL, NULL, NULL, NULL, NULL, NULL, NULL, NULL, NULL, NULL, NULL, NULL, NULL, NULL, NULL, NULL, NULL, NULL, NULL, NULL, NULL, '2026-04-13 01:45:50', '2026-04-15 09:38:51'),
	(904, '5253AT11/AT12 (A1)', 'REINF ,F/FLR SIDE SILL INR LH/RH', '4L45W', 2, 2, 600, 6000, 4, NULL, '800T', NULL, '5253AT11/AT12', 0, 0, 2900, 0, 0, 27200, NULL, '2026-03-31', NULL, 'active', NULL, NULL, NULL, NULL, NULL, NULL, NULL, NULL, NULL, NULL, NULL, NULL, NULL, NULL, NULL, NULL, NULL, NULL, NULL, NULL, NULL, NULL, NULL, '2026-04-13 01:45:50', '2026-04-15 09:47:37'),
	(905, '67412 W000P (A1)', 'C/ MBR DASH', '4L45W', 2, 2, 600, 6000, 4, NULL, '800T', NULL, '67412', 0, 0, 4900, 0, 0, 7400, NULL, '2026-03-27', NULL, 'active', NULL, NULL, NULL, NULL, NULL, NULL, NULL, NULL, NULL, NULL, NULL, NULL, NULL, NULL, NULL, NULL, NULL, NULL, NULL, NULL, NULL, NULL, NULL, '2026-04-13 01:45:50', '2026-04-15 16:26:58'),
	(906, '67412-C000P (A1)', 'C/ MBR DASH', '5H45 (RX)', 20, 2, 600, 6000, 5, NULL, '800T', NULL, '67412', 0, 0, 4900, 0, 0, 7400, NULL, '2026-03-27', NULL, 'active', NULL, NULL, NULL, NULL, NULL, NULL, NULL, NULL, NULL, NULL, NULL, NULL, NULL, NULL, NULL, NULL, NULL, NULL, NULL, NULL, NULL, NULL, NULL, '2026-04-13 01:45:50', '2026-04-15 16:26:58'),
	(907, '76452-W100P', 'SILL-INR,RH', 'RNE', 10, 2, 600, 6000, 5, NULL, '800T', NULL, NULL, 0, 0, 0, 0, 0, 1200, NULL, '2026-04-06', NULL, 'active', NULL, NULL, NULL, NULL, NULL, NULL, NULL, NULL, NULL, NULL, NULL, NULL, NULL, NULL, NULL, NULL, NULL, NULL, NULL, NULL, NULL, NULL, NULL, '2026-04-13 01:45:50', '2026-04-13 01:45:50'),
	(908, '764B0-B000P', 'REINF-SILL OTR,FR RH', '5H45 (RV)', 19, 2, 600, 6000, 5, NULL, '800T', NULL, '764B0', 0, 0, 1050, 0, 0, 2100, NULL, '2026-03-13', NULL, 'active', NULL, NULL, NULL, NULL, NULL, NULL, NULL, NULL, NULL, NULL, NULL, NULL, NULL, NULL, NULL, NULL, NULL, NULL, NULL, NULL, NULL, NULL, NULL, '2026-04-13 01:45:50', '2026-04-15 16:29:01'),
	(909, '764B0-C000P', 'REINF-SILL OTR,FR RH', '5H45 (RX)', 20, 2, 600, 6000, 5, NULL, '800T', NULL, '764B0', 0, 0, 1050, 0, 0, 2100, NULL, '2026-03-13', NULL, 'active', NULL, NULL, NULL, NULL, NULL, NULL, NULL, NULL, NULL, NULL, NULL, NULL, NULL, NULL, NULL, NULL, NULL, NULL, NULL, NULL, NULL, NULL, NULL, '2026-04-13 01:45:50', '2026-04-15 16:29:01'),
	(910, '764B1-B000P', 'REINF-SILL OTR,FR LH', '5H45 (RV)', 19, 2, 600, 6000, 5, NULL, '800T', NULL, '764B1', 0, 0, 1200, 0, 0, 2400, NULL, '2026-03-05', NULL, 'active', NULL, NULL, NULL, NULL, NULL, NULL, NULL, NULL, NULL, NULL, NULL, NULL, NULL, NULL, NULL, NULL, NULL, NULL, NULL, NULL, NULL, NULL, NULL, '2026-04-13 01:45:50', '2026-04-15 16:30:34'),
	(911, '764B1-C000P ', 'REINF-SILL OTR,FR LH', '5H45 (RX)', 20, 2, 600, 6000, 5, NULL, '800T', NULL, '764B1', 0, 0, 1200, 0, 0, 2400, NULL, '2026-03-05', NULL, 'active', NULL, NULL, NULL, NULL, NULL, NULL, NULL, NULL, NULL, NULL, NULL, NULL, NULL, NULL, NULL, NULL, NULL, NULL, NULL, NULL, NULL, NULL, NULL, '2026-04-13 01:45:50', '2026-04-15 16:30:34'),
	(912, '76452-B000P', 'SILL-INR,RH', '5H45 (RV)', 19, 2, 600, 6000, 4, NULL, '800T', NULL, NULL, 0, 0, 0, 0, 0, 1200, NULL, '2026-04-06', NULL, 'active', NULL, NULL, NULL, NULL, NULL, NULL, NULL, NULL, NULL, NULL, NULL, NULL, NULL, NULL, NULL, NULL, NULL, NULL, NULL, NULL, NULL, NULL, NULL, '2026-04-13 01:45:50', '2026-04-13 01:45:50'),
	(913, '76452-C000P', 'SILL-INR,RH', '5H45 (RX)', 20, 2, 600, 6000, 4, NULL, '800T', NULL, NULL, 0, 0, 0, 0, 0, 1200, NULL, '2026-04-06', NULL, 'active', NULL, NULL, NULL, NULL, NULL, NULL, NULL, NULL, NULL, NULL, NULL, NULL, NULL, NULL, NULL, NULL, NULL, NULL, NULL, NULL, NULL, NULL, NULL, '2026-04-13 01:45:50', '2026-04-13 01:45:50'),
	(914, '76452-B010P ', 'SILL-INR,RH', '5H45 (RVE)', 21, 2, 600, 6000, 5, NULL, '800T', NULL, NULL, 0, 0, 600, 0, 0, 1200, NULL, '2026-04-06', NULL, 'active', NULL, NULL, NULL, NULL, NULL, NULL, NULL, NULL, NULL, NULL, NULL, NULL, NULL, NULL, NULL, NULL, NULL, NULL, NULL, NULL, NULL, NULL, NULL, '2026-04-13 01:45:50', '2026-04-14 09:53:38'),
	(915, '76453-B000P', 'SILL-INR,LH', '5H45 (RV)', 19, 2, 600, 6000, 4, NULL, '800T', NULL, '76453', 0, 0, 569, 0, 0, 938, NULL, '2026-03-12', NULL, 'active', NULL, NULL, NULL, NULL, NULL, NULL, NULL, NULL, NULL, NULL, NULL, NULL, NULL, NULL, NULL, NULL, NULL, NULL, NULL, NULL, NULL, NULL, NULL, '2026-04-13 01:45:50', '2026-04-15 16:33:37'),
	(916, '76453-C000P', 'SILL-INR,LH', '5H45 (RX)', 20, 2, 600, 6000, 4, NULL, '800T', NULL, '76453', 0, 0, 569, 0, 0, 938, NULL, '2026-03-12', NULL, 'active', NULL, NULL, NULL, NULL, NULL, NULL, NULL, NULL, NULL, NULL, NULL, NULL, NULL, NULL, NULL, NULL, NULL, NULL, NULL, NULL, NULL, NULL, NULL, '2026-04-13 01:45:50', '2026-04-15 16:33:37'),
	(917, '76453-B020P ', 'SILL-INR,LH', '5H45 (RVE)', 21, 2, 600, 6000, 4, NULL, '800T', NULL, '76453', 0, 0, 569, 0, 0, 938, NULL, '2026-03-12', NULL, 'active', NULL, NULL, NULL, NULL, NULL, NULL, NULL, NULL, NULL, NULL, NULL, NULL, NULL, NULL, NULL, NULL, NULL, NULL, NULL, NULL, NULL, NULL, NULL, '2026-04-13 01:45:50', '2026-04-15 16:33:37'),
	(918, '65176-I6000 ', 'MBR FR SEAT CROSS RR LH/RH', 'KS', 1, 1, 600, 6000, 3, NULL, '800T', NULL, NULL, 0, 0, 0, 0, 0, 1200, NULL, '2026-02-06', NULL, 'active', NULL, NULL, NULL, NULL, NULL, NULL, NULL, NULL, NULL, NULL, NULL, NULL, NULL, NULL, NULL, NULL, NULL, NULL, NULL, NULL, NULL, NULL, NULL, '2026-04-13 01:45:50', '2026-04-13 01:45:50'),
	(919, '65212/22-I6000', 'MBR CTR FLR SIDE LH/RH', 'KS', 1, 1, 600, 6000, 3, NULL, '800T', NULL, NULL, 0, 0, 0, 0, 0, 1200, NULL, '2026-02-25', NULL, 'active', NULL, NULL, NULL, NULL, NULL, NULL, NULL, NULL, NULL, NULL, NULL, NULL, NULL, NULL, NULL, NULL, NULL, NULL, NULL, NULL, NULL, NULL, NULL, '2026-04-13 01:45:50', '2026-04-13 01:45:50'),
	(920, '71234/44-I6000 (A1)', 'SUPPORT-FR PILLAR INR,LH/RH', 'KS', 1, 1, 600, 6000, 4, NULL, '800T', NULL, '71234/44-I6000', 0, 0, 4013, 0, 0, 8026, NULL, '2025-11-10', NULL, 'active', NULL, NULL, NULL, NULL, NULL, NULL, NULL, NULL, NULL, NULL, NULL, NULL, NULL, NULL, NULL, NULL, NULL, NULL, NULL, NULL, NULL, NULL, NULL, '2026-04-13 01:45:50', '2026-04-15 16:36:05'),
	(921, '71354/64-I6000 (A1) ', 'REINF CTR PILLAR OTR LWR,LH/RH', 'KS', 1, 1, 600, 6000, 4, NULL, '800T', NULL, '71354/64-I6000', 0, 0, 600, 0, 0, 1200, NULL, '2026-02-12', NULL, 'active', NULL, NULL, NULL, NULL, NULL, NULL, NULL, NULL, NULL, NULL, NULL, NULL, NULL, NULL, NULL, NULL, NULL, NULL, NULL, NULL, NULL, NULL, NULL, '2026-04-13 01:45:50', '2026-04-15 16:38:08'),
	(922, '71328-I6000', 'REINF S/SILL OTR CTR,RH', 'KS', 1, 1, 600, 6000, 4, NULL, '800T', NULL, NULL, 0, 0, 0, 0, 0, 600, NULL, '2026-02-20', NULL, 'active', NULL, NULL, NULL, NULL, NULL, NULL, NULL, NULL, NULL, NULL, NULL, NULL, NULL, NULL, NULL, NULL, NULL, NULL, NULL, NULL, NULL, NULL, NULL, '2026-04-13 01:45:50', '2026-04-13 01:45:50'),
	(923, '71232-I6000', 'PILLAR FR INR UPR,LH', 'KS', 1, 1, 600, 6000, 3, NULL, '800T', NULL, NULL, 0, 0, 0, 0, 0, 0, NULL, '2026-03-26', NULL, 'active', NULL, NULL, NULL, NULL, NULL, NULL, NULL, NULL, NULL, NULL, NULL, NULL, NULL, NULL, NULL, NULL, NULL, NULL, NULL, NULL, NULL, NULL, NULL, '2026-04-13 01:45:50', '2026-04-13 01:45:50'),
	(924, '71454-I6000', 'REINF ROOF SIDE OTR,LH', 'KS', 1, 1, 600, 6000, 3, NULL, '800T', NULL, NULL, 0, 0, 0, 0, 0, 1170, NULL, '2026-02-10', NULL, 'active', NULL, NULL, NULL, NULL, NULL, NULL, NULL, NULL, NULL, NULL, NULL, NULL, NULL, NULL, NULL, NULL, NULL, NULL, NULL, NULL, NULL, NULL, NULL, '2026-04-13 01:45:50', '2026-04-13 01:45:50'),
	(925, '71464-I6000', 'REINF ROOF SIDE OTR,RH', 'KS', 1, 1, 600, 6000, 3, NULL, '800T', NULL, NULL, 0, 0, 0, 0, 0, 1101, NULL, '2026-02-11', NULL, 'active', NULL, NULL, NULL, NULL, NULL, NULL, NULL, NULL, NULL, NULL, NULL, NULL, NULL, NULL, NULL, NULL, NULL, NULL, NULL, NULL, NULL, NULL, NULL, '2026-04-13 01:45:50', '2026-04-13 01:45:50'),
	(926, '71242-I6000', 'PILLAR FR INR UPR,RH', 'KS', 1, 1, 600, 6000, 3, NULL, '800T', NULL, NULL, 0, 0, 0, 0, 0, 1200, NULL, '2026-02-09', NULL, 'active', NULL, NULL, NULL, NULL, NULL, NULL, NULL, NULL, NULL, NULL, NULL, NULL, NULL, NULL, NULL, NULL, NULL, NULL, NULL, NULL, NULL, NULL, NULL, '2026-04-13 01:45:50', '2026-04-13 01:45:50'),
	(927, '71318-I6000', 'REINF S/SILL OTR CTR,LH', 'KS', 1, 1, 600, 6000, 4, NULL, '800T', NULL, NULL, 0, 0, 0, 0, 0, 0, NULL, '2026-02-26', NULL, 'active', NULL, NULL, NULL, NULL, NULL, NULL, NULL, NULL, NULL, NULL, NULL, NULL, NULL, NULL, NULL, NULL, NULL, NULL, NULL, NULL, NULL, NULL, NULL, '2026-04-13 01:45:50', '2026-04-13 01:45:50'),
	(928, '71236/46-I6000 ', 'REINF FR PILLAR INR UPR,LH/RH', 'KS', 1, 1, 600, 6000, 5, NULL, '800T', NULL, '71236/46-I6000', 0, 0, 4643, 0, 0, 9286, NULL, '2025-11-06', NULL, 'active', NULL, NULL, NULL, NULL, NULL, NULL, NULL, NULL, NULL, NULL, NULL, NULL, NULL, NULL, NULL, NULL, NULL, NULL, NULL, NULL, NULL, NULL, NULL, '2026-04-13 01:45:50', '2026-04-15 16:52:40'),
	(929, '66114/164-T86-K000-50 (Auto)', 'GST R/L, RR PLR LWR', '2JX', 7, 4, 600, 6000, 5, NULL, '800T', NULL, NULL, 0, 0, 256, 0, 0, 4646, NULL, '2025-12-19', NULL, 'active', NULL, NULL, NULL, NULL, NULL, NULL, NULL, NULL, NULL, NULL, NULL, NULL, NULL, NULL, NULL, NULL, NULL, NULL, NULL, NULL, NULL, NULL, NULL, '2026-04-13 01:45:50', '2026-04-14 09:53:38'),
	(930, '66114/154-3M0-3000 (Auto)', 'STIFF R/L, RR PANEL SIDE', '2GN', 13, 4, 600, 6000, 5, NULL, '800T', NULL, NULL, 0, 0, 0, 0, 0, 2576, NULL, '2025-10-24', NULL, 'active', NULL, NULL, NULL, NULL, NULL, NULL, NULL, NULL, NULL, NULL, NULL, NULL, NULL, NULL, NULL, NULL, NULL, NULL, NULL, NULL, NULL, NULL, NULL, '2026-04-13 01:45:50', '2026-04-13 01:45:50'),
	(931, '65701-TSV-K000-50 OP10-50 (Auto)', 'C/ MBR MID FLOOR', '3K6A', 12, 4, 600, 6000, 5, NULL, '800T', NULL, NULL, 0, 0, 257, 0, 0, 2980, NULL, '2025-12-02', NULL, 'active', NULL, NULL, NULL, NULL, NULL, NULL, NULL, NULL, NULL, NULL, NULL, NULL, NULL, NULL, NULL, NULL, NULL, NULL, NULL, NULL, NULL, NULL, NULL, '2026-04-13 01:45:50', '2026-04-14 09:53:38'),
	(932, '71236/46-I6000 (Semi Auto)', 'REINF FR PILLAR INR UPR,LH/RH', 'KS', 1, 1, 600, 6000, 5, NULL, '800T', NULL, '71236/46-I6000', 0, 0, 4643, 0, 0, 9286, NULL, '2025-11-06', NULL, 'active', NULL, NULL, NULL, NULL, NULL, NULL, NULL, NULL, NULL, NULL, NULL, NULL, NULL, NULL, NULL, NULL, NULL, NULL, NULL, NULL, NULL, NULL, NULL, '2026-04-13 01:45:50', '2026-04-15 16:52:40'),
	(933, '66114/164-T86-K000-50 (Semi Auto)', 'GST R/L, RR PLR LWR', '2JX', 7, 4, 600, 6000, 5, NULL, '800T', NULL, NULL, 0, 0, 256, 0, 0, 4646, NULL, '2025-12-19', NULL, 'active', NULL, NULL, NULL, NULL, NULL, NULL, NULL, NULL, NULL, NULL, NULL, NULL, NULL, NULL, NULL, NULL, NULL, NULL, NULL, NULL, NULL, NULL, NULL, '2026-04-13 01:45:50', '2026-04-14 09:53:38'),
	(934, '66114/154-3M0-3000 (Semi Auto)', 'STIFF R/L, RR PANEL SIDE', '2GN', 13, 4, 600, 6000, 5, NULL, '800T', NULL, NULL, 0, 0, 0, 0, 0, 2576, NULL, '2025-10-24', NULL, 'active', NULL, NULL, NULL, NULL, NULL, NULL, NULL, NULL, NULL, NULL, NULL, NULL, NULL, NULL, NULL, NULL, NULL, NULL, NULL, NULL, NULL, NULL, NULL, '2026-04-13 01:45:50', '2026-04-13 01:45:50'),
	(935, '65701-TSV-K000-50 OP10-50 (Semi Auto)', 'C/ MBR MID FLOOR', '3K6A', 12, 4, 600, 6000, 5, NULL, '800T', NULL, NULL, 0, 0, 257, 0, 0, 2980, NULL, '2025-12-02', NULL, 'active', NULL, NULL, NULL, NULL, NULL, NULL, NULL, NULL, NULL, NULL, NULL, NULL, NULL, NULL, NULL, NULL, NULL, NULL, NULL, NULL, NULL, NULL, NULL, '2026-04-13 01:45:50', '2026-04-14 09:53:38'),
	(936, '65701-TSV-K000-50 OP60-70 (Semi Auto)', 'C/ MBR MID FLOOR', '3K6A', 12, 4, 600, 6000, 2, NULL, '800T', NULL, NULL, 0, 0, 257, 0, 0, 2980, NULL, '2025-12-02', NULL, 'active', NULL, NULL, NULL, NULL, NULL, NULL, NULL, NULL, NULL, NULL, NULL, NULL, NULL, NULL, NULL, NULL, NULL, NULL, NULL, NULL, NULL, NULL, NULL, '2026-04-13 01:45:50', '2026-04-14 09:53:38'),
	(937, '76452-W100P (Semi Auto)', 'SILL-INR,RH', 'RNE', 10, 2, 600, 6000, 5, NULL, '800T', NULL, NULL, 0, 0, 0, 0, 0, 1200, NULL, '2026-04-06', NULL, 'active', NULL, NULL, NULL, NULL, NULL, NULL, NULL, NULL, NULL, NULL, NULL, NULL, NULL, NULL, NULL, NULL, NULL, NULL, NULL, NULL, NULL, NULL, NULL, '2026-04-13 01:45:50', '2026-04-13 01:45:50'),
	(938, '764B0-B000P (Semi Auto)', 'REINF-SILL OTR,FR RH', '5H45 (RV)', 19, 2, 600, 6000, 5, NULL, '800T', NULL, '764B0', 0, 0, 1050, 0, 0, 2100, NULL, '2026-03-13', NULL, 'active', NULL, NULL, NULL, NULL, NULL, NULL, NULL, NULL, NULL, NULL, NULL, NULL, NULL, NULL, NULL, NULL, NULL, NULL, NULL, NULL, NULL, NULL, NULL, '2026-04-13 01:45:50', '2026-04-15 16:29:01'),
	(939, '764B0-C000P (Semi Auto)', 'REINF-SILL OTR,FR RH', '5H45 (RX)', 20, 2, 600, 6000, 5, NULL, '800T', NULL, '764B0', 0, 0, 1050, 0, 0, 2100, NULL, '2026-03-13', NULL, 'active', NULL, NULL, NULL, NULL, NULL, NULL, NULL, NULL, NULL, NULL, NULL, NULL, NULL, NULL, NULL, NULL, NULL, NULL, NULL, NULL, NULL, NULL, NULL, '2026-04-13 01:45:50', '2026-04-15 16:29:01'),
	(940, '764B1-B000P (Semi Auto)', 'REINF-SILL OTR,FR LH', '5H45 (RV)', 19, 2, 600, 6000, 5, NULL, '800T', NULL, '764B1', 0, 0, 1200, 0, 0, 2400, NULL, '2026-03-05', NULL, 'active', NULL, NULL, NULL, NULL, NULL, NULL, NULL, NULL, NULL, NULL, NULL, NULL, NULL, NULL, NULL, NULL, NULL, NULL, NULL, NULL, NULL, NULL, NULL, '2026-04-13 01:45:50', '2026-04-15 16:30:34'),
	(941, '764B1-C000P (Semi Auto)', 'REINF-SILL OTR,FR LH', '5H45 (RX)', 20, 2, 600, 6000, 5, NULL, '800T', NULL, '764B1', 0, 0, 1200, 0, 0, 2400, NULL, '2026-03-05', NULL, 'active', NULL, NULL, NULL, NULL, NULL, NULL, NULL, NULL, NULL, NULL, NULL, NULL, NULL, NULL, NULL, NULL, NULL, NULL, NULL, NULL, NULL, NULL, NULL, '2026-04-13 01:45:50', '2026-04-15 16:30:34'),
	(942, '76452-B010P (Semi Auto)', 'SILL-INR,RH', '5H45 (RVE)', 21, 2, 600, 6000, 5, NULL, '800T', NULL, NULL, 0, 0, 600, 0, 0, 1200, NULL, '2026-04-06', NULL, 'active', NULL, NULL, NULL, NULL, NULL, NULL, NULL, NULL, NULL, NULL, NULL, NULL, NULL, NULL, NULL, NULL, NULL, NULL, NULL, NULL, NULL, NULL, NULL, '2026-04-13 01:45:50', '2026-04-14 09:53:38'),
	(943, '76453-B000P (Semi Auto)', 'SILL-INR,LH', '5H45 (RV)', 19, 2, 600, 6000, 4, NULL, '800T', NULL, '76453', 0, 0, 569, 0, 0, 938, NULL, '2026-03-12', NULL, 'active', NULL, NULL, NULL, NULL, NULL, NULL, NULL, NULL, NULL, NULL, NULL, NULL, NULL, NULL, NULL, NULL, NULL, NULL, NULL, NULL, NULL, NULL, NULL, '2026-04-13 01:45:50', '2026-04-15 16:33:37'),
	(944, '76453-C000P (Semi Auto)', 'SILL-INR,LH', '5H45 (RX)', 20, 2, 600, 6000, 4, NULL, '800T', NULL, '76453', 0, 0, 569, 0, 0, 938, NULL, '2026-03-12', NULL, 'active', NULL, NULL, NULL, NULL, NULL, NULL, NULL, NULL, NULL, NULL, NULL, NULL, NULL, NULL, NULL, NULL, NULL, NULL, NULL, NULL, NULL, NULL, NULL, '2026-04-13 01:45:50', '2026-04-15 16:33:37'),
	(945, '76453-B020P (Semi Auto)', 'SILL-INR,LH', '5H45 (RVE)', 21, 2, 600, 6000, 4, NULL, '800T', NULL, '76453', 0, 0, 569, 0, 0, 938, NULL, '2026-03-12', NULL, 'active', NULL, NULL, NULL, NULL, NULL, NULL, NULL, NULL, NULL, NULL, NULL, NULL, NULL, NULL, NULL, NULL, NULL, NULL, NULL, NULL, NULL, NULL, NULL, '2026-04-13 01:45:50', '2026-04-15 16:33:37'),
	(946, '5253AH62 (A1)', 'SILL F/FLR SIDE INR RH', '4L45W', 2, 2, 600, 6000, 4, NULL, '800T', NULL, '5253A', 0, 0, 2900, 0, 0, 27200, NULL, '2026-03-17', NULL, 'active', NULL, NULL, NULL, NULL, NULL, NULL, NULL, NULL, NULL, NULL, NULL, NULL, NULL, NULL, NULL, NULL, NULL, NULL, NULL, NULL, NULL, NULL, NULL, '2026-04-13 01:45:50', '2026-04-15 09:47:37'),
	(947, '5253AH61 ', 'SILL F/FLR SIDE INR LH', '4L45W', 2, 2, 600, 6000, 4, NULL, '1200T', NULL, '5253A', 0, 0, 2900, 0, 0, 27200, NULL, '2026-03-16', NULL, 'active', NULL, NULL, NULL, NULL, NULL, NULL, NULL, NULL, NULL, NULL, NULL, NULL, NULL, NULL, NULL, NULL, NULL, NULL, NULL, NULL, NULL, NULL, NULL, '2026-04-13 01:45:50', '2026-04-15 09:47:37'),
	(948, '5253AH62 ', 'SILL F/FLR SIDE INR RH', '4L45W', 2, 2, 600, 6000, 4, NULL, '1200T', NULL, '5253A', 0, 0, 2900, 0, 0, 27200, NULL, '2026-03-17', NULL, 'active', NULL, NULL, NULL, NULL, NULL, NULL, NULL, NULL, NULL, NULL, NULL, NULL, NULL, NULL, NULL, NULL, NULL, NULL, NULL, NULL, NULL, NULL, NULL, '2026-04-13 01:45:50', '2026-04-15 09:47:37'),
	(949, '67412 W000P (A2)', 'C/ MBR DASH', '4L45W', 2, 2, 600, 6000, 4, NULL, '1200T', NULL, '67412', 0, 0, 4900, 0, 0, 7400, NULL, '2026-03-27', NULL, 'active', NULL, NULL, NULL, NULL, NULL, NULL, NULL, NULL, NULL, NULL, NULL, NULL, NULL, NULL, NULL, NULL, NULL, NULL, NULL, NULL, NULL, NULL, NULL, '2026-04-13 01:45:50', '2026-04-15 16:26:58'),
	(950, '5240B908/909 (A2)', 'BRACE DASH SIDE RH', '4L45W', 2, 2, 600, 6000, 3, NULL, '1200T', NULL, '5240B908', 0, 0, 2400, 0, 0, 27200, NULL, '2026-03-30', NULL, 'active', NULL, NULL, NULL, NULL, NULL, NULL, NULL, NULL, NULL, NULL, NULL, NULL, NULL, NULL, NULL, NULL, NULL, NULL, NULL, NULL, NULL, NULL, NULL, '2026-04-13 01:45:50', '2026-04-15 09:38:51'),
	(951, '5253AT11/AT12 (A2)', 'REINF ,F/FLR SIDE SILL INR LH', '4L45W', 2, 2, 600, 6000, 4, NULL, '1200T', NULL, '5253AT11/AT12', 0, 0, 2900, 0, 0, 27200, NULL, '2026-03-31', NULL, 'active', NULL, NULL, NULL, NULL, NULL, NULL, NULL, NULL, NULL, NULL, NULL, NULL, NULL, NULL, NULL, NULL, NULL, NULL, NULL, NULL, NULL, NULL, NULL, '2026-04-13 01:45:50', '2026-04-15 09:47:37'),
	(952, '71378-I6000 ', 'REINF SIDE SILL OTR,LH', 'KS', 1, 1, 600, 5000, 4, NULL, '1200T', NULL, NULL, 0, 0, 0, 0, 0, 4102, NULL, '2025-11-11', NULL, 'active', NULL, NULL, NULL, NULL, NULL, NULL, NULL, NULL, NULL, NULL, NULL, NULL, NULL, NULL, NULL, NULL, NULL, NULL, NULL, NULL, NULL, NULL, NULL, '2026-04-13 01:45:50', '2026-04-13 01:45:50'),
	(953, '65132-I6000 ', 'REINF-CTR FLOOR', 'KS', 1, 1, 600, 5000, 4, NULL, '1200T', NULL, NULL, 0, 0, 165, 0, 0, 1200, NULL, '2026-02-02', NULL, 'active', NULL, NULL, NULL, NULL, NULL, NULL, NULL, NULL, NULL, NULL, NULL, NULL, NULL, NULL, NULL, NULL, NULL, NULL, NULL, NULL, NULL, NULL, NULL, '2026-04-13 01:45:50', '2026-04-14 09:53:38'),
	(954, '71188-I6000 ', 'REINF FR PILLAR OTR UPR,RH', 'KS', 1, 1, 600, 6000, 4, NULL, '1200T', NULL, NULL, 0, 0, 0, 0, 0, 600, NULL, '2026-02-23', NULL, 'active', NULL, NULL, NULL, NULL, NULL, NULL, NULL, NULL, NULL, NULL, NULL, NULL, NULL, NULL, NULL, NULL, NULL, NULL, NULL, NULL, NULL, NULL, NULL, '2026-04-13 01:45:50', '2026-04-13 01:45:50'),
	(955, '71148-I6000 ', 'REINF ROOF SIDE OTR RR,RH', 'KS', 1, 1, 600, 6000, 3, NULL, '1200T', NULL, NULL, 0, 0, 0, 0, 0, 596, NULL, '2026-02-24', NULL, 'active', NULL, NULL, NULL, NULL, NULL, NULL, NULL, NULL, NULL, NULL, NULL, NULL, NULL, NULL, NULL, NULL, NULL, NULL, NULL, NULL, NULL, NULL, NULL, '2026-04-13 01:45:50', '2026-04-13 01:45:50'),
	(956, '71132-I6000 ', 'REINF-FR PILLAR OTR LWR,LH', 'KS', 1, 1, 600, 5000, 4, NULL, '1200T', NULL, NULL, 0, 0, 0, 0, 0, 2816, NULL, '2025-11-20', NULL, 'active', NULL, NULL, NULL, NULL, NULL, NULL, NULL, NULL, NULL, NULL, NULL, NULL, NULL, NULL, NULL, NULL, NULL, NULL, NULL, NULL, NULL, NULL, NULL, '2026-04-13 01:45:50', '2026-04-13 01:45:50'),
	(957, '71142-I6000 ', 'REINF-FR PILLAR OTR LWR,RH', 'KS', 1, 1, 600, 5000, 4, NULL, '1200T', NULL, NULL, 0, 0, 0, 0, 0, 3458, NULL, '2025-11-03', NULL, 'active', NULL, NULL, NULL, NULL, NULL, NULL, NULL, NULL, NULL, NULL, NULL, NULL, NULL, NULL, NULL, NULL, NULL, NULL, NULL, NULL, NULL, NULL, NULL, '2026-04-13 01:45:50', '2026-04-13 01:45:50'),
	(958, '71222-I6900 (RHD)', 'PILLAR-FR INR LWR,RH', 'KS', 1, 1, 600, 6000, 4, NULL, '1200T', NULL, '71222-I6900', 0, 0, 3356, 0, 0, 6712, NULL, '2026-11-05', NULL, 'active', NULL, NULL, NULL, NULL, NULL, NULL, NULL, NULL, NULL, NULL, NULL, NULL, NULL, NULL, NULL, NULL, NULL, NULL, NULL, NULL, NULL, NULL, NULL, '2026-04-13 01:45:50', '2026-04-15 16:55:16'),
	(959, '71222-I6000 (LHD)', 'PILLAR-FR INR LWR,RH', 'KS', 1, 1, 600, 6000, 4, NULL, '800T', NULL, '71222-I6000', 0, 0, 3356, 0, 0, 6712, NULL, '2025-11-05', NULL, 'active', NULL, NULL, NULL, NULL, NULL, NULL, NULL, NULL, NULL, NULL, NULL, NULL, NULL, NULL, NULL, NULL, NULL, NULL, NULL, NULL, NULL, NULL, NULL, '2026-04-13 01:45:50', '2026-04-15 17:06:44'),
	(960, '65112-I6000 (AC) ', 'PNL-CTR FLOOR SIDE,LH', 'KS', 1, 1, 600, 5000, 4, NULL, '1200T', NULL, NULL, 0, 0, 0, 0, 0, 3882, NULL, '2025-11-17', NULL, 'active', NULL, NULL, NULL, NULL, NULL, NULL, NULL, NULL, NULL, NULL, NULL, NULL, NULL, NULL, NULL, NULL, NULL, NULL, NULL, NULL, NULL, NULL, NULL, '2026-04-13 01:45:50', '2026-04-13 01:45:50'),
	(961, '65112-I6050 (CC) ', 'PNL-CTR FLOOR SIDE,LH', 'KS', 1, 1, 600, 5000, 4, NULL, '1200T', NULL, NULL, 0, 0, 0, 0, 0, 3882, NULL, '2025-11-17', NULL, 'active', NULL, NULL, NULL, NULL, NULL, NULL, NULL, NULL, NULL, NULL, NULL, NULL, NULL, NULL, NULL, NULL, NULL, NULL, NULL, NULL, NULL, NULL, NULL, '2026-04-13 01:45:50', '2026-04-13 01:45:50'),
	(962, '65122-I6000 (AC)', 'PNL-CTR FLOOR SIDE,RH', 'KS', 1, 1, 600, 5000, 4, NULL, '1200T', NULL, '65122', 0, 0, 4800, 0, 0, 8700, NULL, '2025-11-18', NULL, 'active', NULL, NULL, NULL, NULL, NULL, NULL, NULL, NULL, NULL, NULL, NULL, NULL, NULL, NULL, NULL, NULL, NULL, NULL, NULL, NULL, NULL, NULL, NULL, '2026-04-13 01:45:50', '2026-04-15 17:09:25'),
	(963, '65122-I6050 (CC)', 'PNL-CTR FLOOR SIDE,RH', 'KS', 1, 1, 600, 5000, 4, NULL, '1200T', NULL, '65122', 0, 0, 4800, 0, 0, 8700, NULL, '2025-11-18', NULL, 'active', NULL, NULL, NULL, NULL, NULL, NULL, NULL, NULL, NULL, NULL, NULL, NULL, NULL, NULL, NULL, NULL, NULL, NULL, NULL, NULL, NULL, NULL, NULL, '2026-04-13 01:45:50', '2026-04-15 17:09:25'),
	(964, '65114-I6000 ', 'PNL-CTR FLOOR CTR', 'KS', 1, 1, 600, 5000, 4, NULL, '1200T', NULL, NULL, 0, 0, 0, 0, 0, 600, NULL, '2026-02-27', NULL, 'active', NULL, NULL, NULL, NULL, NULL, NULL, NULL, NULL, NULL, NULL, NULL, NULL, NULL, NULL, NULL, NULL, NULL, NULL, NULL, NULL, NULL, NULL, NULL, '2026-04-13 01:45:50', '2026-04-13 01:45:50'),
	(965, '71178-I6000', 'REINF FR PILLAR OTR UPR,LH', 'KS', 1, 1, 600, 6000, 4, NULL, '1200T', NULL, NULL, 0, 0, 618, 0, 0, 3289, NULL, '2025-10-20', NULL, 'active', NULL, NULL, NULL, NULL, NULL, NULL, NULL, NULL, NULL, NULL, NULL, NULL, NULL, NULL, NULL, NULL, NULL, NULL, NULL, NULL, NULL, NULL, NULL, '2026-04-13 01:45:50', '2026-04-14 09:53:38'),
	(966, '71138-I6000', 'REINF ROOF SIDE OTR RR,LH', 'KS', 1, 1, 600, 6000, 3, NULL, '1200T', NULL, NULL, 0, 0, 0, 0, 0, 594, NULL, '2026-02-13', NULL, 'active', NULL, NULL, NULL, NULL, NULL, NULL, NULL, NULL, NULL, NULL, NULL, NULL, NULL, NULL, NULL, NULL, NULL, NULL, NULL, NULL, NULL, NULL, NULL, '2026-04-13 01:45:50', '2026-04-13 01:45:50'),
	(967, '71412-I6000', 'PILLAR CTR INR, LH', 'KS', 1, 1, 600, 5000, 4, NULL, '1200T', NULL, NULL, 0, 0, 600, 0, 0, 1200, NULL, '2026-02-23', NULL, 'active', NULL, NULL, NULL, NULL, NULL, NULL, NULL, NULL, NULL, NULL, NULL, NULL, NULL, NULL, NULL, NULL, NULL, NULL, NULL, NULL, NULL, NULL, NULL, '2026-04-13 01:45:50', '2026-04-14 09:53:38'),
	(968, '71422-I6000', 'PILLAR CTR INR, RH', 'KS', 1, 1, 600, 5000, 4, NULL, '1200T', NULL, NULL, 0, 0, 0, 0, 0, 0, NULL, '2026-03-09', NULL, 'active', NULL, NULL, NULL, NULL, NULL, NULL, NULL, NULL, NULL, NULL, NULL, NULL, NULL, NULL, NULL, NULL, NULL, NULL, NULL, NULL, NULL, NULL, NULL, '2026-04-13 01:45:50', '2026-04-13 01:45:50'),
	(969, '71362-I6000', 'REINF CTR PLR OTR UPR,RH', 'KS', 1, 1, 600, 5000, 4, NULL, '1200T', NULL, NULL, 0, 0, 0, 0, 0, 0, NULL, '1936-03-02', NULL, 'active', NULL, NULL, NULL, NULL, NULL, NULL, NULL, NULL, NULL, NULL, NULL, NULL, NULL, NULL, NULL, NULL, NULL, NULL, NULL, NULL, NULL, NULL, NULL, '2026-04-13 01:45:50', '2026-04-13 01:45:50'),
	(970, '71352-I6000', 'REINF CTR PLR OTR UPR,LH', 'KS', 1, 1, 600, 5000, 4, NULL, '1200T', NULL, NULL, 0, 0, 0, 0, 0, 401, NULL, '2026-02-25', NULL, 'active', NULL, NULL, NULL, NULL, NULL, NULL, NULL, NULL, NULL, NULL, NULL, NULL, NULL, NULL, NULL, NULL, NULL, NULL, NULL, NULL, NULL, NULL, NULL, '2026-04-13 01:45:50', '2026-04-13 01:45:50'),
	(971, '71388-I6000 ', 'REINF SIDE SILL OTR,RH', 'KS', 1, 1, 600, 5000, 4, NULL, '1200T', NULL, NULL, 0, 0, 0, 0, 0, 2800, NULL, '2025-11-12', NULL, 'active', NULL, NULL, NULL, NULL, NULL, NULL, NULL, NULL, NULL, NULL, NULL, NULL, NULL, NULL, NULL, NULL, NULL, NULL, NULL, NULL, NULL, NULL, NULL, '2026-04-13 01:45:50', '2026-04-13 01:45:50'),
	(972, '65182-I6000 ', 'PNL-SIDE SILL INR,RH', 'KS', 1, 1, 600, 6000, 4, NULL, '1200T', NULL, NULL, 0, 0, 0, 0, 0, 1800, NULL, '2026-02-04', NULL, 'active', NULL, NULL, NULL, NULL, NULL, NULL, NULL, NULL, NULL, NULL, NULL, NULL, NULL, NULL, NULL, NULL, NULL, NULL, NULL, NULL, NULL, NULL, NULL, '2026-04-13 01:45:50', '2026-04-13 01:45:50'),
	(973, '71354/64-I6000 (A2)', 'REINF CTR PILLAR OTR LWR,LH/RH', 'KS', 1, 1, 600, 5000, 4, NULL, '800T', NULL, '71354/64-I6000', 0, 0, 600, 0, 0, 1200, NULL, '2026-02-12', NULL, 'active', NULL, NULL, NULL, NULL, NULL, NULL, NULL, NULL, NULL, NULL, NULL, NULL, NULL, NULL, NULL, NULL, NULL, NULL, NULL, NULL, NULL, NULL, NULL, '2026-04-13 01:45:50', '2026-04-15 16:41:17'),
	(974, '71376/86-I6000 ', 'REINF SIDE SILL OTR RR LH/RH', 'KS', 1, 1, 600, 5000, 4, NULL, '1200T', NULL, NULL, 0, 0, 0, 0, 0, 513, NULL, '2026-02-24', NULL, 'active', NULL, NULL, NULL, NULL, NULL, NULL, NULL, NULL, NULL, NULL, NULL, NULL, NULL, NULL, NULL, NULL, NULL, NULL, NULL, NULL, NULL, NULL, NULL, '2026-04-13 01:45:50', '2026-04-13 01:45:50'),
	(975, '71176/86-I6000 ', 'BRKT-FR PILLAR OTR.LH/LH', 'KS', 1, 1, 600, 5000, 4, NULL, '1200T', NULL, NULL, 0, 0, 0, 0, 0, 3494, NULL, '2025-11-19', NULL, 'active', NULL, NULL, NULL, NULL, NULL, NULL, NULL, NULL, NULL, NULL, NULL, NULL, NULL, NULL, NULL, NULL, NULL, NULL, NULL, NULL, NULL, NULL, NULL, '2026-04-13 01:45:50', '2026-04-13 01:45:50'),
	(976, '71212-I6900 (RHD)', 'PILLAR-FR INR LWR,LH', 'KS', 1, 1, 600, 6000, 4, NULL, '1200T', NULL, '71212', 0, 0, 3375, 0, 0, 6750, NULL, '2025-11-04', NULL, 'active', NULL, NULL, NULL, NULL, NULL, NULL, NULL, NULL, NULL, NULL, NULL, NULL, NULL, NULL, NULL, NULL, NULL, NULL, NULL, NULL, NULL, NULL, NULL, '2026-04-13 01:45:50', '2026-04-15 17:11:20'),
	(977, '71212-I6000 (LHD)', 'PILLAR-FR INR LWR,LH', 'KS', 1, 1, 600, 6000, 4, NULL, '1200T', NULL, '71212', 0, 0, 3375, 0, 0, 6750, NULL, '2025-11-04', NULL, 'active', NULL, NULL, NULL, NULL, NULL, NULL, NULL, NULL, NULL, NULL, NULL, NULL, NULL, NULL, NULL, NULL, NULL, NULL, NULL, NULL, NULL, NULL, NULL, '2026-04-13 01:45:50', '2026-04-15 17:11:20'),
	(978, '71234/44-I6000 (A2)', 'SUPPORT-FR PILLAR INR,LH/RH', 'KS', 1, 1, 600, 6000, 4, NULL, '1200T', NULL, '71234/44-I6000', 0, 0, 4013, 0, 0, 8026, NULL, '2025-11-10', NULL, 'active', NULL, NULL, NULL, NULL, NULL, NULL, NULL, NULL, NULL, NULL, NULL, NULL, NULL, NULL, NULL, NULL, NULL, NULL, NULL, NULL, NULL, NULL, NULL, '2026-04-13 01:45:50', '2026-04-15 16:36:05'),
	(979, '651B8-I6000 ', 'MEMBER-CTR FLOOR SIDE UPR,RH', 'KS', 1, 1, 600, 6000, 4, NULL, '1200T', NULL, NULL, 0, 0, 0, 0, 0, 1705, NULL, '2026-02-05', NULL, 'active', NULL, NULL, NULL, NULL, NULL, NULL, NULL, NULL, NULL, NULL, NULL, NULL, NULL, NULL, NULL, NULL, NULL, NULL, NULL, NULL, NULL, NULL, NULL, '2026-04-13 01:45:50', '2026-04-13 01:45:50'),
	(980, '65172-I6000 ', 'PNL-SIDE SILL INR,LH', 'KS', 1, 1, 600, 6000, 4, NULL, '1200T', NULL, NULL, 0, 0, 0, 0, 0, 1756, NULL, '2026-02-03', NULL, 'active', NULL, NULL, NULL, NULL, NULL, NULL, NULL, NULL, NULL, NULL, NULL, NULL, NULL, NULL, NULL, NULL, NULL, NULL, NULL, NULL, NULL, NULL, NULL, '2026-04-13 01:45:50', '2026-04-13 01:45:50'),
	(981, '64312-I6000 (LHD)', 'PANEL DASH A/T', 'KS', 1, 7, 600, 5000, 4, NULL, '1200T', NULL, NULL, 0, 0, 0, 0, 0, 1000, NULL, '2025-10-16', NULL, 'active', NULL, NULL, NULL, NULL, NULL, NULL, NULL, NULL, NULL, NULL, NULL, NULL, NULL, NULL, NULL, NULL, NULL, NULL, NULL, NULL, NULL, NULL, NULL, '2026-04-13 01:45:50', '2026-04-13 01:45:50'),
	(982, '65112-TG1-T000-50', 'BRKT FR SEAT CTR RR', '2VF', 15, 3, 600, 6000, 4, NULL, '1200T', NULL, NULL, 0, 0, 0, 0, 0, 5065, NULL, '2025-12-22', NULL, 'active', NULL, NULL, NULL, NULL, NULL, NULL, NULL, NULL, NULL, NULL, NULL, NULL, NULL, NULL, NULL, NULL, NULL, NULL, NULL, NULL, NULL, NULL, NULL, '2026-04-13 01:45:50', '2026-04-13 01:45:50'),
	(983, '63131-TG4-U000-50', 'STIFF R, FR PILLAR LWR', '2VF', 15, 3, 600, 5000, 4, NULL, '1200T', NULL, '63131', 0, 0, 5308, 0, 0, 29448, NULL, '2025-12-17', 'MTN Dies', 'active', 'transferred_to_mtn', '2026-04-15', 'Rydha Ramlan Gunawan', NULL, NULL, NULL, NULL, '2026-04-16 08:19:02', 'Sakti Oktaviani', NULL, NULL, NULL, NULL, NULL, '2026-04-07', 'Sakti Oktaviani', '2026-04-16 01:20:17', 'Indriani', 'Production', 'MTN Dies', NULL, NULL, NULL, '2026-04-13 01:45:50', '2026-04-16 01:20:17'),
	(984, '76453-B000P (A2)', 'SILL-INR,LH', '5H45 (RV)', 19, 2, 600, 6000, 4, NULL, '1200T', NULL, '76453', 0, 0, 569, 0, 0, 938, NULL, '2026-03-12', NULL, 'active', NULL, NULL, NULL, NULL, NULL, NULL, NULL, NULL, NULL, NULL, NULL, NULL, NULL, NULL, NULL, NULL, NULL, NULL, NULL, NULL, NULL, NULL, NULL, '2026-04-13 01:45:50', '2026-04-15 16:33:37'),
	(985, '65157-TSAA-K002-50', 'RNFCT CHANGE LEVER STIFF', '2SJ', 3, 4, 600, 6000, 4, NULL, '1200T', NULL, NULL, 0, 0, 0, 0, 0, 0, NULL, '2026-02-04', NULL, 'active', NULL, NULL, NULL, NULL, NULL, NULL, NULL, NULL, NULL, NULL, NULL, NULL, NULL, NULL, NULL, NULL, NULL, NULL, NULL, NULL, NULL, NULL, NULL, '2026-04-13 01:45:50', '2026-04-13 01:45:50'),
	(986, '63323-T86-K000-50 (OP10-40)', 'ADPT R,RR COMBI', '2JX (T86A)', 23, 4, 600, 7000, 4, NULL, '250T', NULL, NULL, 0, 0, 0, 0, 0, 2816, NULL, '2025-11-06', NULL, 'active', NULL, NULL, NULL, NULL, NULL, NULL, NULL, NULL, NULL, NULL, NULL, NULL, NULL, NULL, NULL, NULL, NULL, NULL, NULL, NULL, NULL, NULL, NULL, '2026-04-13 01:45:50', '2026-04-13 01:45:50'),
	(987, '63323-T86-K000-50 (OP50-70)', 'ADPT R,RR COMBI', '2JX (T86A)', 23, 4, 600, 7000, 3, NULL, '250T', NULL, NULL, 0, 0, 0, 0, 0, 2816, NULL, '2025-11-06', NULL, 'active', NULL, NULL, NULL, NULL, NULL, NULL, NULL, NULL, NULL, NULL, NULL, NULL, NULL, NULL, NULL, NULL, NULL, NULL, NULL, NULL, NULL, NULL, NULL, '2026-04-13 01:45:50', '2026-04-13 01:45:50'),
	(988, '63723-T86-K000-50 (OP10-40)', 'ADPT L,RR COMBI', '2JX (T86A)', 23, 4, 600, 7000, 4, NULL, '250T', NULL, NULL, 0, 0, 0, 0, 0, 1213, NULL, '2025-12-15', NULL, 'active', NULL, NULL, NULL, NULL, NULL, NULL, NULL, NULL, NULL, NULL, NULL, NULL, NULL, NULL, NULL, NULL, NULL, NULL, NULL, NULL, NULL, NULL, NULL, '2026-04-13 01:45:50', '2026-04-13 01:45:50'),
	(989, '63723-T86-K000-50 (OP50-70)', 'ADPT L,RR COMBI', '2JX (T86A)', 23, 4, 600, 7000, 3, NULL, '250T', NULL, NULL, 0, 0, 0, 0, 0, 1213, NULL, '2025-12-15', NULL, 'active', NULL, NULL, NULL, NULL, NULL, NULL, NULL, NULL, NULL, NULL, NULL, NULL, NULL, NULL, NULL, NULL, NULL, NULL, NULL, NULL, NULL, NULL, NULL, '2026-04-13 01:45:50', '2026-04-13 01:45:50'),
	(990, '63323-T86-X100-50 (OP10-40)', 'ADPT R, RR COMBI', '2JX (LHD)', 26, 4, 600, 7000, 4, NULL, '250T', NULL, NULL, 0, 0, 0, 0, 0, 1181, NULL, '2025-12-03', NULL, 'active', NULL, NULL, NULL, NULL, NULL, NULL, NULL, NULL, NULL, NULL, NULL, NULL, NULL, NULL, NULL, NULL, NULL, NULL, NULL, NULL, NULL, NULL, NULL, '2026-04-13 01:45:50', '2026-04-13 01:45:50'),
	(991, '63323-T86-X100-50 (OP50-70)', 'ADPT R, RR COMBI', '2JX (LHD)', 26, 4, 600, 7000, 3, NULL, '250T', NULL, NULL, 0, 0, 0, 0, 0, 1181, NULL, '2025-12-03', NULL, 'active', NULL, NULL, NULL, NULL, NULL, NULL, NULL, NULL, NULL, NULL, NULL, NULL, NULL, NULL, NULL, NULL, NULL, NULL, NULL, NULL, NULL, NULL, NULL, '2026-04-13 01:45:50', '2026-04-13 01:45:50'),
	(992, '63723-T86-X000-50 (OP10-40)', 'ADPT L, RR COMBI', '2JX (LHD)', 26, 4, 600, 7000, 4, NULL, '250T', NULL, NULL, 0, 0, 0, 0, 0, 1938, NULL, '2025-12-18', NULL, 'active', NULL, NULL, NULL, NULL, NULL, NULL, NULL, NULL, NULL, NULL, NULL, NULL, NULL, NULL, NULL, NULL, NULL, NULL, NULL, NULL, NULL, NULL, NULL, '2026-04-13 01:45:50', '2026-04-13 01:45:50'),
	(993, '63723-T86-X000-50 (OP50-70)', 'ADPT L, RR COMBI', '2JX (LHD)', 26, 4, 600, 7000, 3, NULL, '250T', NULL, NULL, 0, 0, 0, 0, 0, 1938, NULL, '2025-12-18', NULL, 'active', NULL, NULL, NULL, NULL, NULL, NULL, NULL, NULL, NULL, NULL, NULL, NULL, NULL, NULL, NULL, NULL, NULL, NULL, NULL, NULL, NULL, NULL, NULL, '2026-04-13 01:45:50', '2026-04-13 01:45:50'),
	(994, '63323-3K6-K000-50 (OP10-50)', 'ADPT R, RR COMBI', '3K6A', 12, 4, 600, 7000, 5, NULL, '250T', NULL, NULL, 0, 0, 0, 0, 0, 1181, NULL, '2025-12-03', NULL, 'active', NULL, NULL, NULL, NULL, NULL, NULL, NULL, NULL, NULL, NULL, NULL, NULL, NULL, NULL, NULL, NULL, NULL, NULL, NULL, NULL, NULL, NULL, NULL, '2026-04-13 01:45:50', '2026-04-13 01:45:50'),
	(995, '63323-3K6-K000-50 (OP60-70)', 'ADPT R, RR COMBI', '3K6A', 12, 4, 600, 7000, 2, NULL, '250T', NULL, NULL, 0, 0, 0, 0, 0, 1181, NULL, '2025-12-03', NULL, 'active', NULL, NULL, NULL, NULL, NULL, NULL, NULL, NULL, NULL, NULL, NULL, NULL, NULL, NULL, NULL, NULL, NULL, NULL, NULL, NULL, NULL, NULL, NULL, '2026-04-13 01:45:50', '2026-04-13 01:45:50'),
	(996, '63323-3K6-K000-50 (OP10-20)', 'ADPT R, RR COMBI', '3K6A', 12, 4, 600, 7000, 2, NULL, '250T', NULL, NULL, 0, 0, 0, 0, 0, 1181, NULL, '2025-12-03', NULL, 'active', NULL, NULL, NULL, NULL, NULL, NULL, NULL, NULL, NULL, NULL, NULL, NULL, NULL, NULL, NULL, NULL, NULL, NULL, NULL, NULL, NULL, NULL, NULL, '2026-04-13 01:45:50', '2026-04-13 01:45:50'),
	(997, '63323-3K6-K000-50 (OP30-70)', 'ADPT R, RR COMBI', '3K6A', 12, 4, 600, 7000, 5, NULL, '250T', NULL, NULL, 0, 0, 0, 0, 0, 1181, NULL, '2025-12-03', NULL, 'active', NULL, NULL, NULL, NULL, NULL, NULL, NULL, NULL, NULL, NULL, NULL, NULL, NULL, NULL, NULL, NULL, NULL, NULL, NULL, NULL, NULL, NULL, NULL, '2026-04-13 01:45:50', '2026-04-13 01:45:50'),
	(998, '63723-3K6-K000-50 (OP10-50)', 'ADPT L, RR COMBI', '3K6A', 12, 4, 600, 7000, 5, NULL, '250T', NULL, NULL, 0, 0, 0, 0, 0, 1938, NULL, '2025-12-18', NULL, 'active', NULL, NULL, NULL, NULL, NULL, NULL, NULL, NULL, NULL, NULL, NULL, NULL, NULL, NULL, NULL, NULL, NULL, NULL, NULL, NULL, NULL, NULL, NULL, '2026-04-13 01:45:50', '2026-04-13 01:45:50'),
	(999, '63723-3K6-K000-50 (OP60-70)', 'ADPT L, RR COMBI', '3K6A', 12, 4, 600, 7000, 2, NULL, '250T', NULL, NULL, 0, 0, 0, 0, 0, 1938, NULL, '2025-12-18', NULL, 'active', NULL, NULL, NULL, NULL, NULL, NULL, NULL, NULL, NULL, NULL, NULL, NULL, NULL, NULL, NULL, NULL, NULL, NULL, NULL, NULL, NULL, NULL, NULL, '2026-04-13 01:45:50', '2026-04-13 01:45:50'),
	(1000, '63723-3K6-K000-50 (OP10-20)', 'ADPT L, RR COMBI', '3K6A', 12, 4, 600, 7000, 2, NULL, '250T', NULL, NULL, 0, 0, 0, 0, 0, 1938, NULL, '2025-12-18', NULL, 'active', NULL, NULL, NULL, NULL, NULL, NULL, NULL, NULL, NULL, NULL, NULL, NULL, NULL, NULL, NULL, NULL, NULL, NULL, NULL, NULL, NULL, NULL, NULL, '2026-04-13 01:45:50', '2026-04-13 01:45:50'),
	(1001, '63723-3K6-K000-50 (OP30-70)', 'ADPT L, RR COMBI', '3K6A', 12, 4, 600, 7000, 5, NULL, '250T', NULL, NULL, 0, 0, 0, 0, 0, 1938, NULL, '2025-12-18', NULL, 'active', NULL, NULL, NULL, NULL, NULL, NULL, NULL, NULL, NULL, NULL, NULL, NULL, NULL, NULL, NULL, NULL, NULL, NULL, NULL, NULL, NULL, NULL, NULL, '2026-04-13 01:45:51', '2026-04-13 01:45:51'),
	(1002, '63323-3M0-3001', 'ADPT R,RR COMBI', '2GN (3N1A)', 25, 4, 600, 7000, 5, NULL, '250T', NULL, NULL, 0, 0, 600, 0, 0, 2816, NULL, '2025-11-06', NULL, 'active', NULL, NULL, NULL, NULL, NULL, NULL, NULL, NULL, NULL, NULL, NULL, NULL, NULL, NULL, NULL, NULL, NULL, NULL, NULL, NULL, NULL, NULL, NULL, '2026-04-13 01:45:51', '2026-04-14 09:53:38'),
	(1003, '63723-3M0-3001', 'ADPT L,RR COMBI', '2GN (3N1A)', 25, 4, 600, 7000, 5, NULL, '250T', NULL, NULL, 0, 0, 0, 0, 0, 1213, NULL, '2025-12-15', NULL, 'active', NULL, NULL, NULL, NULL, NULL, NULL, NULL, NULL, NULL, NULL, NULL, NULL, NULL, NULL, NULL, NULL, NULL, NULL, NULL, NULL, NULL, NULL, NULL, '2026-04-13 01:45:51', '2026-04-13 01:45:51'),
	(1004, '65317-T86-K000-H1', 'STIFF R, FRM CTR TNL', '2JX (T86A & 3K6A)', 24, 4, 600, 7000, 3, NULL, '250T', NULL, NULL, 0, 0, 0, 0, 0, 2641, NULL, '2025-10-13', NULL, 'active', NULL, NULL, NULL, NULL, NULL, NULL, NULL, NULL, NULL, NULL, NULL, NULL, NULL, NULL, NULL, NULL, NULL, NULL, NULL, NULL, NULL, NULL, NULL, '2026-04-13 01:45:51', '2026-04-13 01:45:51'),
	(1005, '65317-T86-K000-H1 (Blank Sheet)', 'STIFF R, FRM CTR TNL', '2JX (T86A & 3K6A)', 24, 4, 600, 7000, 1, NULL, '250T', NULL, NULL, 0, 0, 0, 0, 0, 2641, NULL, '2025-10-13', NULL, 'active', NULL, NULL, NULL, NULL, NULL, NULL, NULL, NULL, NULL, NULL, NULL, NULL, NULL, NULL, NULL, NULL, NULL, NULL, NULL, NULL, NULL, NULL, NULL, '2026-04-13 01:45:51', '2026-04-13 01:45:51'),
	(1006, '65318-T86-P000-H1', 'STIFF L, FRM CTR TNL', '2JX (LHD)', 26, 4, 600, 7000, 3, NULL, '250T', NULL, NULL, 0, 0, 0, 0, 0, 1080, NULL, '2026-01-21', NULL, 'active', NULL, NULL, NULL, NULL, NULL, NULL, NULL, NULL, NULL, NULL, NULL, NULL, NULL, NULL, NULL, NULL, NULL, NULL, NULL, NULL, NULL, NULL, NULL, '2026-04-13 01:45:51', '2026-04-13 01:45:51'),
	(1007, '65318-T86-P000-H1 (Blank Sheet)', 'STIFF L, FRM CTR TNL', '2JX (LHD)', 26, 4, 600, 7000, 1, NULL, '250T', NULL, NULL, 0, 0, 0, 0, 0, 1080, NULL, '2026-01-21', NULL, 'active', NULL, NULL, NULL, NULL, NULL, NULL, NULL, NULL, NULL, NULL, NULL, NULL, NULL, NULL, NULL, NULL, NULL, NULL, NULL, NULL, NULL, NULL, NULL, '2026-04-13 01:45:51', '2026-04-13 01:45:51'),
	(1008, '63212/612 (Blank Sheet)', 'R/L RNFCT CTR PLR STIFF TG2', 'T64', 5, 4, 600, 7000, 1, NULL, '250T', NULL, NULL, 0, 0, 600, 0, 0, 5850, NULL, '2025-11-24', NULL, 'active', NULL, NULL, NULL, NULL, NULL, NULL, NULL, NULL, NULL, NULL, NULL, NULL, NULL, NULL, NULL, NULL, NULL, NULL, NULL, NULL, NULL, NULL, NULL, '2026-04-13 01:45:51', '2026-04-14 09:53:38'),
	(1009, '63212-TG2-K000', 'R RNFCT CTR PLR STIFF TG2', 'T64', 5, 4, 600, 7000, 3, NULL, '250T', NULL, NULL, 0, 0, 600, 0, 0, 5850, NULL, '2025-11-24', NULL, 'active', NULL, NULL, NULL, NULL, NULL, NULL, NULL, NULL, NULL, NULL, NULL, NULL, NULL, NULL, NULL, NULL, NULL, NULL, NULL, NULL, NULL, NULL, NULL, '2026-04-13 01:45:51', '2026-04-14 09:53:38'),
	(1010, '63612-TG2-K000', 'L RNFCT CTR PLR STIFF TG2', 'T64', 5, 4, 600, 7000, 3, NULL, '250T', NULL, NULL, 0, 0, 600, 0, 0, 4865, NULL, '2025-11-25', NULL, 'active', NULL, NULL, NULL, NULL, NULL, NULL, NULL, NULL, NULL, NULL, NULL, NULL, NULL, NULL, NULL, NULL, NULL, NULL, NULL, NULL, NULL, NULL, NULL, '2026-04-13 01:45:51', '2026-04-14 09:53:38'),
	(1011, '63325/725-3K6 (OP10-20)', 'GTR R/L, RR PLR MID', '3K6A', 12, 4, 600, 7000, 2, NULL, '250T', NULL, NULL, 0, 0, 0, 0, 0, 2383, NULL, '2025-12-05', NULL, 'active', NULL, NULL, NULL, NULL, NULL, NULL, NULL, NULL, NULL, NULL, NULL, NULL, NULL, NULL, NULL, NULL, NULL, NULL, NULL, NULL, NULL, NULL, NULL, '2026-04-13 01:45:51', '2026-04-13 01:45:51'),
	(1012, '63325/725-3K6 (OP10-50)', 'GTR R/L, RR PLR MID', '3K6A', 12, 4, 600, 7000, 5, NULL, '250T', NULL, NULL, 0, 0, 0, 0, 0, 2383, NULL, '2025-12-05', NULL, 'active', NULL, NULL, NULL, NULL, NULL, NULL, NULL, NULL, NULL, NULL, NULL, NULL, NULL, NULL, NULL, NULL, NULL, NULL, NULL, NULL, NULL, NULL, NULL, '2026-04-13 01:45:51', '2026-04-13 01:45:51'),
	(1013, '63325/725-3K6 (OP30-70)', 'GTR R/L, RR PLR MID', '3K6A', 12, 4, 600, 7000, 5, NULL, '250T', NULL, NULL, 0, 0, 0, 0, 0, 2383, NULL, '2025-12-05', NULL, 'active', NULL, NULL, NULL, NULL, NULL, NULL, NULL, NULL, NULL, NULL, NULL, NULL, NULL, NULL, NULL, NULL, NULL, NULL, NULL, NULL, NULL, NULL, NULL, '2026-04-13 01:45:51', '2026-04-13 01:45:51'),
	(1014, '58821-52S20', 'BRACKET,COOLING UNIT', 'Y4L', 16, 5, 600, 7000, 4, NULL, '250T', NULL, NULL, 0, 0, 0, 0, 0, 0, NULL, '2026-03-10', NULL, 'active', NULL, NULL, NULL, NULL, NULL, NULL, NULL, NULL, NULL, NULL, NULL, NULL, NULL, NULL, NULL, NULL, NULL, NULL, NULL, NULL, NULL, NULL, NULL, '2026-04-13 01:45:51', '2026-04-13 01:45:51'),
	(1015, '58861-52S00', 'BRACKET, BUMPER & FR PNL, L', 'Y4L', 16, 5, 600, 7000, 2, NULL, '250T', NULL, NULL, 0, 0, 0, 0, 0, 1657, NULL, '2026-03-27', NULL, 'active', NULL, NULL, NULL, NULL, NULL, NULL, NULL, NULL, NULL, NULL, NULL, NULL, NULL, NULL, NULL, NULL, NULL, NULL, NULL, NULL, NULL, NULL, NULL, '2026-04-13 01:45:51', '2026-04-13 01:45:51'),
	(1016, '58321-52S00', 'BRACE, HEADLAMP SUPPORT, R', 'Y4L', 16, 5, 600, 7000, 2, NULL, '250T', NULL, NULL, 0, 0, 600, 0, 0, 1603, NULL, '2026-03-02', NULL, 'active', NULL, NULL, NULL, NULL, NULL, NULL, NULL, NULL, NULL, NULL, NULL, NULL, NULL, NULL, NULL, NULL, NULL, NULL, NULL, NULL, NULL, NULL, NULL, '2026-04-13 01:45:51', '2026-04-14 09:53:38'),
	(1017, '58331-52S00', 'BRACE, HEADLAMP SUPPORT, L', 'Y4L', 16, 5, 600, 7000, 3, NULL, '250T', NULL, NULL, 0, 0, 600, 0, 0, 1400, NULL, '2026-03-06', NULL, 'active', NULL, NULL, NULL, NULL, NULL, NULL, NULL, NULL, NULL, NULL, NULL, NULL, NULL, NULL, NULL, NULL, NULL, NULL, NULL, NULL, NULL, NULL, NULL, '2026-04-13 01:45:51', '2026-04-14 09:53:38'),
	(1018, '58815-52S00', 'BRACKET,BUMPER & FR PNL CTR', 'Y4L', 16, 5, 600, 7000, 3, NULL, '250T', NULL, NULL, 0, 0, 350, 0, 0, 0, NULL, '2026-03-11', NULL, 'active', NULL, NULL, NULL, NULL, NULL, NULL, NULL, NULL, NULL, NULL, NULL, NULL, NULL, NULL, NULL, NULL, NULL, NULL, NULL, NULL, NULL, NULL, NULL, '2026-04-13 01:45:51', '2026-04-14 09:53:38'),
	(1019, '58851-52S00', 'BRACKET, BUMPER & FR PNL, R', 'Y4L', 16, 5, 600, 7000, 2, NULL, '250T', NULL, NULL, 0, 0, 624, 0, 0, 1786, NULL, '2026-03-26', NULL, 'active', NULL, NULL, NULL, NULL, NULL, NULL, NULL, NULL, NULL, NULL, NULL, NULL, NULL, NULL, NULL, NULL, NULL, NULL, NULL, NULL, NULL, NULL, NULL, '2026-04-13 01:45:51', '2026-04-14 09:53:38'),
	(1020, '57343-72S0A', 'REINF FRONT HOOD FRONT', 'YHA', 6, 5, 600, 7000, 5, NULL, '250T', NULL, NULL, 0, 0, 0, 0, 0, 4290, NULL, '2025-11-21', NULL, 'active', NULL, NULL, NULL, NULL, NULL, NULL, NULL, NULL, NULL, NULL, NULL, NULL, NULL, NULL, NULL, NULL, NULL, NULL, NULL, NULL, NULL, NULL, NULL, '2026-04-13 01:45:51', '2026-04-13 01:45:51'),
	(1021, '64113-72S00', 'REINF ROOF RAIL FR R', 'YHA', 6, 5, 600, 7000, 2, NULL, '250T', NULL, NULL, 0, 0, 0, 0, 0, 2592, NULL, '2025-12-16', NULL, 'active', NULL, NULL, NULL, NULL, NULL, NULL, NULL, NULL, NULL, NULL, NULL, NULL, NULL, NULL, NULL, NULL, NULL, NULL, NULL, NULL, NULL, NULL, NULL, '2026-04-13 01:45:51', '2026-04-13 01:45:51'),
	(1022, '64513-72S00', 'REINF ROOF RAIL FR L', 'YHA', 6, 5, 600, 7000, 2, NULL, '250T', NULL, NULL, 0, 0, 0, 0, 0, 2808, NULL, '2025-12-17', NULL, 'active', NULL, NULL, NULL, NULL, NULL, NULL, NULL, NULL, NULL, NULL, NULL, NULL, NULL, NULL, NULL, NULL, NULL, NULL, NULL, NULL, NULL, NULL, NULL, '2026-04-13 01:45:51', '2026-04-13 01:45:51'),
	(1023, '64114-72S00', 'REINF ROOF RAIL CTR R', 'YHA', 6, 5, 600, 7000, 4, NULL, '250T', NULL, NULL, 0, 0, 0, 0, 0, 0, NULL, '2026-03-12', NULL, 'active', NULL, NULL, NULL, NULL, NULL, NULL, NULL, NULL, NULL, NULL, NULL, NULL, NULL, NULL, NULL, NULL, NULL, NULL, NULL, NULL, NULL, NULL, NULL, '2026-04-13 01:45:51', '2026-04-13 01:45:51'),
	(1024, '64514-72S00', 'REINF ROOF RAIL CTR L', 'YHA', 6, 5, 600, 7000, 4, NULL, '250T', NULL, NULL, 0, 0, 0, 0, 0, 0, NULL, '2026-03-13', NULL, 'active', NULL, NULL, NULL, NULL, NULL, NULL, NULL, NULL, NULL, NULL, NULL, NULL, NULL, NULL, NULL, NULL, NULL, NULL, NULL, NULL, NULL, NULL, NULL, '2026-04-13 01:45:51', '2026-04-13 01:45:51'),
	(1025, '64115-72S00', 'REINF ROOF RAIL RR, R', 'YHA', 6, 5, 600, 7000, 2, NULL, '250T', NULL, NULL, 0, 0, 0, 0, 0, 2436, NULL, '2025-11-20', NULL, 'active', NULL, NULL, NULL, NULL, NULL, NULL, NULL, NULL, NULL, NULL, NULL, NULL, NULL, NULL, NULL, NULL, NULL, NULL, NULL, NULL, NULL, NULL, NULL, '2026-04-13 01:45:51', '2026-04-13 01:45:51'),
	(1026, '64515-72S00', 'REINF ROOF RAIL RR, L', 'YHA', 6, 5, 600, 7000, 2, NULL, '250T', NULL, NULL, 0, 0, 0, 0, 0, 2592, NULL, '2025-12-19', NULL, 'active', NULL, NULL, NULL, NULL, NULL, NULL, NULL, NULL, NULL, NULL, NULL, NULL, NULL, NULL, NULL, NULL, NULL, NULL, NULL, NULL, NULL, NULL, NULL, '2026-04-13 01:45:51', '2026-04-13 01:45:51'),
	(1027, '58821-52S00 (Blank Sheet)', 'BRKT COOLING UNIT', 'Y4L', 16, 5, 600, 7000, 1, NULL, '250T', NULL, NULL, 0, 0, 0, 0, 0, 0, NULL, '2026-03-10', NULL, 'active', NULL, NULL, NULL, NULL, NULL, NULL, NULL, NULL, NULL, NULL, NULL, NULL, NULL, NULL, NULL, NULL, NULL, NULL, NULL, NULL, NULL, NULL, NULL, '2026-04-13 01:45:51', '2026-04-13 01:45:51'),
	(1028, '64115-72S00 (Blank Sheet)', 'REINF ROOF RAIL RR, R', 'YHA', 6, 5, 600, 7000, 1, NULL, '250T', NULL, NULL, 0, 0, 0, 0, 0, 2436, NULL, '2025-11-20', NULL, 'active', NULL, NULL, NULL, NULL, NULL, NULL, NULL, NULL, NULL, NULL, NULL, NULL, NULL, NULL, NULL, NULL, NULL, NULL, NULL, NULL, NULL, NULL, NULL, '2026-04-13 01:45:51', '2026-04-13 01:45:51'),
	(1029, '64113-72S00 (Blank Sheet)', 'REINF ROOF RAIL FR R', 'YHA', 6, 5, 600, 7000, 1, NULL, '250T', NULL, NULL, 0, 0, 0, 0, 0, 2592, NULL, '2025-12-16', NULL, 'active', NULL, NULL, NULL, NULL, NULL, NULL, NULL, NULL, NULL, NULL, NULL, NULL, NULL, NULL, NULL, NULL, NULL, NULL, NULL, NULL, NULL, NULL, NULL, '2026-04-13 01:45:51', '2026-04-13 01:45:51'),
	(1030, '64513-72S00 (Blank Sheet)', 'REINF ROOF RAIL FR L', 'YHA', 6, 5, 600, 7000, 1, NULL, '250T', NULL, NULL, 0, 0, 0, 0, 0, 2808, NULL, '2025-12-17', NULL, 'active', NULL, NULL, NULL, NULL, NULL, NULL, NULL, NULL, NULL, NULL, NULL, NULL, NULL, NULL, NULL, NULL, NULL, NULL, NULL, NULL, NULL, NULL, NULL, '2026-04-13 01:45:51', '2026-04-13 01:45:51'),
	(1031, '64515-72S00 (Blank Sheet)', 'REINF ROOF RAIL RR, L', 'YHA', 6, 5, 600, 7000, 1, NULL, '250T', NULL, NULL, 0, 0, 0, 0, 0, 2592, NULL, '2025-12-19', NULL, 'active', NULL, NULL, NULL, NULL, NULL, NULL, NULL, NULL, NULL, NULL, NULL, NULL, NULL, NULL, NULL, NULL, NULL, NULL, NULL, NULL, NULL, NULL, NULL, '2026-04-13 01:45:51', '2026-04-13 01:45:51'),
	(1032, '64114/514 -72S00 (Blank Sheet)', 'REINF ROOF RAIL CTR L', 'YHA', 6, 5, 600, 7000, 1, NULL, '250T', NULL, NULL, 0, 0, 648, 0, 0, 0, NULL, '2026-03-13', NULL, 'active', NULL, NULL, NULL, NULL, NULL, NULL, NULL, NULL, NULL, NULL, NULL, NULL, NULL, NULL, NULL, NULL, NULL, NULL, NULL, NULL, NULL, NULL, NULL, '2026-04-13 01:45:51', '2026-04-14 09:53:38'),
	(1033, '58322-74T00', 'BRACKET FR FENDER LWR R', 'YTB', 17, 5, 600, 7000, 2, NULL, '250T', NULL, NULL, 0, 0, 0, 0, 0, 5420, NULL, '2025-12-24', NULL, 'active', NULL, NULL, NULL, NULL, NULL, NULL, NULL, NULL, NULL, NULL, NULL, NULL, NULL, NULL, NULL, NULL, NULL, NULL, NULL, NULL, NULL, NULL, NULL, '2026-04-13 01:45:51', '2026-04-13 01:45:51'),
	(1034, '58422-74T00', 'BRACKET FR FENDER LWR L', 'YTB', 17, 5, 600, 7000, 2, NULL, '250T', NULL, NULL, 0, 0, 0, 0, 0, 4440, NULL, '2025-12-29', NULL, 'active', NULL, NULL, NULL, NULL, NULL, NULL, NULL, NULL, NULL, NULL, NULL, NULL, NULL, NULL, NULL, NULL, NULL, NULL, NULL, NULL, NULL, NULL, NULL, '2026-04-13 01:45:51', '2026-04-13 01:45:51'),
	(1035, '77751-VT010-Z2', 'BRACKET, CHARCOAL CANISTER BASE', '560B', 8, 6, 600, 7000, 2, NULL, '250T', NULL, NULL, 0, 0, 630, 0, 0, 1188, NULL, '2026-03-05', NULL, 'active', NULL, NULL, NULL, NULL, NULL, NULL, NULL, NULL, NULL, NULL, NULL, NULL, NULL, NULL, NULL, NULL, NULL, NULL, NULL, NULL, NULL, NULL, NULL, '2026-04-13 01:45:51', '2026-04-14 09:53:38'),
	(1036, '77751-VT010-Z2 (Blank Sheet)', 'BRACKET, CHARCOAL CANISTER BASE', '560B', 8, 6, 600, 7000, 1, NULL, '250T', NULL, NULL, 0, 0, 630, 0, 0, 1188, NULL, '2026-03-05', NULL, 'active', NULL, NULL, NULL, NULL, NULL, NULL, NULL, NULL, NULL, NULL, NULL, NULL, NULL, NULL, NULL, NULL, NULL, NULL, NULL, NULL, NULL, NULL, NULL, '2026-04-13 01:45:51', '2026-04-14 09:53:38'),
	(1037, '77751-VT020-00', 'BRACKET, CHARCOAL CANISTER BASE', '560B', 8, 6, 600, 7000, 3, NULL, '250T', NULL, NULL, 0, 0, 648, 0, 0, 1188, NULL, '2026-03-05', NULL, 'active', NULL, NULL, NULL, NULL, NULL, NULL, NULL, NULL, NULL, NULL, NULL, NULL, NULL, NULL, NULL, NULL, NULL, NULL, NULL, NULL, NULL, NULL, NULL, '2026-04-13 01:45:51', '2026-04-14 09:53:38'),
	(1038, '77751-VT020-00 (Blank Sheet)', 'BRACKET, CHARCOAL CANISTER BASE', '560B', 8, 6, 600, 7000, 1, NULL, '250T', NULL, NULL, 0, 0, 648, 0, 0, 1188, NULL, '2026-03-05', NULL, 'active', NULL, NULL, NULL, NULL, NULL, NULL, NULL, NULL, NULL, NULL, NULL, NULL, NULL, NULL, NULL, NULL, NULL, NULL, NULL, NULL, NULL, NULL, NULL, '2026-04-13 01:45:51', '2026-04-14 09:53:38'),
	(1039, '77697-VT010-00', 'INSULATOR, FUEL TANK HEAT NO. 1', '560B', 8, 6, 600, 7000, 3, NULL, '250T', NULL, NULL, 0, 0, 0, 0, 0, 1690, NULL, '2026-03-05', NULL, 'active', NULL, NULL, NULL, NULL, NULL, NULL, NULL, NULL, NULL, NULL, NULL, NULL, NULL, NULL, NULL, NULL, NULL, NULL, NULL, NULL, NULL, NULL, NULL, '2026-04-13 01:45:51', '2026-04-13 01:45:51'),
	(1040, '71136-I6000 (OP10-50)', 'REINF-FR PILLAR OTR,LH', 'KS', 1, 1, 600, 7000, 5, NULL, '250T', NULL, NULL, 0, 0, 0, 0, 0, 0, NULL, '2026-03-02', NULL, 'active', NULL, NULL, NULL, NULL, NULL, NULL, NULL, NULL, NULL, NULL, NULL, NULL, NULL, NULL, NULL, NULL, NULL, NULL, NULL, NULL, NULL, NULL, NULL, '2026-04-13 01:45:51', '2026-04-13 01:45:51'),
	(1041, '71136-I6000 (OP60)', 'REINF-FR PILLAR OTR,LH', 'KS', 1, 1, 600, 7000, 1, NULL, '250T', NULL, NULL, 0, 0, 0, 0, 0, 0, NULL, '2026-03-02', NULL, 'active', NULL, NULL, NULL, NULL, NULL, NULL, NULL, NULL, NULL, NULL, NULL, NULL, NULL, NULL, NULL, NULL, NULL, NULL, NULL, NULL, NULL, NULL, NULL, '2026-04-13 01:45:51', '2026-04-13 01:45:51'),
	(1042, '71146-I6000 (OP10-50)', 'REINF-FR PILLAR OTR,RH', 'KS', 1, 1, 600, 7000, 5, NULL, '250T', NULL, NULL, 0, 0, 0, 0, 0, 0, NULL, '2026-03-01', NULL, 'active', NULL, NULL, NULL, NULL, NULL, NULL, NULL, NULL, NULL, NULL, NULL, NULL, NULL, NULL, NULL, NULL, NULL, NULL, NULL, NULL, NULL, NULL, NULL, '2026-04-13 01:45:51', '2026-04-13 01:45:51'),
	(1043, '71146-I6000 (OP60)', 'REINF-FR PILLAR OTR,RH', 'KS', 1, 1, 600, 7000, 1, NULL, '250T', NULL, NULL, 0, 0, 0, 0, 0, 0, NULL, '2026-03-01', NULL, 'active', NULL, NULL, NULL, NULL, NULL, NULL, NULL, NULL, NULL, NULL, NULL, NULL, NULL, NULL, NULL, NULL, NULL, NULL, NULL, NULL, NULL, NULL, NULL, '2026-04-13 01:45:51', '2026-04-13 01:45:51'),
	(1044, '71476/86-I6000', 'BRKT FR S/BELT UPR MTG,LH/RH', 'KS', 1, 1, 600, 7000, 3, NULL, '250T', NULL, NULL, 0, 0, 0, 0, 0, 0, NULL, '2026-01-27', NULL, 'active', NULL, NULL, NULL, NULL, NULL, NULL, NULL, NULL, NULL, NULL, NULL, NULL, NULL, NULL, NULL, NULL, NULL, NULL, NULL, NULL, NULL, NULL, NULL, '2026-04-13 01:45:51', '2026-04-13 01:45:51'),
	(1045, '71134-I6000', 'REINF-FR DR HINGE MTG UPR,LH', 'KS', 1, 1, 600, 7000, 5, NULL, '250T', NULL, NULL, 0, 0, 0, 0, 0, 0, NULL, '2026-01-28', NULL, 'active', NULL, NULL, NULL, NULL, NULL, NULL, NULL, NULL, NULL, NULL, NULL, NULL, NULL, NULL, NULL, NULL, NULL, NULL, NULL, NULL, NULL, NULL, NULL, '2026-04-13 01:45:51', '2026-04-13 01:45:51'),
	(1046, '71144-I6000', 'REINF-FR DR HINGE MTG UPR,RH', 'KS', 1, 1, 600, 7000, 5, NULL, '250T', NULL, NULL, 0, 0, 0, 0, 0, 0, NULL, '2026-02-16', NULL, 'active', NULL, NULL, NULL, NULL, NULL, NULL, NULL, NULL, NULL, NULL, NULL, NULL, NULL, NULL, NULL, NULL, NULL, NULL, NULL, NULL, NULL, NULL, NULL, '2026-04-13 01:45:51', '2026-04-13 01:45:51'),
	(1047, '71154-I6000', 'REINF-FR DR HINGE LWR,LH', 'KS', 1, 1, 600, 7000, 3, NULL, '250T', NULL, NULL, 0, 0, 0, 0, 0, 0, NULL, '2025-11-20', NULL, 'active', NULL, NULL, NULL, NULL, NULL, NULL, NULL, NULL, NULL, NULL, NULL, NULL, NULL, NULL, NULL, NULL, NULL, NULL, NULL, NULL, NULL, NULL, NULL, '2026-04-13 01:45:51', '2026-04-13 01:45:51'),
	(1048, '71164-I6000', 'REINF-FR DR HINGE LWR,RH', 'KS', 1, 1, 600, 7000, 3, NULL, '250T', NULL, NULL, 0, 0, 0, 0, 0, 0, NULL, '2025-11-14', NULL, 'active', NULL, NULL, NULL, NULL, NULL, NULL, NULL, NULL, NULL, NULL, NULL, NULL, NULL, NULL, NULL, NULL, NULL, NULL, NULL, NULL, NULL, NULL, NULL, '2026-04-13 01:45:51', '2026-04-13 01:45:51'),
	(1049, '71172-I6000', 'REINF-FR DR CHECKER MTG,LH', 'KS', 1, 1, 600, 7000, 2, NULL, '250T', NULL, NULL, 0, 0, 200, 0, 0, 0, NULL, '2025-11-21', NULL, 'active', NULL, NULL, NULL, NULL, NULL, NULL, NULL, NULL, NULL, NULL, NULL, NULL, NULL, NULL, NULL, NULL, NULL, NULL, NULL, NULL, NULL, NULL, NULL, '2026-04-13 01:45:51', '2026-04-14 09:53:38'),
	(1050, '71182-I6000', 'REINF-FR DR CHECKER MTG,RH', 'KS', 1, 1, 600, 7000, 2, NULL, '250T', NULL, NULL, 0, 0, 0, 0, 0, 0, NULL, '2025-11-20', NULL, 'active', NULL, NULL, NULL, NULL, NULL, NULL, NULL, NULL, NULL, NULL, NULL, NULL, NULL, NULL, NULL, NULL, NULL, NULL, NULL, NULL, NULL, NULL, NULL, '2026-04-13 01:45:51', '2026-04-13 01:45:51'),
	(1051, '651C8-I6000 (OP10)', 'BRACE-CTR FLOOR TUNNEL', 'KS', 1, 1, 600, 7000, 1, NULL, '250T', NULL, NULL, 0, 0, 0, 0, 0, 0, NULL, '2025-12-22', NULL, 'active', NULL, NULL, NULL, NULL, NULL, NULL, NULL, NULL, NULL, NULL, NULL, NULL, NULL, NULL, NULL, NULL, NULL, NULL, NULL, NULL, NULL, NULL, NULL, '2026-04-13 01:45:51', '2026-04-13 01:45:51'),
	(1052, '651C8-I6000', 'BRACE-CTR FLOOR TUNNEL', 'KS', 1, 1, 600, 7000, 4, NULL, '250T', NULL, NULL, 0, 0, 0, 0, 0, 0, NULL, '2025-12-22', NULL, 'active', NULL, NULL, NULL, NULL, NULL, NULL, NULL, NULL, NULL, NULL, NULL, NULL, NULL, NULL, NULL, NULL, NULL, NULL, NULL, NULL, NULL, NULL, NULL, '2026-04-13 01:45:51', '2026-04-13 01:45:51'),
	(1053, '651D8-I6000 (OP10)', 'BRACE-CTR FLOOR TUNNEL RR', 'KS', 1, 1, 600, 7000, 1, NULL, '250T', NULL, NULL, 0, 0, 1200, 0, 0, 0, NULL, '2025-12-23', NULL, 'active', NULL, NULL, NULL, NULL, NULL, NULL, NULL, NULL, NULL, NULL, NULL, NULL, NULL, NULL, NULL, NULL, NULL, NULL, NULL, NULL, NULL, NULL, NULL, '2026-04-13 01:45:51', '2026-04-14 09:53:38'),
	(1054, '651D8-I6000', 'BRACE-CTR FLOOR TUNNEL RR', 'KS', 1, 1, 600, 7000, 4, NULL, '250T', NULL, NULL, 0, 0, 1200, 0, 0, 0, NULL, '2025-12-23', NULL, 'active', NULL, NULL, NULL, NULL, NULL, NULL, NULL, NULL, NULL, NULL, NULL, NULL, NULL, NULL, NULL, NULL, NULL, NULL, NULL, NULL, NULL, NULL, NULL, '2026-04-13 01:45:51', '2026-04-14 09:53:38'),
	(1055, '651A8-I6000', 'MBR CTR FLR SIDE UPR,RH', 'KS', 1, 1, 600, 7000, 2, NULL, '250T', NULL, NULL, 0, 0, 0, 0, 0, 0, NULL, '2025-12-02', NULL, 'active', NULL, NULL, NULL, NULL, NULL, NULL, NULL, NULL, NULL, NULL, NULL, NULL, NULL, NULL, NULL, NULL, NULL, NULL, NULL, NULL, NULL, NULL, NULL, '2026-04-13 01:45:51', '2026-04-13 01:45:51'),
	(1056, '651B2-I6000', 'REINF CTR FLR SIDE FR,RH', 'KS', 1, 1, 600, 7000, 2, NULL, '250T', NULL, NULL, 0, 0, 0, 0, 0, 0, NULL, '2025-12-04', NULL, 'active', NULL, NULL, NULL, NULL, NULL, NULL, NULL, NULL, NULL, NULL, NULL, NULL, NULL, NULL, NULL, NULL, NULL, NULL, NULL, NULL, NULL, NULL, NULL, '2026-04-13 01:45:51', '2026-04-13 01:45:51'),
	(1057, '651F2-I6000', 'PATCH S/SILL INR REINF NO.1', 'KS', 1, 1, 600, 7000, 2, NULL, '250T', NULL, NULL, 0, 0, 0, 0, 0, 0, NULL, '2025-12-01', NULL, 'active', NULL, NULL, NULL, NULL, NULL, NULL, NULL, NULL, NULL, NULL, NULL, NULL, NULL, NULL, NULL, NULL, NULL, NULL, NULL, NULL, NULL, NULL, NULL, '2026-04-13 01:45:51', '2026-04-13 01:45:51'),
	(1058, '651F4-I6050', 'REINF FR SEAT CROSS MBR SD,RH', 'KS', 1, 1, 600, 7000, 3, NULL, '250T', NULL, NULL, 0, 0, 0, 0, 0, 0, NULL, '2026-10-02', NULL, 'active', NULL, NULL, NULL, NULL, NULL, NULL, NULL, NULL, NULL, NULL, NULL, NULL, NULL, NULL, NULL, NULL, NULL, NULL, NULL, NULL, NULL, NULL, NULL, '2026-04-13 01:45:51', '2026-04-13 01:45:51'),
	(1059, '71395-I6050', 'GUSSET SIDE SILL OTR NO.3', 'KS', 1, 1, 600, 7000, 5, NULL, '250T', NULL, NULL, 0, 0, 0, 0, 0, 0, NULL, '2026-11-05', NULL, 'active', NULL, NULL, NULL, NULL, NULL, NULL, NULL, NULL, NULL, NULL, NULL, NULL, NULL, NULL, NULL, NULL, NULL, NULL, NULL, NULL, NULL, NULL, NULL, '2026-04-13 01:45:51', '2026-04-13 01:45:51'),
	(1060, '71396-I6050', 'GUSSET SIDE SILL OTR NO.3', 'KS', 1, 1, 600, 7000, 5, NULL, '250T', NULL, NULL, 0, 0, 0, 0, 0, 0, NULL, '2026-11-05', NULL, 'active', NULL, NULL, NULL, NULL, NULL, NULL, NULL, NULL, NULL, NULL, NULL, NULL, NULL, NULL, NULL, NULL, NULL, NULL, NULL, NULL, NULL, NULL, NULL, '2026-04-13 01:45:51', '2026-04-13 01:45:51'),
	(1061, '71374/84-I6000 (OP10)', 'REINF SIDE SILL OTR FR,LH/RH', 'KS', 1, 1, 600, 7000, 1, NULL, '250T', NULL, NULL, 0, 0, 0, 0, 0, 0, NULL, '2026-02-09', NULL, 'active', NULL, NULL, NULL, NULL, NULL, NULL, NULL, NULL, NULL, NULL, NULL, NULL, NULL, NULL, NULL, NULL, NULL, NULL, NULL, NULL, NULL, NULL, NULL, '2026-04-13 01:45:51', '2026-04-13 01:45:51'),
	(1062, '71374/84-I6000', 'REINF SIDE SILL OTR FR,LH/RH', 'KS', 1, 1, 600, 7000, 5, NULL, '250T', NULL, NULL, 0, 0, 0, 0, 0, 0, NULL, '2026-02-09', NULL, 'active', NULL, NULL, NULL, NULL, NULL, NULL, NULL, NULL, NULL, NULL, NULL, NULL, NULL, NULL, NULL, NULL, NULL, NULL, NULL, NULL, NULL, NULL, NULL, '2026-04-13 01:45:51', '2026-04-13 01:45:51'),
	(1063, '71394-I6000', 'GUSSET SIDE SILL OTR NO.2,RH', 'KS', 1, 1, 600, 7000, 4, NULL, '250T', NULL, NULL, 0, 0, 0, 0, 0, 0, NULL, '2025-12-06', NULL, 'active', NULL, NULL, NULL, NULL, NULL, NULL, NULL, NULL, NULL, NULL, NULL, NULL, NULL, NULL, NULL, NULL, NULL, NULL, NULL, NULL, NULL, NULL, NULL, '2026-04-13 01:45:51', '2026-04-13 01:45:51'),
	(1064, '71391-I6000', 'GUSSET SIDE SILL OTR NO.1 LH', 'KS', 1, 1, 600, 7000, 3, NULL, '250T', NULL, NULL, 0, 0, 0, 0, 0, 0, NULL, '2026-03-16', NULL, 'active', NULL, NULL, NULL, NULL, NULL, NULL, NULL, NULL, NULL, NULL, NULL, NULL, NULL, NULL, NULL, NULL, NULL, NULL, NULL, NULL, NULL, NULL, NULL, '2026-04-13 01:45:51', '2026-04-13 01:45:51'),
	(1065, '65152-I6000 (OP10)', 'MBR FR SEAT CROSS,LH', 'KS', 1, 1, 600, 7000, 1, NULL, '250T', NULL, NULL, 0, 0, 0, 0, 0, 0, NULL, '2026-03-03', NULL, 'active', NULL, NULL, NULL, NULL, NULL, NULL, NULL, NULL, NULL, NULL, NULL, NULL, NULL, NULL, NULL, NULL, NULL, NULL, NULL, NULL, NULL, NULL, NULL, '2026-04-13 01:45:51', '2026-04-13 01:45:51'),
	(1066, '65152-I6000', 'MBR FR SEAT CROSS,LH', 'KS', 1, 1, 600, 7000, 4, NULL, '250T', NULL, NULL, 0, 0, 0, 0, 0, 0, NULL, '2026-03-03', NULL, 'active', NULL, NULL, NULL, NULL, NULL, NULL, NULL, NULL, NULL, NULL, NULL, NULL, NULL, NULL, NULL, NULL, NULL, NULL, NULL, NULL, NULL, NULL, NULL, '2026-04-13 01:45:51', '2026-04-13 01:45:51'),
	(1067, '65162-I6000 (Sheet)', 'MBR FR SEAT CROSS,RH', 'KS', 1, 1, 600, 7000, 1, NULL, '250T', NULL, NULL, 0, 0, 0, 0, 0, 0, NULL, '2025-09-23', NULL, 'active', NULL, NULL, NULL, NULL, NULL, NULL, NULL, NULL, NULL, NULL, NULL, NULL, NULL, NULL, NULL, NULL, NULL, NULL, NULL, NULL, NULL, NULL, NULL, '2026-04-13 01:45:51', '2026-04-13 01:45:51'),
	(1068, '65162-I6000', 'MBR FR SEAT CROSS,RH', 'KS', 1, 1, 600, 7000, 4, NULL, '250T', NULL, NULL, 0, 0, 0, 0, 0, 0, NULL, '2025-09-23', NULL, 'active', NULL, NULL, NULL, NULL, NULL, NULL, NULL, NULL, NULL, NULL, NULL, NULL, NULL, NULL, NULL, NULL, NULL, NULL, NULL, NULL, NULL, NULL, NULL, '2026-04-13 01:45:51', '2026-04-13 01:45:51'),
	(1069, '65156-I6000', 'BRKT FR ST RR OTR MTG,LH', 'KS', 1, 1, 600, 7000, 5, NULL, '250T', NULL, NULL, 0, 0, 0, 0, 0, 0, NULL, '2026-03-04', NULL, 'active', NULL, NULL, NULL, NULL, NULL, NULL, NULL, NULL, NULL, NULL, NULL, NULL, NULL, NULL, NULL, NULL, NULL, NULL, NULL, NULL, NULL, NULL, NULL, '2026-04-13 01:45:51', '2026-04-13 01:45:51'),
	(1070, '65166-I6000', 'BRKT FR ST RR OTR MTG,RH', 'KS', 1, 1, 600, 7000, 5, NULL, '250T', NULL, NULL, 0, 0, 0, 0, 0, 0, NULL, '2026-03-09', NULL, 'active', NULL, NULL, NULL, NULL, NULL, NULL, NULL, NULL, NULL, NULL, NULL, NULL, NULL, NULL, NULL, NULL, NULL, NULL, NULL, NULL, NULL, NULL, NULL, '2026-04-13 01:45:51', '2026-04-13 01:45:51'),
	(1071, '71358-I6000', 'EXTN SIDE SILL OTR FR,L', 'KS', 1, 1, 600, 7000, 2, NULL, '250T', NULL, NULL, 0, 0, 0, 0, 0, 0, NULL, '2025-10-23', NULL, 'active', NULL, NULL, NULL, NULL, NULL, NULL, NULL, NULL, NULL, NULL, NULL, NULL, NULL, NULL, NULL, NULL, NULL, NULL, NULL, NULL, NULL, NULL, NULL, '2026-04-13 01:45:51', '2026-04-13 01:45:51'),
	(1072, '71368-I6000', 'EXTN SIDE SILL OTR FR,R', 'KS', 1, 1, 600, 7000, 2, NULL, '250T', NULL, NULL, 0, 0, 0, 0, 0, 0, NULL, '2025-11-12', NULL, 'active', NULL, NULL, NULL, NULL, NULL, NULL, NULL, NULL, NULL, NULL, NULL, NULL, NULL, NULL, NULL, NULL, NULL, NULL, NULL, NULL, NULL, NULL, NULL, '2026-04-13 01:45:51', '2026-04-13 01:45:51'),
	(1073, '65106-I6000', 'REINF CTR FLOOR RR', 'KS', 1, 1, 600, 7000, 4, NULL, '250T', NULL, NULL, 0, 0, 0, 0, 0, 0, NULL, '2025-11-28', NULL, 'active', NULL, NULL, NULL, NULL, NULL, NULL, NULL, NULL, NULL, NULL, NULL, NULL, NULL, NULL, NULL, NULL, NULL, NULL, NULL, NULL, NULL, NULL, NULL, '2026-04-13 01:45:51', '2026-04-13 01:45:51'),
	(1074, '65154-I6000', 'BRKT FR ST RR INR MTG,LH', 'KS', 1, 1, 600, 7000, 3, NULL, '250T', NULL, NULL, 0, 0, 600, 0, 0, 0, NULL, '2025-12-31', NULL, 'active', NULL, NULL, NULL, NULL, NULL, NULL, NULL, NULL, NULL, NULL, NULL, NULL, NULL, NULL, NULL, NULL, NULL, NULL, NULL, NULL, NULL, NULL, NULL, '2026-04-13 01:45:51', '2026-04-14 09:53:38'),
	(1075, '65164-I6000', 'BRKT FR ST RR INR MTG,RH', 'KS', 1, 1, 600, 7000, 3, NULL, '250T', NULL, NULL, 0, 0, 0, 0, 0, 0, NULL, '2026-01-30', NULL, 'active', NULL, NULL, NULL, NULL, NULL, NULL, NULL, NULL, NULL, NULL, NULL, NULL, NULL, NULL, NULL, NULL, NULL, NULL, NULL, NULL, NULL, NULL, NULL, '2026-04-13 01:45:51', '2026-04-13 01:45:51'),
	(1076, '65174-I6000', 'REINF SIDE SILL INR LH', 'KS', 1, 1, 600, 7000, 2, NULL, '250T', NULL, NULL, 0, 0, 0, 0, 0, 0, NULL, '2025-12-03', NULL, 'active', NULL, NULL, NULL, NULL, NULL, NULL, NULL, NULL, NULL, NULL, NULL, NULL, NULL, NULL, NULL, NULL, NULL, NULL, NULL, NULL, NULL, NULL, NULL, '2026-04-13 01:45:51', '2026-04-13 01:45:51'),
	(1077, '65184-I6000', 'REINF SIDE SILL INR RH', 'KS', 1, 1, 600, 7000, 2, NULL, '250T', NULL, NULL, 0, 0, 0, 0, 0, 0, NULL, '2025-11-03', NULL, 'active', NULL, NULL, NULL, NULL, NULL, NULL, NULL, NULL, NULL, NULL, NULL, NULL, NULL, NULL, NULL, NULL, NULL, NULL, NULL, NULL, NULL, NULL, NULL, '2026-04-13 01:45:51', '2026-04-13 01:45:51'),
	(1078, '71252-I6000', 'EXTN FR PILLAR UPR,LH', 'KS', 1, 1, 600, 7000, 4, NULL, '250T', NULL, NULL, 0, 0, 600, 0, 0, 0, NULL, '2026-01-22', NULL, 'active', NULL, NULL, NULL, NULL, NULL, NULL, NULL, NULL, NULL, NULL, NULL, NULL, NULL, NULL, NULL, NULL, NULL, NULL, NULL, NULL, NULL, NULL, NULL, '2026-04-13 01:45:51', '2026-04-14 09:53:38'),
	(1079, '71262-I6000', 'EXTN FR PILLAR UPR,RH', 'KS', 1, 1, 600, 7000, 4, NULL, '250T', NULL, NULL, 0, 0, 0, 0, 0, 0, NULL, '2026-01-23', NULL, 'active', NULL, NULL, NULL, NULL, NULL, NULL, NULL, NULL, NULL, NULL, NULL, NULL, NULL, NULL, NULL, NULL, NULL, NULL, NULL, NULL, NULL, NULL, NULL, '2026-04-13 01:45:51', '2026-04-13 01:45:51'),
	(1080, '71393-I6000', 'GUSSET SIDE SILL OTR NO.2,LH', 'KS', 1, 1, 600, 7000, 4, NULL, '250T', NULL, NULL, 0, 0, 0, 0, 0, 0, NULL, '2025-11-13', NULL, 'active', NULL, NULL, NULL, NULL, NULL, NULL, NULL, NULL, NULL, NULL, NULL, NULL, NULL, NULL, NULL, NULL, NULL, NULL, NULL, NULL, NULL, NULL, NULL, '2026-04-13 01:45:51', '2026-04-13 01:45:51'),
	(1081, '65258-I6000', 'EXTN S/SILL INR CTR, L', 'KS', 1, 1, 600, 7000, 3, NULL, '250T', NULL, NULL, 0, 0, 0, 0, 0, 0, NULL, '2026-12-06', NULL, 'active', NULL, NULL, NULL, NULL, NULL, NULL, NULL, NULL, NULL, NULL, NULL, NULL, NULL, NULL, NULL, NULL, NULL, NULL, NULL, NULL, NULL, NULL, NULL, '2026-04-13 01:45:51', '2026-04-13 01:45:51'),
	(1082, '65268-I6000', 'EXTN S/SILL INR CTR, R', 'KS', 1, 1, 600, 7000, 3, NULL, '250T', NULL, NULL, 0, 0, 0, 0, 0, 0, NULL, '2026-11-12', NULL, 'active', NULL, NULL, NULL, NULL, NULL, NULL, NULL, NULL, NULL, NULL, NULL, NULL, NULL, NULL, NULL, NULL, NULL, NULL, NULL, NULL, NULL, NULL, NULL, '2026-04-13 01:45:51', '2026-04-13 01:45:51'),
	(1083, '651N4-I6000', 'PATCH CTR FLR INR,LH', 'KS', 1, 1, 600, 7000, 3, NULL, '250T', NULL, NULL, 0, 0, 0, 0, 0, 0, NULL, '2026-11-05', NULL, 'active', NULL, NULL, NULL, NULL, NULL, NULL, NULL, NULL, NULL, NULL, NULL, NULL, NULL, NULL, NULL, NULL, NULL, NULL, NULL, NULL, NULL, NULL, NULL, '2026-04-13 01:45:51', '2026-04-13 01:45:51'),
	(1084, '651A2-I6000', 'REINF CTR FLR SIDE FR,LH', 'KS', 1, 1, 600, 7000, 3, NULL, '250T', NULL, NULL, 0, 0, 0, 0, 0, 0, NULL, '2026-02-14', NULL, 'active', NULL, NULL, NULL, NULL, NULL, NULL, NULL, NULL, NULL, NULL, NULL, NULL, NULL, NULL, NULL, NULL, NULL, NULL, NULL, NULL, NULL, NULL, NULL, '2026-04-13 01:45:51', '2026-04-13 01:45:51'),
	(1085, '71474-I6000', 'REINF CTR PLR INR UPR,LH', 'KS', 1, 1, 600, 7000, 2, NULL, '250T', NULL, NULL, 0, 0, 0, 0, 0, 4448, NULL, '2025-11-04', NULL, 'active', NULL, NULL, NULL, NULL, NULL, NULL, NULL, NULL, NULL, NULL, NULL, NULL, NULL, NULL, NULL, NULL, NULL, NULL, NULL, NULL, NULL, NULL, NULL, '2026-04-13 01:45:51', '2026-04-13 01:45:51'),
	(1086, '71484-I6000', 'REINF CTR PLR INR UPR,RH', 'KS', 1, 1, 600, 7000, 2, NULL, '250T', NULL, NULL, 0, 0, 0, 0, 0, 4448, NULL, '2025-11-04', NULL, 'active', NULL, NULL, NULL, NULL, NULL, NULL, NULL, NULL, NULL, NULL, NULL, NULL, NULL, NULL, NULL, NULL, NULL, NULL, NULL, NULL, NULL, NULL, NULL, '2026-04-13 01:45:51', '2026-04-13 01:45:51'),
	(1087, '71432-I6000', 'BRKT ASSIST HDL FR,LH', 'KS', 1, 1, 600, 7000, 4, NULL, '250T', NULL, NULL, 0, 0, 0, 0, 0, 1200, NULL, '2025-12-31', NULL, 'active', NULL, NULL, NULL, NULL, NULL, NULL, NULL, NULL, NULL, NULL, NULL, NULL, NULL, NULL, NULL, NULL, NULL, NULL, NULL, NULL, NULL, NULL, NULL, '2026-04-13 01:45:51', '2026-04-13 01:45:51'),
	(1088, '71434-I6000', 'BRKT ASSIST HDL RR,LH', 'KS', 1, 1, 600, 7000, 4, NULL, '250T', NULL, NULL, 0, 0, 0, 0, 0, 1200, NULL, '2025-12-31', NULL, 'active', NULL, NULL, NULL, NULL, NULL, NULL, NULL, NULL, NULL, NULL, NULL, NULL, NULL, NULL, NULL, NULL, NULL, NULL, NULL, NULL, NULL, NULL, NULL, '2026-04-13 01:45:51', '2026-04-13 01:45:51'),
	(1089, '64317-3M0A-3001 (1/3 Blank Sheet)', 'BHD R, RR PLR', '3M0A', 18, 3, 600, 7000, 1, NULL, '250T', NULL, NULL, 0, 0, 0, 0, 0, 1920, NULL, '2025-11-18', NULL, 'active', NULL, NULL, NULL, NULL, NULL, NULL, NULL, NULL, NULL, NULL, NULL, NULL, NULL, NULL, NULL, NULL, NULL, NULL, NULL, NULL, NULL, NULL, NULL, '2026-04-13 01:45:51', '2026-04-13 01:45:51'),
	(1090, '64317-3M0A-3001', 'BHD R, RR PLR', '3M0A', 18, 3, 600, 7000, 2, NULL, '250T', NULL, NULL, 0, 0, 0, 0, 0, 1920, NULL, '2025-11-18', NULL, 'active', NULL, NULL, NULL, NULL, NULL, NULL, NULL, NULL, NULL, NULL, NULL, NULL, NULL, NULL, NULL, NULL, NULL, NULL, NULL, NULL, NULL, NULL, NULL, '2026-04-13 01:45:51', '2026-04-13 01:45:51'),
	(1091, '64717-3M0A-3001 (1/3 Blank Sheet)', 'BHD L, RR PLR', '3M0A', 18, 3, 600, 7000, 1, NULL, '250T', NULL, NULL, 0, 0, 0, 0, 0, 1840, NULL, '2025-12-29', NULL, 'active', NULL, NULL, NULL, NULL, NULL, NULL, NULL, NULL, NULL, NULL, NULL, NULL, NULL, NULL, NULL, NULL, NULL, NULL, NULL, NULL, NULL, NULL, NULL, '2026-04-13 01:45:51', '2026-04-13 01:45:51'),
	(1092, '64717-3M0A-3001', 'BHD L, RR PLR', '3M0A', 18, 3, 600, 7000, 2, NULL, '250T', NULL, NULL, 0, 0, 0, 0, 0, 1840, NULL, '2025-12-29', NULL, 'active', NULL, NULL, NULL, NULL, NULL, NULL, NULL, NULL, NULL, NULL, NULL, NULL, NULL, NULL, NULL, NULL, NULL, NULL, NULL, NULL, NULL, NULL, NULL, '2026-04-13 01:45:51', '2026-04-13 01:45:51'),
	(1093, '62741-74U00 ', 'BRACKET , FUEL TANK REAR , L', 'YTB', 17, 3, 600, 7000, 3, NULL, '250T', NULL, NULL, 0, 0, 0, 0, 0, 4875, NULL, '2025-11-20', NULL, 'active', NULL, NULL, NULL, NULL, NULL, NULL, NULL, NULL, NULL, NULL, NULL, NULL, NULL, NULL, NULL, NULL, NULL, NULL, NULL, NULL, NULL, NULL, NULL, '2026-04-13 01:45:51', '2026-04-13 01:45:51'),
	(1094, '60753-TSAA-K002-H1', 'GUSSET L FR W/H', '2SJ', 3, 3, 600, 7000, 3, NULL, '250T', NULL, NULL, 0, 0, 0, 0, 0, 0, NULL, '2026-11-07', NULL, 'active', NULL, NULL, NULL, NULL, NULL, NULL, NULL, NULL, NULL, NULL, NULL, NULL, NULL, NULL, NULL, NULL, NULL, NULL, NULL, NULL, NULL, NULL, NULL, '2026-04-13 01:45:51', '2026-04-13 01:45:51'),
	(1095, '60843/943-TF0-G000-50', 'BRKT R/L, FR BPR EXTN', '2SJ', 3, 3, 600, 7000, 5, NULL, '250T', NULL, NULL, 0, 0, 0, 0, 0, 0, NULL, '2026-11-09', NULL, 'active', NULL, NULL, NULL, NULL, NULL, NULL, NULL, NULL, NULL, NULL, NULL, NULL, NULL, NULL, NULL, NULL, NULL, NULL, NULL, NULL, NULL, NULL, NULL, '2026-04-13 01:45:51', '2026-04-13 01:45:51'),
	(1096, '60945-TSAA-K002-H1', 'GUSSET L,FR SIDE FRAME', '2SJ', 3, 3, 600, 7000, 5, NULL, '250T', NULL, NULL, 0, 0, 0, 0, 0, 0, NULL, '2026-10-16', NULL, 'active', NULL, NULL, NULL, NULL, NULL, NULL, NULL, NULL, NULL, NULL, NULL, NULL, NULL, NULL, NULL, NULL, NULL, NULL, NULL, NULL, NULL, NULL, NULL, '2026-04-13 01:45:51', '2026-04-13 01:45:51'),
	(1097, '60756 -TSAA-K002-H1', 'PATCH L, FR HSG', '2SJ', 3, 3, 600, 7000, 4, NULL, '250T', NULL, NULL, 0, 0, 0, 0, 0, 0, NULL, '2026-10-15', NULL, 'active', NULL, NULL, NULL, NULL, NULL, NULL, NULL, NULL, NULL, NULL, NULL, NULL, NULL, NULL, NULL, NULL, NULL, NULL, NULL, NULL, NULL, NULL, NULL, '2026-04-13 01:45:51', '2026-04-14 11:01:05'),
	(1098, '60818-TSE-K002-H1', 'STIFF C/MBR R FR SIDE', '2SJ', 3, 3, 600, 7000, 2, NULL, '250T', NULL, NULL, 0, 0, 0, 0, 0, 0, NULL, '2026-10-03', NULL, 'active', NULL, NULL, NULL, NULL, NULL, NULL, NULL, NULL, NULL, NULL, NULL, NULL, NULL, NULL, NULL, NULL, NULL, NULL, NULL, NULL, NULL, NULL, NULL, '2026-04-13 01:45:51', '2026-04-13 01:45:51'),
	(1099, '60818-TSAA-K003-50', 'STIFF C/MBR R FR SIDE', '2SJ', 3, 3, 600, 7000, 2, NULL, '250T', NULL, NULL, 0, 0, 0, 0, 0, 0, NULL, '2026-10-03', NULL, 'active', NULL, NULL, NULL, NULL, NULL, NULL, NULL, NULL, NULL, NULL, NULL, NULL, NULL, NULL, NULL, NULL, NULL, NULL, NULL, NULL, NULL, NULL, NULL, '2026-04-13 01:45:51', '2026-04-13 01:45:51'),
	(1100, '63224-TSAA-K001-H1', 'BHD R, SIDE SILL', '2SJ', 3, 3, 600, 7000, 1, NULL, '250T', NULL, '63224-TSAA-K001-H1', 0, 0, 0, 0, 0, 0, NULL, '2026-09-06', NULL, 'active', NULL, NULL, NULL, NULL, NULL, NULL, NULL, NULL, NULL, NULL, NULL, NULL, NULL, NULL, NULL, NULL, NULL, NULL, NULL, NULL, NULL, NULL, NULL, '2026-04-13 01:45:51', '2026-04-15 09:43:29'),
	(1101, '60653-TSAA-K003-H1', 'GUSSET R FR W/H', '2SJ', 3, 3, 600, 7000, 3, NULL, '250T', NULL, NULL, 0, 0, 0, 0, 0, 0, NULL, '2026-09-24', NULL, 'active', NULL, NULL, NULL, NULL, NULL, NULL, NULL, NULL, NULL, NULL, NULL, NULL, NULL, NULL, NULL, NULL, NULL, NULL, NULL, NULL, NULL, NULL, NULL, '2026-04-13 01:45:51', '2026-04-13 01:45:51'),
	(1102, '60833-TSAA-K002-H1', 'BHD STIFF,END SIDE MTG ', '2SJ', 3, 3, 600, 7000, 3, NULL, '250T', NULL, NULL, 0, 0, 0, 0, 0, 0, NULL, '2026-10-19', NULL, 'active', NULL, NULL, NULL, NULL, NULL, NULL, NULL, NULL, NULL, NULL, NULL, NULL, NULL, NULL, NULL, NULL, NULL, NULL, NULL, NULL, NULL, NULL, NULL, '2026-04-13 01:45:51', '2026-04-13 01:45:51'),
	(1103, '60656 -TSAA-K002-H1', 'PATCH R, FR HSG', '2SJ', 3, 3, 600, 7000, 3, NULL, '250T', NULL, NULL, 0, 0, 0, 0, 0, 0, NULL, '2026-11-16', NULL, 'active', NULL, NULL, NULL, NULL, NULL, NULL, NULL, NULL, NULL, NULL, NULL, NULL, NULL, NULL, NULL, NULL, NULL, NULL, NULL, NULL, NULL, NULL, NULL, '2026-04-13 01:45:51', '2026-04-13 01:45:51'),
	(1104, '60845-TSAA-K002-H1', 'GUSSET R,FR SID\nE FRAME', '2SJ', 3, 3, 600, 7000, 5, NULL, '250T', NULL, NULL, 0, 0, 0, 0, 0, 0, NULL, '2026-09-08', NULL, 'active', NULL, NULL, NULL, NULL, NULL, NULL, NULL, NULL, NULL, NULL, NULL, NULL, NULL, NULL, NULL, NULL, NULL, NULL, NULL, NULL, NULL, NULL, NULL, '2026-04-13 01:45:51', '2026-04-13 01:45:51'),
	(1105, '60822/922-TSA-K000-H1', 'STIFF R/L, FR INSIDE SILL EXTN', '2SJ', 3, 3, 600, 7000, 2, NULL, '250T', NULL, NULL, 0, 0, 0, 0, 0, 0, NULL, '2026-10-04', NULL, 'active', NULL, NULL, NULL, NULL, NULL, NULL, NULL, NULL, NULL, NULL, NULL, NULL, NULL, NULL, NULL, NULL, NULL, NULL, NULL, NULL, NULL, NULL, NULL, '2026-04-13 01:45:51', '2026-04-13 01:45:51'),
	(1106, '60934-TG0-P000-50', 'BHD, TRNS MTG', '2SJ', 3, 3, 600, 7000, 2, NULL, '250T', NULL, NULL, 0, 0, 0, 0, 0, 0, NULL, '2026-10-08', NULL, 'active', NULL, NULL, NULL, NULL, NULL, NULL, NULL, NULL, NULL, NULL, NULL, NULL, NULL, NULL, NULL, NULL, NULL, NULL, NULL, NULL, NULL, NULL, NULL, '2026-04-13 01:45:51', '2026-04-13 01:45:51'),
	(1107, '63225/625-TSA-K000-H1', 'PATCH R/L, SIDE SILL', '2SJ', 3, 3, 600, 7000, 1, NULL, '250T', NULL, NULL, 0, 0, 0, 0, 0, 0, NULL, '2026-09-22', NULL, 'active', NULL, NULL, NULL, NULL, NULL, NULL, NULL, NULL, NULL, NULL, NULL, NULL, NULL, NULL, NULL, NULL, NULL, NULL, NULL, NULL, NULL, NULL, NULL, '2026-04-13 01:45:51', '2026-04-13 01:45:51'),
	(1108, '60719-TSAA-K001-50 ', 'BRKT L FR FENDER', '2SJ', 3, 3, 600, 7000, 3, NULL, '250T', NULL, NULL, 0, 0, 0, 0, 0, 0, NULL, '2026-10-23', NULL, 'active', NULL, NULL, NULL, NULL, NULL, NULL, NULL, NULL, NULL, NULL, NULL, NULL, NULL, NULL, NULL, NULL, NULL, NULL, NULL, NULL, NULL, NULL, NULL, '2026-04-13 01:45:51', '2026-04-13 01:45:51'),
	(1109, '60832-TSAA-K001-50', 'BHD,ENG SIDE MTG RR', '2SJ', 3, 3, 600, 7000, 2, NULL, '250T', NULL, NULL, 0, 0, 0, 0, 0, 0, NULL, '2026-11-15', NULL, 'active', NULL, NULL, NULL, NULL, NULL, NULL, NULL, NULL, NULL, NULL, NULL, NULL, NULL, NULL, NULL, NULL, NULL, NULL, NULL, NULL, NULL, NULL, NULL, '2026-04-13 01:45:51', '2026-04-13 01:45:51'),
	(1110, '71372/82-I6000 (Blank)', 'REINF RR DR CHKR MTG LH/RH', 'KS', 1, 1, 600, 10000, 1, NULL, 'Progressive', NULL, NULL, 0, 0, 0, 0, 0, 1498, NULL, '2026-02-06', NULL, 'active', NULL, NULL, NULL, NULL, NULL, NULL, NULL, NULL, NULL, NULL, NULL, NULL, NULL, NULL, NULL, NULL, NULL, NULL, NULL, NULL, NULL, NULL, NULL, '2026-04-13 01:45:51', '2026-04-13 01:45:51'),
	(1111, '71216-I6900 (Blank)', 'BRKT-COWL CROSS MEMBER GD,LH', 'KS', 1, 1, 600, 10000, 1, NULL, 'Progressive', NULL, NULL, 0, 0, 0, 0, 0, 2300, NULL, '2026-04-05', NULL, 'active', NULL, NULL, NULL, NULL, NULL, NULL, NULL, NULL, NULL, NULL, NULL, NULL, NULL, NULL, NULL, NULL, NULL, NULL, NULL, NULL, NULL, NULL, NULL, '2026-04-13 01:45:51', '2026-04-13 01:45:51'),
	(1112, '71216-I6000 (Blank)', 'BRKT-COWL CROSS MEMBER GD,LH', 'KS', 1, 1, 600, 10000, 1, NULL, 'Progressive', NULL, NULL, 0, 0, 0, 0, 0, 2300, NULL, '2026-01-12', NULL, 'active', NULL, NULL, NULL, NULL, NULL, NULL, NULL, NULL, NULL, NULL, NULL, NULL, NULL, NULL, NULL, NULL, NULL, NULL, NULL, NULL, NULL, NULL, NULL, '2026-04-13 01:45:51', '2026-04-13 01:45:51'),
	(1113, '71478/88-I6000 (Blank)', 'BRKT FR SEAT BELT LWR MTG,LH/RH', 'KS', 1, 1, 600, 10000, 1, NULL, 'Progressive', NULL, NULL, 0, 0, 0, 0, 0, 2518, NULL, '2026-01-24', NULL, 'active', NULL, NULL, NULL, NULL, NULL, NULL, NULL, NULL, NULL, NULL, NULL, NULL, NULL, NULL, NULL, NULL, NULL, NULL, NULL, NULL, NULL, NULL, NULL, '2026-04-13 01:45:51', '2026-04-13 01:45:51'),
	(1114, '71226-I6900 (Blank)', 'BRKT-COWL CROSS MEMBER GDE,RH', 'KS', 1, 1, 600, 10000, 1, NULL, 'Progressive', NULL, NULL, 0, 0, 0, 0, 0, 1200, NULL, '2026-01-12', NULL, 'active', NULL, NULL, NULL, NULL, NULL, NULL, NULL, NULL, NULL, NULL, NULL, NULL, NULL, NULL, NULL, NULL, NULL, NULL, NULL, NULL, NULL, NULL, NULL, '2026-04-13 01:45:51', '2026-04-13 01:45:51'),
	(1115, '71226-I6000 (Blank)', 'BRKT-COWL CROSS MEMBER GDE,RH', 'KS', 1, 1, 600, 10000, 1, NULL, 'Progressive', NULL, NULL, 0, 0, 0, 0, 0, 1200, NULL, '2026-01-13', NULL, 'active', NULL, NULL, NULL, NULL, NULL, NULL, NULL, NULL, NULL, NULL, NULL, NULL, NULL, NULL, NULL, NULL, NULL, NULL, NULL, NULL, NULL, NULL, NULL, '2026-04-13 01:45:51', '2026-04-13 01:45:51'),
	(1116, '71474/84-I6000 (Blank)', 'REINF CTR PLR INR UPR,LH/RH', 'KS', 1, 1, 600, 10000, 1, NULL, 'Progressive', NULL, NULL, 0, 0, 0, 0, 0, 4448, NULL, '2025-03-05', NULL, 'active', NULL, NULL, NULL, NULL, NULL, NULL, NULL, NULL, NULL, NULL, NULL, NULL, NULL, NULL, NULL, NULL, NULL, NULL, NULL, NULL, NULL, NULL, NULL, '2026-04-13 01:45:51', '2026-04-13 01:45:51'),
	(1117, '651C2/D2-I6000 (Blank)', 'REINF-FR SEAT FR INR MTG,LH/RH', 'KS', 1, 1, 600, 10000, 1, NULL, 'Progressive', NULL, NULL, 0, 0, 0, 0, 0, 5220, NULL, '2025-07-20', NULL, 'active', NULL, NULL, NULL, NULL, NULL, NULL, NULL, NULL, NULL, NULL, NULL, NULL, NULL, NULL, NULL, NULL, NULL, NULL, NULL, NULL, NULL, NULL, NULL, '2026-04-13 01:45:51', '2026-04-13 01:45:51'),
	(1118, '71432-I6000 (Blank)', 'BRKT ASSIST HDL FR,LH ', 'KS', 1, 1, 600, 10000, 1, NULL, 'Progressive', NULL, NULL, 0, 0, 0, 0, 0, 1200, NULL, '2026-01-14', NULL, 'active', NULL, NULL, NULL, NULL, NULL, NULL, NULL, NULL, NULL, NULL, NULL, NULL, NULL, NULL, NULL, NULL, NULL, NULL, NULL, NULL, NULL, NULL, NULL, '2026-04-13 01:45:51', '2026-04-13 01:45:51'),
	(1119, '71434-I6000 (Blank)', 'BRKT ASSIST HDL RR,LH ', 'KS', 1, 1, 600, 10000, 1, NULL, 'Progressive', NULL, NULL, 0, 0, 0, 0, 0, 1200, NULL, '2026-01-15', NULL, 'active', NULL, NULL, NULL, NULL, NULL, NULL, NULL, NULL, NULL, NULL, NULL, NULL, NULL, NULL, NULL, NULL, NULL, NULL, NULL, NULL, NULL, NULL, NULL, '2026-04-13 01:45:51', '2026-04-13 01:45:51'),
	(1120, '65138-I6000 (Blank)', 'REINF P/BRAKE LVR MTG', 'KS', 1, 1, 600, 10000, 1, NULL, 'Progressive', NULL, NULL, 0, 0, 0, 0, 0, 3810, NULL, '2025-02-06', NULL, 'active', NULL, NULL, NULL, NULL, NULL, NULL, NULL, NULL, NULL, NULL, NULL, NULL, NULL, NULL, NULL, NULL, NULL, NULL, NULL, NULL, NULL, NULL, NULL, '2026-04-13 01:45:51', '2026-04-13 01:45:51'),
	(1121, '65195-I6000 (Blank)', 'REINF P/BRAKE CBL MTG', 'KS', 1, 1, 600, 10000, 1, NULL, 'Progressive', NULL, NULL, 0, 0, 0, 0, 0, 2600, NULL, '2026-02-12', NULL, 'active', NULL, NULL, NULL, NULL, NULL, NULL, NULL, NULL, NULL, NULL, NULL, NULL, NULL, NULL, NULL, NULL, NULL, NULL, NULL, NULL, NULL, NULL, NULL, '2026-04-13 01:45:51', '2026-04-13 01:45:51'),
	(1122, '651F2-I6000 (Blank)', 'PATCH S/SILL INR REINF NO.1 ', 'KS', 1, 1, 600, 10000, 1, NULL, 'Progressive', NULL, NULL, 0, 0, 0, 0, 0, 2715, NULL, '2026-02-07', NULL, 'active', NULL, NULL, NULL, NULL, NULL, NULL, NULL, NULL, NULL, NULL, NULL, NULL, NULL, NULL, NULL, NULL, NULL, NULL, NULL, NULL, NULL, NULL, NULL, '2026-04-13 01:45:52', '2026-04-13 01:45:52'),
	(1123, '651A8-I6000 (Blank)', 'MBR CTR FLR SIDE UPR,RH', 'KS', 1, 1, 600, 10000, 1, NULL, 'Progressive', NULL, NULL, 0, 0, 0, 0, 0, 0, NULL, '2026-01-18', NULL, 'active', NULL, NULL, NULL, NULL, NULL, NULL, NULL, NULL, NULL, NULL, NULL, NULL, NULL, NULL, NULL, NULL, NULL, NULL, NULL, NULL, NULL, NULL, NULL, '2026-04-13 01:45:52', '2026-04-13 01:45:52'),
	(1124, '651B2-I6000 (Blank)', 'REINF CTR FLR SIDE FR,RH', 'KS', 1, 1, 600, 10000, 1, NULL, 'Progressive', NULL, NULL, 0, 0, 0, 0, 0, 0, NULL, '2026-04-03', NULL, 'active', NULL, NULL, NULL, NULL, NULL, NULL, NULL, NULL, NULL, NULL, NULL, NULL, NULL, NULL, NULL, NULL, NULL, NULL, NULL, NULL, NULL, NULL, NULL, '2026-04-13 01:45:52', '2026-04-13 01:45:52'),
	(1125, '65156/66-I6000 (Blank)', 'BRKT FR ST RR OTR MTG,LH/RH', 'KS', 1, 1, 600, 10000, 1, NULL, 'Progressive', NULL, NULL, 0, 0, 0, 0, 0, 0, NULL, '2026-02-01', NULL, 'active', NULL, NULL, NULL, NULL, NULL, NULL, NULL, NULL, NULL, NULL, NULL, NULL, NULL, NULL, NULL, NULL, NULL, NULL, NULL, NULL, NULL, NULL, NULL, '2026-04-13 01:45:52', '2026-04-13 01:45:52'),
	(1126, '71134/44-I6000 (Blank)', 'REINF-FR DR HINGE MTG UPR,LH/RH', 'KS', 1, 1, 600, 10000, 1, NULL, 'Progressive', NULL, NULL, 0, 0, 0, 0, 0, 2145, NULL, '2026-02-26', NULL, 'active', NULL, NULL, NULL, NULL, NULL, NULL, NULL, NULL, NULL, NULL, NULL, NULL, NULL, NULL, NULL, NULL, NULL, NULL, NULL, NULL, NULL, NULL, NULL, '2026-04-13 01:45:52', '2026-04-13 01:45:52'),
	(1127, '71136/46-I6000 (Blank)', 'REINF-FR PILLAR OTR,LH/RH', 'KS', 1, 1, 600, 10000, 1, NULL, 'Progressive', NULL, NULL, 0, 0, 0, 0, 0, 1200, NULL, '2026-01-19', NULL, 'active', NULL, NULL, NULL, NULL, NULL, NULL, NULL, NULL, NULL, NULL, NULL, NULL, NULL, NULL, NULL, NULL, NULL, NULL, NULL, NULL, NULL, NULL, NULL, '2026-04-13 01:45:52', '2026-04-13 01:45:52'),
	(1128, '71391-I6000 (Blank)', 'GUSSET SIDE SILL OTR NO.1 LH', 'KS', 1, 1, 600, 10000, 1, NULL, 'Progressive', NULL, NULL, 0, 0, 0, 0, 0, 0, NULL, '2026-04-04', NULL, 'active', NULL, NULL, NULL, NULL, NULL, NULL, NULL, NULL, NULL, NULL, NULL, NULL, NULL, NULL, NULL, NULL, NULL, NULL, NULL, NULL, NULL, NULL, NULL, '2026-04-13 01:45:52', '2026-04-13 01:45:52'),
	(1129, '71358/68-I6000 (Blank)', 'EXTN SIDE SILL OTR FR,LH/RH', 'KS', 1, 1, 600, 10000, 1, NULL, 'Progressive', NULL, NULL, 0, 0, 0, 0, 0, 2783, NULL, '2025-01-14', NULL, 'active', NULL, NULL, NULL, NULL, NULL, NULL, NULL, NULL, NULL, NULL, NULL, NULL, NULL, NULL, NULL, NULL, NULL, NULL, NULL, NULL, NULL, NULL, NULL, '2026-04-13 01:45:52', '2026-04-13 01:45:52'),
	(1130, '71476/86-I6000 (Blank)', 'BRKT FR S/BELT UPR MTG,LH/RH', 'KS', 1, 1, 600, 10000, 1, NULL, 'Progressive', NULL, NULL, 0, 0, 0, 0, 0, 0, NULL, '2026-02-14', NULL, 'active', NULL, NULL, NULL, NULL, NULL, NULL, NULL, NULL, NULL, NULL, NULL, NULL, NULL, NULL, NULL, NULL, NULL, NULL, NULL, NULL, NULL, NULL, NULL, '2026-04-13 01:45:52', '2026-04-13 01:45:52'),
	(1131, '71154/64-I6000 (Blank)', 'REINF-FR DR HINGE LWR,LH/RH', 'KS', 1, 1, 600, 10000, 1, NULL, 'Progressive', NULL, NULL, 0, 0, 0, 0, 0, 2708, NULL, '2026-02-13', NULL, 'active', NULL, NULL, NULL, NULL, NULL, NULL, NULL, NULL, NULL, NULL, NULL, NULL, NULL, NULL, NULL, NULL, NULL, NULL, NULL, NULL, NULL, NULL, NULL, '2026-04-13 01:45:52', '2026-04-13 01:45:52'),
	(1132, '65158/68-I6000 (Blank)', 'REINF-FR SEAT FR OTR MTG,LH/RH', 'KS', 1, 1, 600, 10000, 1, NULL, 'Progressive', NULL, NULL, 0, 0, 0, 0, 0, 1500, NULL, '2026-02-08', NULL, 'active', NULL, NULL, NULL, NULL, NULL, NULL, NULL, NULL, NULL, NULL, NULL, NULL, NULL, NULL, NULL, NULL, NULL, NULL, NULL, NULL, NULL, NULL, NULL, '2026-04-13 01:45:52', '2026-04-13 01:45:52'),
	(1133, '65106-I6000 (Blank)', 'REINF CTR FLOOR RR', 'KS', 1, 1, 600, 10000, 1, NULL, 'Progressive', NULL, NULL, 0, 0, 0, 0, 0, 0, NULL, '2026-01-30', NULL, 'active', NULL, NULL, NULL, NULL, NULL, NULL, NULL, NULL, NULL, NULL, NULL, NULL, NULL, NULL, NULL, NULL, NULL, NULL, NULL, NULL, NULL, NULL, NULL, '2026-04-13 01:45:52', '2026-04-13 01:45:52'),
	(1134, '65154/64-I6000 (Blank)', 'BRKT FR ST RR INR MTG,LH/RH', 'KS', 1, 1, 600, 10000, 1, NULL, 'Progressive', NULL, NULL, 0, 0, 0, 0, 0, 2326, NULL, '2026-03-14', NULL, 'active', NULL, NULL, NULL, NULL, NULL, NULL, NULL, NULL, NULL, NULL, NULL, NULL, NULL, NULL, NULL, NULL, NULL, NULL, NULL, NULL, NULL, NULL, NULL, '2026-04-13 01:45:52', '2026-04-13 01:45:52'),
	(1135, '65174/84-I6000 (Blank)', 'REINF SIDE SILL INR LH', 'KS', 1, 1, 600, 10000, 1, NULL, 'Progressive', NULL, NULL, 0, 0, 0, 0, 0, 0, NULL, '2025-01-23', NULL, 'active', NULL, NULL, NULL, NULL, NULL, NULL, NULL, NULL, NULL, NULL, NULL, NULL, NULL, NULL, NULL, NULL, NULL, NULL, NULL, NULL, NULL, NULL, NULL, '2026-04-13 01:45:52', '2026-04-13 01:45:52'),
	(1136, '71172/82-I6000 (Blank)', 'REINF-FR DR CHECKER MTG,LH', 'KS', 1, 1, 600, 10000, 1, NULL, 'Progressive', NULL, NULL, 0, 0, 0, 0, 0, 0, NULL, '2025-10-02', NULL, 'active', NULL, NULL, NULL, NULL, NULL, NULL, NULL, NULL, NULL, NULL, NULL, NULL, NULL, NULL, NULL, NULL, NULL, NULL, NULL, NULL, NULL, NULL, NULL, '2026-04-13 01:45:52', '2026-04-13 01:45:52'),
	(1137, '71393/94-I6000 (Blank)', 'GUSSET SIDE SILL OTR NO.2,LH/RH', 'KS', 1, 1, 600, 10000, 1, NULL, 'Progressive', NULL, NULL, 0, 0, 0, 0, 0, 2094, NULL, '2026-03-08', NULL, 'active', NULL, NULL, NULL, NULL, NULL, NULL, NULL, NULL, NULL, NULL, NULL, NULL, NULL, NULL, NULL, NULL, NULL, NULL, NULL, NULL, NULL, NULL, NULL, '2026-04-13 01:45:52', '2026-04-13 01:45:52'),
	(1138, '71252/62-I6000 (Blank)', 'EXTN FR PILLAR UPR,LH/RH', 'KS', 1, 1, 600, 10000, 1, NULL, 'Progressive', NULL, NULL, 0, 0, 0, 0, 0, 0, NULL, '2026-03-10', NULL, 'active', NULL, NULL, NULL, NULL, NULL, NULL, NULL, NULL, NULL, NULL, NULL, NULL, NULL, NULL, NULL, NULL, NULL, NULL, NULL, NULL, NULL, NULL, NULL, '2026-04-13 01:45:52', '2026-04-13 01:45:52'),
	(1139, '71477/87-I6000 (Blank)', 'BRKT FR SEAT BELT LWR MTG,LH/RH', 'KS', 1, 1, 600, 10000, 1, NULL, 'Progressive', NULL, NULL, 0, 0, 0, 0, 0, 2518, NULL, '2026-02-06', NULL, 'active', NULL, NULL, NULL, NULL, NULL, NULL, NULL, NULL, NULL, NULL, NULL, NULL, NULL, NULL, NULL, NULL, NULL, NULL, NULL, NULL, NULL, NULL, NULL, '2026-04-13 01:45:52', '2026-04-13 01:45:52'),
	(1140, '71374/84-I6000 (Sheet)', 'REINF SIDE SILL OTR FR,LH/RH', 'KS', 1, 1, 600, 10000, 1, NULL, 'Progressive', NULL, NULL, 0, 0, 0, 0, 0, 0, NULL, '2026-03-11', NULL, 'active', NULL, NULL, NULL, NULL, NULL, NULL, NULL, NULL, NULL, NULL, NULL, NULL, NULL, NULL, NULL, NULL, NULL, NULL, NULL, NULL, NULL, NULL, NULL, '2026-04-13 01:45:52', '2026-04-13 01:45:52'),
	(1141, '651C8-I6000 (Sheet)', 'BRACE CTR FLR TUNNEL RR', 'KS', 1, 1, 600, 10000, 1, NULL, 'Progressive', NULL, NULL, 0, 0, 0, 0, 0, 2361, NULL, '2026-01-24', NULL, 'active', NULL, NULL, NULL, NULL, NULL, NULL, NULL, NULL, NULL, NULL, NULL, NULL, NULL, NULL, NULL, NULL, NULL, NULL, NULL, NULL, NULL, NULL, NULL, '2026-04-13 01:45:52', '2026-04-13 01:45:52'),
	(1142, '651D8-I6000 (Sheet)', 'BRACE CTR FLR TUNNEL', 'KS', 1, 1, 600, 10000, 1, NULL, 'Progressive', NULL, NULL, 0, 0, 1200, 0, 0, 2403, NULL, '2026-02-07', NULL, 'active', NULL, NULL, NULL, NULL, NULL, NULL, NULL, NULL, NULL, NULL, NULL, NULL, NULL, NULL, NULL, NULL, NULL, NULL, NULL, NULL, NULL, NULL, NULL, '2026-04-13 01:45:52', '2026-04-14 09:53:38'),
	(1143, '65152-I6000 (Sheet)', 'MEMBER-FR SEAT CROSS,LH', 'KS', 1, 1, 600, 10000, 1, NULL, 'Progressive', NULL, NULL, 0, 0, 0, 0, 0, 0, NULL, '2025-11-25', NULL, 'active', NULL, NULL, NULL, NULL, NULL, NULL, NULL, NULL, NULL, NULL, NULL, NULL, NULL, NULL, NULL, NULL, NULL, NULL, NULL, NULL, NULL, NULL, NULL, '2026-04-13 01:45:52', '2026-04-13 01:45:52'),
	(1144, '65162-I6000 (Blank Sheet)', 'MEMBER-FR SEAT CROSS,RH', 'KS', 1, 1, 600, 10000, 1, NULL, 'Progressive', NULL, NULL, 0, 0, 0, 0, 0, 3614, NULL, '2026-03-16', NULL, 'active', NULL, NULL, NULL, NULL, NULL, NULL, NULL, NULL, NULL, NULL, NULL, NULL, NULL, NULL, NULL, NULL, NULL, NULL, NULL, NULL, NULL, NULL, NULL, '2026-04-13 01:45:52', '2026-04-13 01:45:52'),
	(1145, '61477-I6000 (Sheet)', 'REINF SIDE SILL OTR FR,LH/RH', 'KS', 1, 1, 600, 10000, 1, NULL, 'Progressive', NULL, NULL, 0, 0, 0, 0, 0, 0, NULL, '2026-03-12', NULL, 'active', NULL, NULL, NULL, NULL, NULL, NULL, NULL, NULL, NULL, NULL, NULL, NULL, NULL, NULL, NULL, NULL, NULL, NULL, NULL, NULL, NULL, NULL, NULL, '2026-04-13 01:45:52', '2026-04-13 01:45:52'),
	(1146, '651A2-I6000 (Blank)', 'REINF CTR FLR SIDE FR,LH', 'KS', 1, 1, 600, 10000, 1, NULL, 'Progressive', NULL, NULL, 0, 0, 0, 0, 0, 0, NULL, '2026-01-23', NULL, 'active', NULL, NULL, NULL, NULL, NULL, NULL, NULL, NULL, NULL, NULL, NULL, NULL, NULL, NULL, NULL, NULL, NULL, NULL, NULL, NULL, NULL, NULL, NULL, '2026-04-13 01:45:52', '2026-04-13 01:45:52'),
	(1147, '651D6-I6000 (Blank)', 'BRACE CTR FLR TUNNEL', 'KS', 1, 1, 600, 10000, 1, NULL, 'Progressive', NULL, NULL, 0, 0, 0, 0, 0, 2403, NULL, '2026-01-08', NULL, 'active', NULL, NULL, NULL, NULL, NULL, NULL, NULL, NULL, NULL, NULL, NULL, NULL, NULL, NULL, NULL, NULL, NULL, NULL, NULL, NULL, NULL, NULL, NULL, '2026-04-13 01:45:52', '2026-04-13 01:45:52'),
	(1148, '651P4/N4-I6000 (Blank)', 'PATCH CTR FLR INR,RH', 'KS', 1, 1, 600, 10000, 1, NULL, 'Progressive', NULL, NULL, 0, 0, 0, 0, 0, 0, NULL, '2026-04-09', NULL, 'active', NULL, NULL, NULL, NULL, NULL, NULL, NULL, NULL, NULL, NULL, NULL, NULL, NULL, NULL, NULL, NULL, NULL, NULL, NULL, NULL, NULL, NULL, NULL, '2026-04-13 01:45:52', '2026-04-13 08:12:10'),
	(1149, '58851-52S00 (Blank)', 'BRKT BMPR & FR FNL R', 'Y4L', 16, 5, 600, 10000, 1, NULL, 'Progressive', NULL, NULL, 0, 0, 624, 0, 0, 1786, NULL, '2026-03-26', NULL, 'active', NULL, NULL, NULL, NULL, NULL, NULL, NULL, NULL, NULL, NULL, NULL, NULL, NULL, NULL, NULL, NULL, NULL, NULL, NULL, NULL, NULL, NULL, NULL, '2026-04-13 01:45:52', '2026-04-14 09:53:38'),
	(1150, '58861-52S00 (Blank)', 'BRKT BMPR & FR FNL L', 'Y4L', 16, 5, 600, 10000, 1, NULL, 'Progressive', NULL, NULL, 0, 0, 0, 0, 0, 1657, NULL, '2026-03-27', NULL, 'active', NULL, NULL, NULL, NULL, NULL, NULL, NULL, NULL, NULL, NULL, NULL, NULL, NULL, NULL, NULL, NULL, NULL, NULL, NULL, NULL, NULL, NULL, NULL, '2026-04-13 01:45:52', '2026-04-13 01:45:52'),
	(1151, '58321-52S00 (Blank)', 'BRACE HEAD LAMP SUPPORT RH', 'Y4L', 16, 5, 600, 10000, 1, NULL, 'Progressive', NULL, NULL, 0, 0, 600, 0, 0, 1603, NULL, '2026-03-02', NULL, 'active', NULL, NULL, NULL, NULL, NULL, NULL, NULL, NULL, NULL, NULL, NULL, NULL, NULL, NULL, NULL, NULL, NULL, NULL, NULL, NULL, NULL, NULL, NULL, '2026-04-13 01:45:52', '2026-04-14 09:53:38'),
	(1152, '58815-52S00 (Blank)', 'BRKT BMPR & FR FNL R', 'Y4L', 16, 5, 600, 10000, 1, NULL, 'Progressive', NULL, NULL, 0, 0, 350, 0, 0, 0, NULL, '2026-03-11', NULL, 'active', NULL, NULL, NULL, NULL, NULL, NULL, NULL, NULL, NULL, NULL, NULL, NULL, NULL, NULL, NULL, NULL, NULL, NULL, NULL, NULL, NULL, NULL, NULL, '2026-04-13 01:45:52', '2026-04-14 09:53:38'),
	(1153, '58331-52S00 (Blank)', 'BRACE HEAD LAMP SUPPORT LH', 'Y4L', 16, 5, 600, 10000, 1, NULL, 'Progressive', NULL, NULL, 0, 0, 600, 0, 0, 1400, NULL, '2026-03-06', NULL, 'active', NULL, NULL, NULL, NULL, NULL, NULL, NULL, NULL, NULL, NULL, NULL, NULL, NULL, NULL, NULL, NULL, NULL, NULL, NULL, NULL, NULL, NULL, NULL, '2026-04-13 01:45:52', '2026-04-14 09:53:38'),
	(1154, '58322/422-74T00 (Blank)', 'BRACKET FR FENDER LWR R/L', 'YTB', 17, 5, 600, 10000, 1, NULL, 'Progressive', NULL, NULL, 0, 0, 0, 0, 0, 5420, NULL, '2025-11-02', NULL, 'active', NULL, NULL, NULL, NULL, NULL, NULL, NULL, NULL, NULL, NULL, NULL, NULL, NULL, NULL, NULL, NULL, NULL, NULL, NULL, NULL, NULL, NULL, NULL, '2026-04-13 01:45:52', '2026-04-13 01:45:52'),
	(1155, '61541-3M0-3000 (Blank)', 'STPR, ACCEL PEDAL', '2GN (3N1A)', 25, 4, 600, 10000, 1, NULL, 'Progressive', NULL, NULL, 0, 0, 0, 0, 0, 3760, NULL, '2025-04-17', NULL, 'active', NULL, NULL, NULL, NULL, NULL, NULL, NULL, NULL, NULL, NULL, NULL, NULL, NULL, NULL, NULL, NULL, NULL, NULL, NULL, NULL, NULL, NULL, NULL, '2026-04-13 01:45:52', '2026-04-13 01:45:52'),
	(1156, '77751-VT050 (Blank)', 'BRACKET, CHARCOAL CANISTER NO. 1', '560B', 8, 6, 600, 10000, 1, NULL, 'Progressive', NULL, NULL, 0, 0, 0, 0, 0, 0, NULL, '2026-04-04', NULL, 'active', NULL, NULL, NULL, NULL, NULL, NULL, NULL, NULL, NULL, NULL, NULL, NULL, NULL, NULL, NULL, NULL, NULL, NULL, NULL, NULL, NULL, NULL, NULL, '2026-04-13 01:45:52', '2026-04-13 01:45:52'),
	(1157, '65314-T86A-K000-50 (Blank)', 'BRACKET CANISTER', '2JX', 7, 3, 600, 10000, 1, NULL, 'Progressive', NULL, NULL, 0, 0, 0, 0, 0, 3250, NULL, '2025-11-23', NULL, 'active', NULL, NULL, NULL, NULL, NULL, NULL, NULL, NULL, NULL, NULL, NULL, NULL, NULL, NULL, NULL, NULL, NULL, NULL, NULL, NULL, NULL, NULL, NULL, '2026-04-13 01:45:52', '2026-04-13 01:45:52'),
	(1158, '65613-SCD-3000 (Blank)', 'BASE SPRING', '2JX', 7, 3, 600, 10000, 1, NULL, 'Progressive', NULL, NULL, 0, 0, 0, 0, 0, 4200, NULL, '2025-07-01', NULL, 'active', NULL, NULL, NULL, NULL, NULL, NULL, NULL, NULL, NULL, NULL, NULL, NULL, NULL, NULL, NULL, NULL, NULL, NULL, NULL, NULL, NULL, NULL, NULL, '2026-04-13 01:45:52', '2026-04-13 01:45:52'),
	(1159, '65705-T86-K000-H1 (Blank)', 'BHD MID FLOOR C/ MBR', '2JX', 7, 3, 600, 10000, 1, NULL, 'Progressive', NULL, NULL, 0, 0, 1100, 0, 0, 1500, NULL, '2025-10-08', NULL, 'active', NULL, NULL, NULL, NULL, NULL, NULL, NULL, NULL, NULL, NULL, NULL, NULL, NULL, NULL, NULL, NULL, NULL, NULL, NULL, NULL, NULL, NULL, NULL, '2026-04-13 01:45:52', '2026-04-14 09:53:38'),
	(1160, '65706-T86-K000-H1 (Blank)', 'BRKT L, RR F/ TANK STOPPER', '2JX', 7, 3, 600, 10000, 1, NULL, 'Progressive', NULL, NULL, 0, 0, 1707, 0, 0, 5200, NULL, '2025-03-27', NULL, 'active', NULL, NULL, NULL, NULL, NULL, NULL, NULL, NULL, NULL, NULL, NULL, NULL, NULL, NULL, NULL, NULL, NULL, NULL, NULL, NULL, NULL, NULL, NULL, '2026-04-13 01:45:52', '2026-04-14 09:53:38'),
	(1161, '65743/793-T86-X000-H1 (Blank)', 'STIFF R/L, EXTN S/ SILL', '2JX (LHD)', 26, 3, 600, 10000, 1, NULL, 'Progressive', NULL, NULL, 0, 0, 0, 0, 0, 2400, NULL, '2026-02-12', NULL, 'active', NULL, NULL, NULL, NULL, NULL, NULL, NULL, NULL, NULL, NULL, NULL, NULL, NULL, NULL, NULL, NULL, NULL, NULL, NULL, NULL, NULL, NULL, NULL, '2026-04-13 01:45:52', '2026-04-13 01:45:52'),
	(1162, '65743/793-T86A-K000-H1 (Blank)', 'STIFF R/L, EXTN S/ SILL', '2JX ', 7, 3, 600, 10000, 1, NULL, 'Progressive', NULL, NULL, 0, 0, 0, 0, 0, 2400, NULL, '2026-02-14', NULL, 'active', NULL, NULL, NULL, NULL, NULL, NULL, NULL, NULL, NULL, NULL, NULL, NULL, NULL, NULL, NULL, NULL, NULL, NULL, NULL, NULL, NULL, NULL, NULL, '2026-04-13 01:45:52', '2026-04-13 01:45:52'),
	(1163, '65748-T86-K000-H1 (Blank)', 'BRKT, BREATHER TUBE', '2JX', 7, 3, 600, 10000, 1, NULL, 'Progressive', NULL, NULL, 0, 0, 0, 0, 0, 4500, NULL, '2025-04-26', NULL, 'active', NULL, NULL, NULL, NULL, NULL, NULL, NULL, NULL, NULL, NULL, NULL, NULL, NULL, NULL, NULL, NULL, NULL, NULL, NULL, NULL, NULL, NULL, NULL, '2026-04-13 01:45:52', '2026-04-13 01:45:52'),
	(1164, '64743-T7A-3000 (Blank)', 'BRKT, SECURITY HORN', '3M0A', 18, 3, 600, 10000, 1, NULL, 'Progressive', NULL, NULL, 0, 0, 0, 0, 0, 1700, NULL, '2026-02-08', NULL, 'active', NULL, NULL, NULL, NULL, NULL, NULL, NULL, NULL, NULL, NULL, NULL, NULL, NULL, NULL, NULL, NULL, NULL, NULL, NULL, NULL, NULL, NULL, NULL, '2026-04-13 01:45:52', '2026-04-13 01:45:52'),
	(1165, '64348-TSV-K010-50 (Blank)', 'ANCHOR PLATE CTR INN', '2JX (3K6A)', 27, 3, 600, 10000, 1, NULL, 'Progressive', NULL, NULL, 0, 0, 0, 0, 0, 5000, NULL, '2025-09-08', NULL, 'active', NULL, NULL, NULL, NULL, NULL, NULL, NULL, NULL, NULL, NULL, NULL, NULL, NULL, NULL, NULL, NULL, NULL, NULL, NULL, NULL, NULL, NULL, NULL, '2026-04-13 01:45:52', '2026-04-13 01:45:52'),
	(1166, '60756 -TSAA-K002-H1 (Blank)', 'PATCH L, FR HSG', '2SJ', 3, 3, 600, 10000, 1, NULL, 'Progressive', NULL, NULL, 0, 0, 0, 0, 0, 0, NULL, '2025-10-15', NULL, 'active', NULL, NULL, NULL, NULL, NULL, NULL, NULL, NULL, NULL, NULL, NULL, NULL, NULL, NULL, NULL, NULL, NULL, NULL, NULL, NULL, NULL, NULL, NULL, '2026-04-13 01:45:52', '2026-04-14 11:01:05'),
	(1167, '60653/753-TSA-K000-50 (Blank)', 'GUSSET R/L, FR W/H', '2SJ', 3, 3, 600, 10000, 1, NULL, 'Progressive', NULL, NULL, 0, 0, 0, 0, 0, 0, NULL, '2025-10-27', NULL, 'active', NULL, NULL, NULL, NULL, NULL, NULL, NULL, NULL, NULL, NULL, NULL, NULL, NULL, NULL, NULL, NULL, NULL, NULL, NULL, NULL, NULL, NULL, NULL, '2026-04-13 01:45:52', '2026-04-13 01:45:52'),
	(1168, '63225/625-TSA-K000-H1 (Blank)', 'PATCH R/L, SIDE SILL', '2SJ', 3, 3, 600, 10000, 1, NULL, 'Progressive', NULL, NULL, 0, 0, 0, 0, 0, 0, NULL, '2025-09-22', NULL, 'active', NULL, NULL, NULL, NULL, NULL, NULL, NULL, NULL, NULL, NULL, NULL, NULL, NULL, NULL, NULL, NULL, NULL, NULL, NULL, NULL, NULL, NULL, NULL, '2026-04-13 01:45:52', '2026-04-13 01:45:52'),
	(1169, '62741-74U00 (Blank)', 'BRACKET , FUEL TANK REAR , L', 'YTB', 17, 3, 600, 10000, 1, NULL, 'Progressive', NULL, NULL, 0, 0, 0, 0, 0, 4875, NULL, '2025-11-20', NULL, 'active', NULL, NULL, NULL, NULL, NULL, NULL, NULL, NULL, NULL, NULL, NULL, NULL, NULL, NULL, NULL, NULL, NULL, NULL, NULL, NULL, NULL, NULL, NULL, '2026-04-13 01:45:52', '2026-04-13 01:45:52'),
	(1170, '64521-0D170 (OP 10)', 'ARM LUGUAGE COMPT DOOR HINGE ', '231B', 30, 6, 600, 7000, 1, NULL, '250T', NULL, NULL, 0, 0, 0, 0, 0, 0, NULL, '2026-01-07', NULL, 'active', NULL, NULL, NULL, NULL, NULL, NULL, NULL, NULL, NULL, NULL, NULL, NULL, NULL, NULL, NULL, NULL, NULL, NULL, NULL, NULL, NULL, NULL, NULL, '2026-04-13 03:16:49', '2026-04-13 03:16:49'),
	(1171, '64521-0D170 (OP 20)', 'ARM LUGUAGE COMPT DOOR HINGE ', '231B', 30, 6, 600, 7000, 1, NULL, '250T', NULL, NULL, 0, 0, 0, 0, 0, 0, NULL, '2026-01-07', NULL, 'active', NULL, NULL, NULL, NULL, NULL, NULL, NULL, NULL, NULL, NULL, NULL, NULL, NULL, NULL, NULL, NULL, NULL, NULL, NULL, NULL, NULL, NULL, NULL, '2026-04-13 03:16:49', '2026-04-13 03:16:49'),
	(1172, '66114/164-T86-X000-50 (Auto)', 'GST R/L, RR PLR LWR', '2JX-LHD', 29, 4, 600, 6000, 5, NULL, '800T', NULL, NULL, 0, 0, 0, 0, 0, 4646, NULL, '2025-12-19', NULL, 'active', NULL, NULL, NULL, NULL, NULL, NULL, NULL, NULL, NULL, NULL, NULL, NULL, NULL, NULL, NULL, NULL, NULL, NULL, NULL, NULL, NULL, NULL, NULL, '2026-04-13 03:16:49', '2026-04-13 03:16:49'),
	(1173, '66114/164-T86-X000-50 (Semi Auto)', 'GST R/L, RR PLR LWR', '2JX-LHD', 29, 4, 600, 6000, 5, NULL, '800T', NULL, NULL, 0, 0, 0, 0, 0, 4646, NULL, '2025-12-19', NULL, 'active', NULL, NULL, NULL, NULL, NULL, NULL, NULL, NULL, NULL, NULL, NULL, NULL, NULL, NULL, NULL, NULL, NULL, NULL, NULL, NULL, NULL, NULL, NULL, '2026-04-13 03:16:49', '2026-04-13 03:16:49'),
	(1174, '63131-TE7A-K000-50', 'STIFF R, FR PILLAR LWR', '2MD', 31, 3, 600, 5000, 4, NULL, '1200T', NULL, '63131', 0, 0, 5308, 0, 0, 29448, NULL, '2025-12-17', NULL, 'active', NULL, NULL, NULL, NULL, NULL, NULL, NULL, NULL, NULL, NULL, NULL, NULL, NULL, NULL, NULL, NULL, NULL, NULL, NULL, NULL, NULL, NULL, NULL, '2026-04-13 03:16:49', '2026-04-15 17:13:16'),
	(1175, '60839-TSAA-K002-H1 (Blank)', 'PATCH RR R,FR SIDE FRAME', '2SJ/ 2SK', 32, 3, 600, 7000, 1, NULL, '250T', NULL, NULL, 0, 0, 0, 0, 0, 0, NULL, '2026-10-07', NULL, 'active', NULL, NULL, NULL, NULL, NULL, NULL, NULL, NULL, NULL, NULL, NULL, NULL, NULL, NULL, NULL, NULL, NULL, NULL, NULL, NULL, NULL, NULL, NULL, '2026-04-13 03:16:49', '2026-04-13 03:16:49'),
	(1176, '60934-TSAA-K000-H1', 'BHD RR L, FR SIDE FRM', '2SJ/ 2SK', 32, 3, 600, 7000, 2, NULL, '250T', NULL, NULL, 0, 0, 0, 0, 0, 0, NULL, '2026-11-08', NULL, 'active', NULL, NULL, NULL, NULL, NULL, NULL, NULL, NULL, NULL, NULL, NULL, NULL, NULL, NULL, NULL, NULL, NULL, NULL, NULL, NULL, NULL, NULL, NULL, '2026-04-13 03:16:49', '2026-04-13 03:16:49'),
	(1177, '60839-TSAA-K002-H1', 'PATCH RR R,FR SIDE FRAME', '2SJ/ 2SK', 32, 3, 600, 7000, 2, NULL, '250T', NULL, NULL, 0, 0, 0, 0, 0, 0, NULL, '2026-10-07', NULL, 'active', NULL, NULL, NULL, NULL, NULL, NULL, NULL, NULL, NULL, NULL, NULL, NULL, NULL, NULL, NULL, NULL, NULL, NULL, NULL, NULL, NULL, NULL, NULL, '2026-04-13 03:16:49', '2026-04-13 03:16:49'),
	(1178, '60944-TSAA-K002-H1', 'PLATE L, SIDE FRAME ', '2SJ/ 2SK', 32, 3, 600, 7000, 3, NULL, '250T', NULL, NULL, 0, 0, 0, 0, 0, 0, NULL, '2026-09-18', NULL, 'active', NULL, NULL, NULL, NULL, NULL, NULL, NULL, NULL, NULL, NULL, NULL, NULL, NULL, NULL, NULL, NULL, NULL, NULL, NULL, NULL, NULL, NULL, NULL, '2026-04-13 03:16:49', '2026-04-13 03:16:49'),
	(1179, '63624-TSA-K000-H1', 'BHD L, SIDE SILL', '2SJ/ 2SK', 32, 3, 600, 7000, 1, NULL, '250T', NULL, NULL, 0, 0, 0, 0, 0, 0, NULL, '2026-09-14', NULL, 'active', NULL, NULL, NULL, NULL, NULL, NULL, NULL, NULL, NULL, NULL, NULL, NULL, NULL, NULL, NULL, NULL, NULL, NULL, NULL, NULL, NULL, NULL, NULL, '2026-04-13 03:16:49', '2026-04-13 03:16:49'),
	(1180, '60844-TSAA-K002-H1', 'PLATE R, SIDE FRAME ', '2SJ/ 2SK', 32, 3, 600, 7000, 3, NULL, '250T', NULL, NULL, 0, 0, 0, 0, 0, 0, NULL, '2026-09-19', NULL, 'active', NULL, NULL, NULL, NULL, NULL, NULL, NULL, NULL, NULL, NULL, NULL, NULL, NULL, NULL, NULL, NULL, NULL, NULL, NULL, NULL, NULL, NULL, NULL, '2026-04-13 03:16:49', '2026-04-13 03:16:49'),
	(1181, '60837-TE7-K000-50', 'BRKT R, FR SUB FRM FR', '2SJ/ 2SK', 32, 3, 600, 7000, 4, NULL, '250T', NULL, NULL, 0, 0, 0, 0, 0, 0, NULL, '2026-10-28', NULL, 'active', NULL, NULL, NULL, NULL, NULL, NULL, NULL, NULL, NULL, NULL, NULL, NULL, NULL, NULL, NULL, NULL, NULL, NULL, NULL, NULL, NULL, NULL, NULL, '2026-04-13 03:16:49', '2026-04-13 03:16:49'),
	(1182, '60937-TE7-K000-50', 'BRKT L, FR SUB FRM FR', '2SJ/ 2SK', 32, 3, 600, 7000, 4, NULL, '250T', NULL, NULL, 0, 0, 0, 0, 0, 0, NULL, '2026-11-17', NULL, 'active', NULL, NULL, NULL, NULL, NULL, NULL, NULL, NULL, NULL, NULL, NULL, NULL, NULL, NULL, NULL, NULL, NULL, NULL, NULL, NULL, NULL, NULL, NULL, '2026-04-13 03:16:49', '2026-04-13 03:16:49'),
	(1183, '60619/719-TSAA-K001-50', 'BRKT R/L FR FENDER', '2SJ/ 2SK', 32, 3, 600, 7000, 3, NULL, '250T', NULL, NULL, 0, 0, 0, 0, 0, 0, NULL, '2026-10-14', NULL, 'active', NULL, NULL, NULL, NULL, NULL, NULL, NULL, NULL, NULL, NULL, NULL, NULL, NULL, NULL, NULL, NULL, NULL, NULL, NULL, NULL, NULL, NULL, NULL, '2026-04-13 03:16:49', '2026-04-13 03:16:49'),
	(1184, '60755-TSAA-K000-H1', 'STIFF L FR DPR EXTN', '2SJ/ 2SK', 32, 3, 600, 7000, 3, NULL, '250T', NULL, NULL, 0, 0, 0, 0, 0, 0, NULL, '2026-09-08', NULL, 'active', NULL, NULL, NULL, NULL, NULL, NULL, NULL, NULL, NULL, NULL, NULL, NULL, NULL, NULL, NULL, NULL, NULL, NULL, NULL, NULL, NULL, NULL, NULL, '2026-04-13 03:16:49', '2026-04-13 03:16:49'),
	(1185, '60655-TSAA-K005-H1', 'STIFF R FR DPR EXTN', '2SJ/ 2SK', 32, 3, 600, 7000, 3, NULL, '250T', NULL, NULL, 0, 0, 0, 0, 0, 0, NULL, '2026-10-10', NULL, 'active', NULL, NULL, NULL, NULL, NULL, NULL, NULL, NULL, NULL, NULL, NULL, NULL, NULL, NULL, NULL, NULL, NULL, NULL, NULL, NULL, NULL, NULL, NULL, '2026-04-13 03:16:49', '2026-04-13 03:16:49'),
	(1186, '60446-TSAA-K000-50', 'STIFF R, UNDER LOAD PATH', '2SJ/ 2SK', 32, 3, 600, 7000, 4, NULL, '250T', NULL, NULL, 0, 0, 0, 0, 0, 0, NULL, '2026-10-07', NULL, 'active', NULL, NULL, NULL, NULL, NULL, NULL, NULL, NULL, NULL, NULL, NULL, NULL, NULL, NULL, NULL, NULL, NULL, NULL, NULL, NULL, NULL, NULL, NULL, '2026-04-13 03:16:49', '2026-04-13 03:16:49'),
	(1187, '60415/465-TG1-T000-H1', 'STIFF R/ L, BHD SIDE MBR', '2SJ/ 2SK', 32, 3, 600, 7000, 2, NULL, '250T', NULL, NULL, 0, 0, 0, 0, 0, 0, NULL, '2026-11-11', NULL, 'active', NULL, NULL, NULL, NULL, NULL, NULL, NULL, NULL, NULL, NULL, NULL, NULL, NULL, NULL, NULL, NULL, NULL, NULL, NULL, NULL, NULL, NULL, NULL, '2026-04-13 03:16:49', '2026-04-13 03:16:49'),
	(1188, '60496-TSAA-K000-50', 'STIFF L, UNDER LOAD PATH', '2SJ/ 2SK', 32, 3, 600, 7000, 4, NULL, '250T', NULL, NULL, 0, 0, 0, 0, 0, 0, NULL, '2026-10-12', NULL, 'active', NULL, NULL, NULL, NULL, NULL, NULL, NULL, NULL, NULL, NULL, NULL, NULL, NULL, NULL, NULL, NULL, NULL, NULL, NULL, NULL, NULL, NULL, NULL, '2026-04-13 03:16:49', '2026-04-13 03:16:49'),
	(1189, '60939-TSAA-K002-H1', 'PATCH RR L,FR SIDE FRAME', '2SJ/ 2SK', 32, 3, 600, 7000, 2, NULL, '250T', NULL, NULL, 0, 0, 0, 0, 0, 0, NULL, '2026-11-24', NULL, 'active', NULL, NULL, NULL, NULL, NULL, NULL, NULL, NULL, NULL, NULL, NULL, NULL, NULL, NULL, NULL, NULL, NULL, NULL, NULL, NULL, NULL, NULL, NULL, '2026-04-13 03:16:49', '2026-04-13 03:16:49'),
	(1190, '60844/944-TSA-K000-H1 (Blank)', 'PLATE R/L,SIDE FRAME GST', '2SJ/ 2SK', 32, 3, 600, 10000, 1, NULL, 'Progressive', NULL, NULL, 0, 0, 0, 0, 0, 0, NULL, '2025-10-24', NULL, 'active', NULL, NULL, NULL, NULL, NULL, NULL, NULL, NULL, NULL, NULL, NULL, NULL, NULL, NULL, NULL, NULL, NULL, NULL, NULL, NULL, NULL, NULL, NULL, '2026-04-13 03:16:49', '2026-04-13 03:16:49'),
	(1191, '60656/756-TSA-K000-H1 (Blank)', 'PATCH R/L, FR HSG', '2SJ/ 2SK', 32, 3, 600, 10000, 1, NULL, 'Progressive', NULL, NULL, 0, 0, 0, 0, 0, 0, NULL, '2025-10-26', NULL, 'active', NULL, NULL, NULL, NULL, NULL, NULL, NULL, NULL, NULL, NULL, NULL, NULL, NULL, NULL, NULL, NULL, NULL, NULL, NULL, NULL, NULL, NULL, NULL, '2026-04-13 03:16:49', '2026-04-13 03:16:49'),
	(1192, '60436/486-TSA-K000-50 (Blank)', 'BRKT R/L,HEAD LT', '2SJ/ 2SK', 32, 3, 600, 10000, 1, NULL, 'Progressive', NULL, NULL, 0, 0, 0, 0, 0, 0, NULL, '2025-10-27', NULL, 'active', NULL, NULL, NULL, NULL, NULL, NULL, NULL, NULL, NULL, NULL, NULL, NULL, NULL, NULL, NULL, NULL, NULL, NULL, NULL, NULL, NULL, NULL, NULL, '2026-04-13 03:16:49', '2026-04-13 03:16:49'),
	(1193, '60845-TSAA-K000-H1 (Blank)', 'GUSSET R,FR SID\nE FRAME', '2SJ/ 2SK', 32, 3, 600, 10000, 1, NULL, 'Progressive', NULL, NULL, 0, 0, 0, 0, 0, 0, NULL, '2025-09-08', NULL, 'active', NULL, NULL, NULL, NULL, NULL, NULL, NULL, NULL, NULL, NULL, NULL, NULL, NULL, NULL, NULL, NULL, NULL, NULL, NULL, NULL, NULL, NULL, NULL, '2026-04-13 03:16:49', '2026-04-13 03:16:49'),
	(1194, '60837-TE7-K000-H2 (Blank)', 'BRKT R, FR SUB FRM FR', '2SJ/ 2SK', 32, 3, 600, 10000, 1, NULL, 'Progressive', NULL, NULL, 0, 0, 0, 0, 0, 0, NULL, '2025-10-28', NULL, 'active', NULL, NULL, NULL, NULL, NULL, NULL, NULL, NULL, NULL, NULL, NULL, NULL, NULL, NULL, NULL, NULL, NULL, NULL, NULL, NULL, NULL, NULL, NULL, '2026-04-13 03:16:49', '2026-04-13 03:16:49'),
	(1195, '60937-TE7-K000-H1 (Blank)', 'BRKT L, FR SUB FRM FR', '2SJ/ 2SK', 32, 3, 600, 10000, 1, NULL, 'Progressive', NULL, NULL, 0, 0, 0, 0, 0, 0, NULL, '2025-11-17', NULL, 'active', NULL, NULL, NULL, NULL, NULL, NULL, NULL, NULL, NULL, NULL, NULL, NULL, NULL, NULL, NULL, NULL, NULL, NULL, NULL, NULL, NULL, NULL, NULL, '2026-04-13 03:16:49', '2026-04-13 03:16:49'),
	(1196, '60415/465-TSEY-000-H1 (Blank)', 'STIFF R/L, BHD SIDE MBR', '2SJ/ 2SK', 32, 3, 600, 10000, 1, NULL, 'Progressive', NULL, NULL, 0, 0, 0, 0, 0, 0, NULL, '2025-11-01', NULL, 'active', NULL, NULL, NULL, NULL, NULL, NULL, NULL, NULL, NULL, NULL, NULL, NULL, NULL, NULL, NULL, NULL, NULL, NULL, NULL, NULL, NULL, NULL, NULL, '2026-04-13 03:16:49', '2026-04-13 03:16:49'),
	(1197, '60839-TSA-K000-H1 (Blank)', 'PATCH RR R,FR SIDE FRAME', '2SJ/ 2SK', 32, 3, 600, 10000, 1, NULL, 'Progressive', NULL, NULL, 0, 0, 0, 0, 0, 0, NULL, '2025-10-07', NULL, 'active', NULL, NULL, NULL, NULL, NULL, NULL, NULL, NULL, NULL, NULL, NULL, NULL, NULL, NULL, NULL, NULL, NULL, NULL, NULL, NULL, NULL, NULL, NULL, '2026-04-13 03:16:49', '2026-04-13 03:16:49'),
	(1198, '60755-TSAA-K000-H1 (Blank)', 'STIFF L FR DPR EXTN', '2SJ/ 2SK', 32, 3, 600, 10000, 1, NULL, 'Progressive', NULL, NULL, 0, 0, 0, 0, 0, 0, NULL, '2025-09-08', NULL, 'active', NULL, NULL, NULL, NULL, NULL, NULL, NULL, NULL, NULL, NULL, NULL, NULL, NULL, NULL, NULL, NULL, NULL, NULL, NULL, NULL, NULL, NULL, NULL, '2026-04-13 03:16:49', '2026-04-13 03:16:49'),
	(1199, '60818-TSAA-K000-H1 (Blank)', 'STIFF C/MBR R FR SIDE', '2SJ/ 2SK', 32, 3, 600, 10000, 1, NULL, 'Progressive', NULL, NULL, 0, 0, 0, 0, 0, 0, NULL, '2025-10-03', NULL, 'active', NULL, NULL, NULL, NULL, NULL, NULL, NULL, NULL, NULL, NULL, NULL, NULL, NULL, NULL, NULL, NULL, NULL, NULL, NULL, NULL, NULL, NULL, NULL, '2026-04-13 03:16:49', '2026-04-13 03:16:49'),
	(1200, '60842-TG1-T000-H1 (BLANK)', 'BRKT, BPR BEAM EXTN OUT', '2SJ/ 2SK', 32, 3, 600, 10000, 1, NULL, 'Progressive', NULL, NULL, 0, 0, 0, 0, 0, 0, NULL, '2025-10-04', NULL, 'active', NULL, NULL, NULL, NULL, NULL, NULL, NULL, NULL, NULL, NULL, NULL, NULL, NULL, NULL, NULL, NULL, NULL, NULL, NULL, NULL, NULL, NULL, NULL, '2026-04-13 03:16:49', '2026-04-13 03:16:49'),
	(1201, '60939-TSA-K000-H1 (Blank)', 'PATCH RR L,FR SIDE FRAME', '2SJ/ 2SK', 32, 3, 600, 10000, 1, NULL, 'Progressive', NULL, NULL, 0, 0, 0, 0, 0, 0, NULL, '2025-11-24', NULL, 'active', NULL, NULL, NULL, NULL, NULL, NULL, NULL, NULL, NULL, NULL, NULL, NULL, NULL, NULL, NULL, NULL, NULL, NULL, NULL, NULL, NULL, NULL, NULL, '2026-04-13 03:16:49', '2026-04-13 03:16:49'),
	(1202, '60655-TSAA-K003-H1 (Blank)', 'STIFF R FR DPR EXTN', '2SJ/ 2SK', 32, 3, 600, 10000, 1, NULL, 'Progressive', NULL, NULL, 0, 0, 0, 0, 0, 0, NULL, '2025-10-10', NULL, 'active', NULL, NULL, NULL, NULL, NULL, NULL, NULL, NULL, NULL, NULL, NULL, NULL, NULL, NULL, NULL, NULL, NULL, NULL, NULL, NULL, NULL, NULL, NULL, '2026-04-13 03:16:49', '2026-04-13 03:16:49'),
	(1203, '60945-TSAA-K002-H1 (Blank)', 'GUSSET L,FR SIDE FRAME', '2SJ/ 2SK', 32, 3, 600, 10000, 1, NULL, 'Progressive', NULL, NULL, 0, 0, 0, 0, 0, 0, NULL, '2025-10-16', NULL, 'active', NULL, NULL, NULL, NULL, NULL, NULL, NULL, NULL, NULL, NULL, NULL, NULL, NULL, NULL, NULL, NULL, NULL, NULL, NULL, NULL, NULL, NULL, NULL, '2026-04-13 03:16:49', '2026-04-13 03:16:49'),
	(1204, '60843/943-TF0-3000 (Blank)', 'BRKT R/L, FR BPR EXTN', '2SJ/ 2SK', 32, 3, 600, 10000, 1, NULL, 'Progressive', NULL, NULL, 0, 0, 0, 0, 0, 0, NULL, '2025-11-09', NULL, 'active', NULL, NULL, NULL, NULL, NULL, NULL, NULL, NULL, NULL, NULL, NULL, NULL, NULL, NULL, NULL, NULL, NULL, NULL, NULL, NULL, NULL, NULL, NULL, '2026-04-13 03:16:49', '2026-04-13 03:16:49'),
	(1205, '60934-TSA-K000-H1 (Blank)', 'BHD RR L, FR SIDE FRM', '2SJ/ 2SK', 32, 3, 600, 10000, 1, NULL, 'Progressive', NULL, NULL, 0, 0, 0, 0, 0, 0, NULL, '2025-11-08', NULL, 'active', NULL, NULL, NULL, NULL, NULL, NULL, NULL, NULL, NULL, NULL, NULL, NULL, NULL, NULL, NULL, NULL, NULL, NULL, NULL, NULL, NULL, NULL, NULL, '2026-04-13 03:16:49', '2026-04-13 03:16:49'),
	(1206, '60833-TSA-K000-H1 (Blank Sheet)', 'BHD STIFF,ENG SIDE MTG', '2SJ/ 2SK', 32, 3, 600, 10000, 1, NULL, 'Progressive', NULL, NULL, 0, 0, 0, 0, 0, 0, NULL, '2025-11-09', NULL, 'active', NULL, NULL, NULL, NULL, NULL, NULL, NULL, NULL, NULL, NULL, NULL, NULL, NULL, NULL, NULL, NULL, NULL, NULL, NULL, NULL, NULL, NULL, NULL, '2026-04-13 03:16:49', '2026-04-13 03:16:49'),
	(1207, '60619/719-TSA-K000-50 (Blank)', 'BRKT R/L, FR FENDER', '2SJ/ 2SK', 32, 3, 600, 10000, 1, NULL, 'Progressive', NULL, NULL, 0, 0, 0, 0, 0, 0, NULL, '2025-11-10', NULL, 'active', NULL, NULL, NULL, NULL, NULL, NULL, NULL, NULL, NULL, NULL, NULL, NULL, NULL, NULL, NULL, NULL, NULL, NULL, NULL, NULL, NULL, NULL, NULL, '2026-04-13 03:16:49', '2026-04-13 03:16:49'),
	(1208, '60446/496-TSA-K000-50 (Blank)', 'STIFF R/L, UNDER LOAD PATH', '2SK (Mex)', 34, 3, 600, 10000, 1, NULL, 'Progressive', NULL, NULL, 0, 0, 0, 0, 0, 0, NULL, '2025-11-18', NULL, 'active', NULL, NULL, NULL, NULL, NULL, NULL, NULL, NULL, NULL, NULL, NULL, NULL, NULL, NULL, NULL, NULL, NULL, NULL, NULL, NULL, NULL, NULL, NULL, '2026-04-13 03:16:49', '2026-04-13 03:16:49'),
	(1209, '651E6-I6050', 'REINF RR SEAT CROSS MBR SD', 'KS Export', 28, 1, 600, 6000, 3, NULL, '800T', NULL, NULL, 0, 0, 0, 0, 0, 0, NULL, '2026-01-04', NULL, 'active', NULL, NULL, NULL, NULL, NULL, NULL, NULL, NULL, NULL, NULL, NULL, NULL, NULL, NULL, NULL, NULL, NULL, NULL, NULL, NULL, NULL, NULL, NULL, '2026-04-13 03:16:49', '2026-04-13 03:16:49'),
	(1210, '71412-I6050', 'PILLAR CTR INR, LH', 'KS Export', 28, 1, 600, 5000, 4, NULL, '1200T', NULL, NULL, 0, 0, 0, 0, 0, 1200, NULL, '2026-02-23', NULL, 'active', NULL, NULL, NULL, NULL, NULL, NULL, NULL, NULL, NULL, NULL, NULL, NULL, NULL, NULL, NULL, NULL, NULL, NULL, NULL, NULL, NULL, NULL, NULL, '2026-04-13 03:16:49', '2026-04-13 03:16:49'),
	(1211, '71422-I6050', 'PILLAR CTR INR, RH', 'KS Export', 28, 1, 600, 5000, 4, NULL, '1200T', NULL, NULL, 0, 0, 0, 0, 0, 0, NULL, '2026-03-09', NULL, 'active', NULL, NULL, NULL, NULL, NULL, NULL, NULL, NULL, NULL, NULL, NULL, NULL, NULL, NULL, NULL, NULL, NULL, NULL, NULL, NULL, NULL, NULL, NULL, '2026-04-13 03:16:49', '2026-04-13 03:16:49'),
	(1212, '5240C305', 'PANEL, DASH (RHD)', 'STEEL QX', 35, 2, 600, 5000, 4, NULL, '1200T', NULL, NULL, 0, 0, 0, 0, 0, 1223, NULL, '2025-11-21', NULL, 'active', NULL, NULL, NULL, NULL, NULL, NULL, NULL, NULL, NULL, NULL, NULL, NULL, NULL, NULL, NULL, NULL, NULL, NULL, NULL, NULL, NULL, NULL, NULL, '2026-04-13 03:16:49', '2026-04-15 07:17:04'),
	(1213, '63624-TSAA-K001-H1 (Blank)', 'BHD L, SIDE SILL', '2SJ/ 2SK', 32, 3, 600, 10000, 1, NULL, 'Progressive', NULL, NULL, 0, 0, 0, 0, 0, 0, NULL, '2025-09-14', NULL, 'active', NULL, NULL, NULL, NULL, NULL, NULL, NULL, NULL, NULL, NULL, NULL, NULL, NULL, NULL, NULL, NULL, NULL, NULL, NULL, NULL, NULL, NULL, NULL, '2026-04-13 03:41:28', '2026-04-13 03:41:28'),
	(1214, '63224-TSAA-K001-H1 (Blank)', 'BHD R, SIDE SILL', '2SJ/ 2SK', 32, 3, 600, 10000, 1, NULL, 'Progressive', NULL, '63224-TSAA-K001-H1', 0, 0, 0, 0, 0, 0, NULL, '2025-09-06', NULL, 'active', NULL, NULL, NULL, NULL, NULL, NULL, NULL, NULL, NULL, NULL, NULL, NULL, NULL, NULL, NULL, NULL, NULL, NULL, NULL, NULL, NULL, NULL, NULL, '2026-04-13 03:41:28', '2026-04-15 09:43:29'),
	(1215, '71222-I6000 (RHD)', 'PILLAR-FR INR LWR,RH', NULL, 1, 1, 600, 6000, 4, NULL, '800T', NULL, '71222-I6000', 0, 0, 3356, 0, 0, 0, NULL, '2025-11-05', NULL, 'active', NULL, NULL, NULL, NULL, NULL, NULL, NULL, NULL, NULL, NULL, NULL, NULL, NULL, NULL, NULL, NULL, NULL, NULL, NULL, NULL, NULL, NULL, NULL, '2026-04-15 17:02:05', '2026-04-15 17:06:44');

-- Dumping structure for table ppm_dies_monitoring_april.die_processes
CREATE TABLE IF NOT EXISTS `die_processes` (
  `id` bigint unsigned NOT NULL AUTO_INCREMENT,
  `die_id` bigint unsigned NOT NULL,
  `process_type` varchar(50) COLLATE utf8mb4_unicode_ci NOT NULL,
  `process_order` tinyint unsigned NOT NULL DEFAULT '1',
  `ppm_status` enum('pending','in_progress','completed') COLLATE utf8mb4_unicode_ci NOT NULL DEFAULT 'pending',
  `ppm_started_at` timestamp NULL DEFAULT NULL,
  `ppm_completed_at` timestamp NULL DEFAULT NULL,
  `ppm_history_id` bigint unsigned DEFAULT NULL,
  `completed_by` varchar(255) COLLATE utf8mb4_unicode_ci DEFAULT NULL,
  `notes` text COLLATE utf8mb4_unicode_ci,
  `created_at` timestamp NULL DEFAULT NULL,
  `updated_at` timestamp NULL DEFAULT NULL,
  PRIMARY KEY (`id`),
  UNIQUE KEY `die_processes_die_id_process_type_process_order_unique` (`die_id`,`process_type`,`process_order`),
  KEY `die_processes_ppm_history_id_foreign` (`ppm_history_id`),
  KEY `die_processes_die_id_ppm_status_index` (`die_id`,`ppm_status`),
  CONSTRAINT `die_processes_die_id_foreign` FOREIGN KEY (`die_id`) REFERENCES `dies` (`id`) ON DELETE CASCADE,
  CONSTRAINT `die_processes_ppm_history_id_foreign` FOREIGN KEY (`ppm_history_id`) REFERENCES `ppm_histories` (`id`) ON DELETE SET NULL
) ENGINE=InnoDB DEFAULT CHARSET=utf8mb4 COLLATE=utf8mb4_unicode_ci;

-- Dumping data for table ppm_dies_monitoring_april.die_processes: ~0 rows (approximately)
DELETE FROM `die_processes`;

-- Dumping structure for table ppm_dies_monitoring_april.failed_jobs
CREATE TABLE IF NOT EXISTS `failed_jobs` (
  `id` bigint unsigned NOT NULL AUTO_INCREMENT,
  `uuid` varchar(255) CHARACTER SET utf8mb4 COLLATE utf8mb4_unicode_ci NOT NULL,
  `connection` text CHARACTER SET utf8mb4 COLLATE utf8mb4_unicode_ci NOT NULL,
  `queue` text CHARACTER SET utf8mb4 COLLATE utf8mb4_unicode_ci NOT NULL,
  `payload` longtext CHARACTER SET utf8mb4 COLLATE utf8mb4_unicode_ci NOT NULL,
  `exception` longtext CHARACTER SET utf8mb4 COLLATE utf8mb4_unicode_ci NOT NULL,
  `failed_at` timestamp NOT NULL DEFAULT CURRENT_TIMESTAMP,
  PRIMARY KEY (`id`),
  UNIQUE KEY `failed_jobs_uuid_unique` (`uuid`)
) ENGINE=InnoDB DEFAULT CHARSET=utf8mb4 COLLATE=utf8mb4_unicode_ci;

-- Dumping data for table ppm_dies_monitoring_april.failed_jobs: ~0 rows (approximately)
DELETE FROM `failed_jobs`;

-- Dumping structure for table ppm_dies_monitoring_april.import_logs
CREATE TABLE IF NOT EXISTS `import_logs` (
  `id` bigint unsigned NOT NULL AUTO_INCREMENT,
  `type` varchar(255) COLLATE utf8mb4_unicode_ci NOT NULL,
  `file_name` varchar(255) COLLATE utf8mb4_unicode_ci NOT NULL,
  `status` enum('success','failed') COLLATE utf8mb4_unicode_ci NOT NULL DEFAULT 'success',
  `imported_count` int NOT NULL DEFAULT '0',
  `skipped_count` int NOT NULL DEFAULT '0',
  `accumulated_count` int NOT NULL DEFAULT '0',
  `skipped_rows` json DEFAULT NULL,
  `error_message` text COLLATE utf8mb4_unicode_ci,
  `user_id` bigint unsigned DEFAULT NULL,
  `created_at` timestamp NULL DEFAULT NULL,
  `updated_at` timestamp NULL DEFAULT NULL,
  PRIMARY KEY (`id`),
  KEY `import_logs_user_id_foreign` (`user_id`),
  CONSTRAINT `import_logs_user_id_foreign` FOREIGN KEY (`user_id`) REFERENCES `users` (`id`) ON DELETE SET NULL
) ENGINE=InnoDB AUTO_INCREMENT=16 DEFAULT CHARSET=utf8mb4 COLLATE=utf8mb4_unicode_ci;

-- Dumping data for table ppm_dies_monitoring_april.import_logs: ~13 rows (approximately)
DELETE FROM `import_logs`;
INSERT INTO `import_logs` (`id`, `type`, `file_name`, `status`, `imported_count`, `skipped_count`, `accumulated_count`, `skipped_rows`, `error_message`, `user_id`, `created_at`, `updated_at`) VALUES
	(1, 'production', 'Template_Act_Prod_2026-03-30 (1).xlsx', 'success', 3, 0, 1, NULL, NULL, 7, '2026-03-31 07:24:53', '2026-03-31 07:24:53'),
	(2, 'production', 'Template_Act_Prod_2026-04-02.xlsx', 'success', 27, 13, 62, '[{"date": 46098, "output": 230, "reason": "Part number \'65701-TSV-K000-50 OP10-50 (Auto)\' not found in Dies Master", "part_name": "C/ MBR MID FLOOR", "row_number": 12, "part_number": "65701-TSV-K000-50 OP10-50 (Auto)"}, {"date": 46098, "output": 112, "reason": "Part number \'65701-TSV-K000-50 OP60-70 (Semi Auto)\' not found in Dies Master", "part_name": "C/ MBR MID FLOOR", "row_number": 13, "part_number": "65701-TSV-K000-50 OP60-70 (Semi Auto)"}, {"date": "17-Mar-2026", "output": "0", "reason": "Output qty kosong atau 0", "part_name": "GST R/L, RR PLR LWR", "row_number": 15, "part_number": "66114/164-T86-K000-50 (Auto)"}, {"date": 46098, "output": 1150, "reason": "Part number \'5240B908/909 (A2)\' not found in Dies Master", "part_name": "BRACE DASH SIDE RH", "row_number": 17, "part_number": "5240B908/909 (A2)"}, {"date": 46108, "output": 350, "reason": "Part number \'T/O 77697-VT010-00 emboss\' not found in Dies Master", "part_name": "INSULATOR, FUEL TANK HEAT NO. 1", "row_number": 45, "part_number": "T/O 77697-VT010-00 emboss"}, {"date": 46108, "output": 1200, "reason": "Part number \'5240B908/909 (A2)\' not found in Dies Master", "part_name": "BRACE DASH SIDE RH", "row_number": 47, "part_number": "5240B908/909 (A2)"}, {"date": 46108, "output": 600, "reason": "Part number \'651B8-I6000 \' not found in Dies Master", "part_name": "MEMBER-CTR FLOOR SIDE UPR,RH", "row_number": 49, "part_number": "651B8-I6000 "}, {"date": 46108, "output": 520, "reason": "Part number \'71146-I6000 (OP10-50)\' not found in Dies Master", "part_name": "REINF-FR PILLAR OTR,RH", "row_number": 52, "part_number": "71146-I6000 (OP10-50)"}, {"date": 46108, "output": 648, "reason": "Part number \'71374/84-I6000 (Sheet)\' not found in Dies Master", "part_name": "REINF SIDE SILL OTR FR,LH/RH", "row_number": 57, "part_number": "71374/84-I6000 (Sheet)"}, {"date": 46111, "output": 600, "reason": "Part number \'71354/64-I6000 (A2)\' not found in Dies Master", "part_name": "REINF CTR PILLAR OTR LWR,LH/RH", "row_number": 65, "part_number": "71354/64-I6000 (A2)"}, {"date": 46111, "output": 200, "reason": "Part number \'65152-I6000 (Sheet)\' not found in Dies Master", "part_name": "MEMBER-FR SEAT CROSS,LH", "row_number": 83, "part_number": "65152-I6000 (Sheet)"}, {"date": 46112, "output": 240, "reason": "Part number \'651D8-I6000 (OP10)\' not found in Dies Master", "part_name": "BRACE-CTR FLOOR TUNNEL RR", "row_number": 98, "part_number": "651D8-I6000 (OP10)"}, {"date": 46112, "output": 200, "reason": "Part number \'651C8-I6000 (Sheet)\' not found in Dies Master", "part_name": "BRACE CTR FLR TUNNEL RR", "row_number": 103, "part_number": "651C8-I6000 (Sheet)"}]', NULL, 7, '2026-04-02 09:06:06', '2026-04-02 09:06:06'),
	(3, 'production', 'Template_Act_Prod_2026-04-02.xlsx', 'success', 1, 13, 88, '[{"date": 46098, "output": 230, "reason": "Part number \'65701-TSV-K000-50 OP10-50 (Auto)\' not found in Dies Master", "part_name": "C/ MBR MID FLOOR", "row_number": 12, "part_number": "65701-TSV-K000-50 OP10-50 (Auto)"}, {"date": 46098, "output": 112, "reason": "Part number \'65701-TSV-K000-50 OP60-70 (Semi Auto)\' not found in Dies Master", "part_name": "C/ MBR MID FLOOR", "row_number": 13, "part_number": "65701-TSV-K000-50 OP60-70 (Semi Auto)"}, {"date": "17-Mar-2026", "output": "0", "reason": "Output qty kosong atau 0", "part_name": "GST R/L, RR PLR LWR", "row_number": 15, "part_number": "66114/164-T86-K000-50 (Auto)"}, {"date": 46098, "output": 1150, "reason": "Part number \'5240B908/909 (A2)\' not found in Dies Master", "part_name": "BRACE DASH SIDE RH", "row_number": 17, "part_number": "5240B908/909 (A2)"}, {"date": 46108, "output": 350, "reason": "Part number \'T/O 77697-VT010-00 emboss\' not found in Dies Master", "part_name": "INSULATOR, FUEL TANK HEAT NO. 1", "row_number": 45, "part_number": "T/O 77697-VT010-00 emboss"}, {"date": 46108, "output": 1200, "reason": "Part number \'5240B908/909 (A2)\' not found in Dies Master", "part_name": "BRACE DASH SIDE RH", "row_number": 47, "part_number": "5240B908/909 (A2)"}, {"date": 46108, "output": 600, "reason": "Part number \'651B8-I6000 \' not found in Dies Master", "part_name": "MEMBER-CTR FLOOR SIDE UPR,RH", "row_number": 49, "part_number": "651B8-I6000 "}, {"date": 46108, "output": 520, "reason": "Part number \'71146-I6000 (OP10-50)\' not found in Dies Master", "part_name": "REINF-FR PILLAR OTR,RH", "row_number": 52, "part_number": "71146-I6000 (OP10-50)"}, {"date": 46108, "output": 648, "reason": "Part number \'71374/84-I6000 (Sheet)\' not found in Dies Master", "part_name": "REINF SIDE SILL OTR FR,LH/RH", "row_number": 57, "part_number": "71374/84-I6000 (Sheet)"}, {"date": 46111, "output": 600, "reason": "Part number \'71354/64-I6000 (A2)\' not found in Dies Master", "part_name": "REINF CTR PILLAR OTR LWR,LH/RH", "row_number": 65, "part_number": "71354/64-I6000 (A2)"}, {"date": 46111, "output": 200, "reason": "Part number \'65152-I6000 (Sheet)\' not found in Dies Master", "part_name": "MEMBER-FR SEAT CROSS,LH", "row_number": 83, "part_number": "65152-I6000 (Sheet)"}, {"date": 46112, "output": 240, "reason": "Part number \'651D8-I6000 (OP10)\' not found in Dies Master", "part_name": "BRACE-CTR FLOOR TUNNEL RR", "row_number": 98, "part_number": "651D8-I6000 (OP10)"}, {"date": 46112, "output": 200, "reason": "Part number \'651C8-I6000 (Sheet)\' not found in Dies Master", "part_name": "BRACE CTR FLR TUNNEL RR", "row_number": 103, "part_number": "651C8-I6000 (Sheet)"}]', NULL, 7, '2026-04-02 09:06:19', '2026-04-02 09:06:19'),
	(4, 'production', 'Template_Act_Prod_2026-04-06 (1).xlsx', 'success', 2, 3, 0, '[{"date": "20-Jan-25", "output": 752, "reason": "Part number \'5253AT11/AT12\' not found in Dies Master", "part_name": "REINF F/FLR SIDE SILL INR LH", "row_number": 3, "part_number": "5253AT11/AT12"}, {"date": "20-Jan-25", "output": 500, "reason": "Part number \'T/O 77697-VT010-00\' not found in Dies Master", "part_name": "INSULATOR, FUEL TANK HEAT NO.  1", "row_number": 4, "part_number": "T/O 77697-VT010-00"}, {"date": "20-Jan-25", "output": 800, "reason": "Part number \'67412 W000P\' not found in Dies Master", "part_name": "C/ MBR DASH", "row_number": 5, "part_number": "67412 W000P"}]', NULL, 1, '2026-04-06 08:09:19', '2026-04-06 08:09:19'),
	(5, 'production', 'Template_Act_Prod_2026-04-06 (1).xlsx', 'success', 0, 5, 0, '[{"date": "22-Jan-2025", "output": 600, "reason": "You cannot double input on the same date (date: 22-Jan-2025)", "part_name": "BRACE DASH SIDE RH/LH", "row_number": 2, "part_number": "5240B908/909"}, {"date": "20-Jan-25", "output": 752, "reason": "Part number \'5253AT11/AT12\' not found in Dies Master", "part_name": "REINF F/FLR SIDE SILL INR LH", "row_number": 3, "part_number": "5253AT11/AT12"}, {"date": "20-Jan-25", "output": 500, "reason": "Part number \'T/O 77697-VT010-00\' not found in Dies Master", "part_name": "INSULATOR, FUEL TANK HEAT NO.  1", "row_number": 4, "part_number": "T/O 77697-VT010-00"}, {"date": "20-Jan-25", "output": 800, "reason": "Part number \'67412 W000P\' not found in Dies Master", "part_name": "C/ MBR DASH", "row_number": 5, "part_number": "67412 W000P"}, {"date": "20-Jan-2025", "output": 600, "reason": "You cannot double input on the same date (date: 20-Jan-2025)", "part_name": "REINF CTR PLR OTR UPR,RH", "row_number": 6, "part_number": "71362-I6000"}]', NULL, 1, '2026-04-06 08:20:03', '2026-04-06 08:20:03'),
	(6, 'dies', 'Part List Dies for PPM Activity Y2026 (2).xlsx', 'success', 306, 119, 0, '[{"model": "YTB", "reason": "Part number \'62741-74U00\' already exists in Dies Master.", "part_name": "BRACKET , FUEL TANK REAR , L", "row_number": 186, "part_number": "62741-74U00"}, {"model": "20QX", "reason": "Part number \'5211A428\' already exists in Dies Master.", "part_name": "BAR, FR END UPR, SIDE RH", "row_number": 187, "part_number": "5211A428"}, {"model": "20QX", "reason": "Part number \'5211A429\' already exists in Dies Master.", "part_name": "BAR, FR END UPR, SIDE LH", "row_number": 188, "part_number": "5211A429"}, {"model": "RNE", "reason": "Part number \'76452-W100P\' already exists in Dies Master.", "part_name": "SILL-INR,RH", "row_number": 193, "part_number": "76452-W100P"}, {"model": "5H45 (RV)", "reason": "Part number \'764B0-B000P\' already exists in Dies Master.", "part_name": "REINF-SILL OTR,FR RH", "row_number": 194, "part_number": "764B0-B000P"}, {"model": "5H45 (RX)", "reason": "Part number \'764B0-C000P\' already exists in Dies Master.", "part_name": "REINF-SILL OTR,FR RH", "row_number": 195, "part_number": "764B0-C000P"}, {"model": "5H45 (RV)", "reason": "Part number \'764B1-B000P\' already exists in Dies Master.", "part_name": "REINF-SILL OTR,FR LH", "row_number": 196, "part_number": "764B1-B000P"}, {"model": "5H45 (RX)", "reason": "Part number \'764B1-C000P \' already exists in Dies Master.", "part_name": "REINF-SILL OTR,FR LH", "row_number": 197, "part_number": "764B1-C000P "}, {"model": "5H45 (RV)", "reason": "Part number \'76452-B000P\' already exists in Dies Master.", "part_name": "SILL-INR,RH", "row_number": 198, "part_number": "76452-B000P"}, {"model": "5H45 (RX)", "reason": "Part number \'76452-C000P\' already exists in Dies Master.", "part_name": "SILL-INR,RH", "row_number": 199, "part_number": "76452-C000P"}, {"model": "5H45 (RVE)", "reason": "Part number \'76452-B010P \' already exists in Dies Master.", "part_name": "SILL-INR,RH", "row_number": 200, "part_number": "76452-B010P "}, {"model": "5H45 (RV)", "reason": "Part number \'76453-B000P\' already exists in Dies Master.", "part_name": "SILL-INR,LH", "row_number": 201, "part_number": "76453-B000P"}, {"model": "5H45 (RX)", "reason": "Part number \'76453-C000P\' already exists in Dies Master.", "part_name": "SILL-INR,LH", "row_number": 202, "part_number": "76453-C000P"}, {"model": "5H45 (RVE)", "reason": "Part number \'76453-B020P \' already exists in Dies Master.", "part_name": "SILL-INR,LH", "row_number": 203, "part_number": "76453-B020P "}, {"model": "KS", "reason": "Part number \'65176-I6000 \' already exists in Dies Master.", "part_name": "MBR FR SEAT CROSS RR LH/RH", "row_number": 204, "part_number": "65176-I6000 "}, {"model": "KS", "reason": "Part number \'65212/22-I6000\' already exists in Dies Master.", "part_name": "MBR CTR FLR SIDE LH/RH", "row_number": 205, "part_number": "65212/22-I6000"}, {"model": "KS", "reason": "Part number \'71328-I6000\' already exists in Dies Master.", "part_name": "REINF S/SILL OTR CTR,RH", "row_number": 208, "part_number": "71328-I6000"}, {"model": "KS", "reason": "Part number \'71232-I6000\' already exists in Dies Master.", "part_name": "PILLAR FR INR UPR,LH", "row_number": 209, "part_number": "71232-I6000"}, {"model": "KS", "reason": "Part number \'71454-I6000\' already exists in Dies Master.", "part_name": "REINF ROOF SIDE OTR,LH", "row_number": 210, "part_number": "71454-I6000"}, {"model": "KS", "reason": "Part number \'71464-I6000\' already exists in Dies Master.", "part_name": "REINF ROOF SIDE OTR,RH", "row_number": 211, "part_number": "71464-I6000"}, {"model": "KS", "reason": "Part number \'71242-I6000\' already exists in Dies Master.", "part_name": "PILLAR FR INR UPR,RH", "row_number": 212, "part_number": "71242-I6000"}, {"model": "KS", "reason": "Part number \'71318-I6000\' already exists in Dies Master.", "part_name": "REINF S/SILL OTR CTR,LH", "row_number": 213, "part_number": "71318-I6000"}, {"model": "KS", "reason": "Part number \'71236/46-I6000 \' already exists in Dies Master.", "part_name": "REINF FR PILLAR INR UPR,LH/RH", "row_number": 214, "part_number": "71236/46-I6000 "}, {"model": "KS Export", "reason": "Machine model \'KS Export\' not found. Please create it first.", "part_name": "REINF RR SEAT CROSS MBR SD", "row_number": 215, "part_number": "651E6-I6050"}, {"model": "2JX-LHD", "reason": "Machine model \'2JX-LHD\' not found. Please create it first.", "part_name": "GST R/L, RR PLR LWR", "row_number": 217, "part_number": "66114/164-T86-X000-50 (Auto)"}, {"model": "2JX-LHD", "reason": "Machine model \'2JX-LHD\' not found. Please create it first.", "part_name": "GST R/L, RR PLR LWR", "row_number": 222, "part_number": "66114/164-T86-X000-50 (Semi Auto)"}, {"model": "4L45W", "reason": "Part number \'5253AH61 \' already exists in Dies Master.", "part_name": "SILL F/FLR SIDE INR LH", "row_number": 236, "part_number": "5253AH61 "}, {"model": "4L45W", "reason": "Part number \'5253AH62 \' already exists in Dies Master.", "part_name": "SILL F/FLR SIDE INR RH", "row_number": 237, "part_number": "5253AH62 "}, {"model": "STEEL QX", "reason": "Part number \'5240C305 \' already exists in Dies Master.", "part_name": "PANEL, DASH (RHD)", "row_number": 241, "part_number": "5240C305 "}, {"model": "KS", "reason": "Part number \'71378-I6000 \' already exists in Dies Master.", "part_name": "REINF SIDE SILL OTR,LH", "row_number": 242, "part_number": "71378-I6000 "}, {"model": "KS", "reason": "Part number \'65132-I6000 \' already exists in Dies Master.", "part_name": "REINF-CTR FLOOR", "row_number": 243, "part_number": "65132-I6000 "}, {"model": "KS", "reason": "Part number \'71188-I6000 \' already exists in Dies Master.", "part_name": "REINF FR PILLAR OTR UPR,RH", "row_number": 244, "part_number": "71188-I6000 "}, {"model": "KS", "reason": "Part number \'71148-I6000 \' already exists in Dies Master.", "part_name": "REINF ROOF SIDE OTR RR,RH", "row_number": 245, "part_number": "71148-I6000 "}, {"model": "KS", "reason": "Part number \'71132-I6000 \' already exists in Dies Master.", "part_name": "REINF-FR PILLAR OTR LWR,LH", "row_number": 246, "part_number": "71132-I6000 "}, {"model": "KS", "reason": "Part number \'71142-I6000 \' already exists in Dies Master.", "part_name": "REINF-FR PILLAR OTR LWR,RH", "row_number": 247, "part_number": "71142-I6000 "}, {"model": "KS", "reason": "Part number \'65114-I6000 \' already exists in Dies Master.", "part_name": "PNL-CTR FLOOR CTR", "row_number": 254, "part_number": "65114-I6000 "}, {"model": "KS", "reason": "Part number \'71178-I6000\' already exists in Dies Master.", "part_name": "REINF FR PILLAR OTR UPR,LH", "row_number": 255, "part_number": "71178-I6000"}, {"model": "KS", "reason": "Part number \'71138-I6000\' already exists in Dies Master.", "part_name": "REINF ROOF SIDE OTR RR,LH", "row_number": 256, "part_number": "71138-I6000"}, {"model": "KS", "reason": "Part number \'71412-I6000\' already exists in Dies Master.", "part_name": "PILLAR CTR INR, LH", "row_number": 257, "part_number": "71412-I6000"}, {"model": "KS", "reason": "Part number \'71422-I6000\' already exists in Dies Master.", "part_name": "PILLAR CTR INR, RH", "row_number": 258, "part_number": "71422-I6000"}, {"model": "KS", "reason": "Part number \'71362-I6000\' already exists in Dies Master.", "part_name": "REINF CTR PLR OTR UPR,RH", "row_number": 259, "part_number": "71362-I6000"}, {"model": "KS", "reason": "Part number \'71352-I6000\' already exists in Dies Master.", "part_name": "REINF CTR PLR OTR UPR,LH", "row_number": 260, "part_number": "71352-I6000"}, {"model": "KS", "reason": "Part number \'71388-I6000 \' already exists in Dies Master.", "part_name": "REINF SIDE SILL OTR,RH", "row_number": 261, "part_number": "71388-I6000 "}, {"model": "KS", "reason": "Part number \'65182-I6000 \' already exists in Dies Master.", "part_name": "PNL-SIDE SILL INR,RH", "row_number": 262, "part_number": "65182-I6000 "}, {"model": "KS", "reason": "Part number \'71376/86-I6000 \' already exists in Dies Master.", "part_name": "REINF SIDE SILL OTR RR LH/RH", "row_number": 264, "part_number": "71376/86-I6000 "}, {"model": "KS", "reason": "Part number \'71176/86-I6000 \' already exists in Dies Master.", "part_name": "BRKT-FR PILLAR OTR.LH/LH", "row_number": 265, "part_number": "71176/86-I6000 "}, {"model": "KS", "reason": "Part number \'651B8-I6000 \' already exists in Dies Master.", "part_name": "MEMBER-CTR FLOOR SIDE UPR,RH", "row_number": 269, "part_number": "651B8-I6000 "}, {"model": "KS", "reason": "Part number \'65172-I6000 \' already exists in Dies Master.", "part_name": "PNL-SIDE SILL INR,LH", "row_number": 270, "part_number": "65172-I6000 "}, {"model": "KS Export", "reason": "Machine model \'KS Export\' not found. Please create it first.", "part_name": "PILLAR CTR INR, LH", "row_number": 272, "part_number": "71412-I6050"}, {"model": "KS Export", "reason": "Machine model \'KS Export\' not found. Please create it first.", "part_name": "PILLAR CTR INR, RH", "row_number": 273, "part_number": "71422-I6050"}, {"model": "2VF", "reason": "Part number \'65112-TG1-T000-50\' already exists in Dies Master.", "part_name": "BRKT FR SEAT CTR RR", "row_number": 274, "part_number": "65112-TG1-T000-50"}, {"model": "2MD", "reason": "Machine model \'2MD\' not found. Please create it first.", "part_name": "STIFF R, FR PILLAR LWR", "row_number": 275, "part_number": "63131-TE7A-K000-50"}, {"model": "2VF", "reason": "Part number \'63131-TG4-U000-50\' already exists in Dies Master.", "part_name": "STIFF R, FR PILLAR LWR", "row_number": 276, "part_number": "63131-TG4-U000-50"}, {"model": "3K6A", "reason": "Part number \'63323-3K6-K000-50 (OP10-50)\' already exists in Dies Master.", "part_name": "ADPT R, RR COMBI", "row_number": 291, "part_number": "63323-3K6-K000-50 (OP10-50)"}, {"model": "3K6A", "reason": "Part number \'63323-3K6-K000-50 (OP60-70)\' already exists in Dies Master.", "part_name": "ADPT R, RR COMBI", "row_number": 293, "part_number": "63323-3K6-K000-50 (OP60-70)"}, {"model": "2JX (T86A & 3K6A)", "reason": "Part number \'65317-T86-K000-H1\' already exists in Dies Master.", "part_name": "STIFF R, FRM CTR TNL", "row_number": 300, "part_number": "65317-T86-K000-H1"}, {"model": "2JX (LHD)", "reason": "Part number \'65318-T86-P000-H1\' already exists in Dies Master.", "part_name": "STIFF L, FRM CTR TNL", "row_number": 302, "part_number": "65318-T86-P000-H1"}, {"model": "Y4L", "reason": "Part number \'58821-52S20\' already exists in Dies Master.", "part_name": "BRACKET,COOLING UNIT", "row_number": 310, "part_number": "58821-52S20"}, {"model": "Y4L", "reason": "Part number \'58861-52S00\' already exists in Dies Master.", "part_name": "BRACKET, BUMPER & FR PNL, L", "row_number": 311, "part_number": "58861-52S00"}, {"model": "Y4L", "reason": "Part number \'58321-52S00\' already exists in Dies Master.", "part_name": "BRACE, HEADLAMP SUPPORT, R", "row_number": 312, "part_number": "58321-52S00"}, {"model": "Y4L", "reason": "Part number \'58331-52S00\' already exists in Dies Master.", "part_name": "BRACE, HEADLAMP SUPPORT, L", "row_number": 313, "part_number": "58331-52S00"}, {"model": "Y4L", "reason": "Part number \'58815-52S00\' already exists in Dies Master.", "part_name": "BRACKET,BUMPER & FR PNL CTR", "row_number": 314, "part_number": "58815-52S00"}, {"model": "Y4L", "reason": "Part number \'58851-52S00\' already exists in Dies Master.", "part_name": "BRACKET, BUMPER & FR PNL, R", "row_number": 315, "part_number": "58851-52S00"}, {"model": "YHA", "reason": "Part number \'57343-72S0A\' already exists in Dies Master.", "part_name": "REINF FRONT HOOD FRONT", "row_number": 316, "part_number": "57343-72S0A"}, {"model": "YHA", "reason": "Part number \'64113-72S00\' already exists in Dies Master.", "part_name": "REINF ROOF RAIL FR R", "row_number": 317, "part_number": "64113-72S00"}, {"model": "YHA", "reason": "Part number \'64513-72S00\' already exists in Dies Master.", "part_name": "REINF ROOF RAIL FR L", "row_number": 318, "part_number": "64513-72S00"}, {"model": "YHA", "reason": "Part number \'64114-72S00\' already exists in Dies Master.", "part_name": "REINF ROOF RAIL CTR R", "row_number": 319, "part_number": "64114-72S00"}, {"model": "YHA", "reason": "Part number \'64514-72S00\' already exists in Dies Master.", "part_name": "REINF ROOF RAIL CTR L", "row_number": 320, "part_number": "64514-72S00"}, {"model": "YHA", "reason": "Part number \'64115-72S00\' already exists in Dies Master.", "part_name": "REINF ROOF RAIL RR, R", "row_number": 321, "part_number": "64115-72S00"}, {"model": "YHA", "reason": "Part number \'64515-72S00\' already exists in Dies Master.", "part_name": "REINF ROOF RAIL RR, L", "row_number": 322, "part_number": "64515-72S00"}, {"model": "YTB", "reason": "Part number \'58322-74T00\' already exists in Dies Master.", "part_name": "BRACKET FR FENDER LWR R", "row_number": 329, "part_number": "58322-74T00"}, {"model": "YTB", "reason": "Part number \'58422-74T00\' already exists in Dies Master.", "part_name": "BRACKET FR FENDER LWR L", "row_number": 330, "part_number": "58422-74T00"}, {"model": "560B", "reason": "Part number \'77751-VT020-00\' already exists in Dies Master.", "part_name": "BRACKET, CHARCOAL CANISTER BASE", "row_number": 333, "part_number": "77751-VT020-00"}, {"model": "560B", "reason": "Part number \'77697-VT010-00\' already exists in Dies Master.", "part_name": "INSULATOR, FUEL TANK HEAT NO. 1", "row_number": 335, "part_number": "77697-VT010-00"}, {"model": "231B", "reason": "Machine model \'231B\' not found. Please create it first.", "part_name": "ARM LUGUAGE COMPT DOOR HINGE ", "row_number": 336, "part_number": "64521-0D170 (OP 10)"}, {"model": "231B", "reason": "Machine model \'231B\' not found. Please create it first.", "part_name": "ARM LUGUAGE COMPT DOOR HINGE ", "row_number": 337, "part_number": "64521-0D170 (OP 20)"}, {"model": "KS", "reason": "Part number \'71134-I6000\' already exists in Dies Master.", "part_name": "REINF-FR DR HINGE MTG UPR,LH", "row_number": 343, "part_number": "71134-I6000"}, {"model": "KS", "reason": "Part number \'71144-I6000\' already exists in Dies Master.", "part_name": "REINF-FR DR HINGE MTG UPR,RH", "row_number": 344, "part_number": "71144-I6000"}, {"model": "KS", "reason": "Part number \'71154-I6000\' already exists in Dies Master.", "part_name": "REINF-FR DR HINGE LWR,LH", "row_number": 345, "part_number": "71154-I6000"}, {"model": "KS", "reason": "Part number \'71164-I6000\' already exists in Dies Master.", "part_name": "REINF-FR DR HINGE LWR,RH", "row_number": 346, "part_number": "71164-I6000"}, {"model": "KS", "reason": "Part number \'71172-I6000\' already exists in Dies Master.", "part_name": "REINF-FR DR CHECKER MTG,LH", "row_number": 347, "part_number": "71172-I6000"}, {"model": "KS", "reason": "Part number \'71182-I6000\' already exists in Dies Master.", "part_name": "REINF-FR DR CHECKER MTG,RH", "row_number": 348, "part_number": "71182-I6000"}, {"model": "KS", "reason": "Part number \'651C8-I6000\' already exists in Dies Master.", "part_name": "BRACE-CTR FLOOR TUNNEL", "row_number": 350, "part_number": "651C8-I6000"}, {"model": "KS", "reason": "Part number \'651D8-I6000\' already exists in Dies Master.", "part_name": "BRACE-CTR FLOOR TUNNEL RR", "row_number": 352, "part_number": "651D8-I6000"}, {"model": "KS", "reason": "Part number \'651A8-I6000\' already exists in Dies Master.", "part_name": "MBR CTR FLR SIDE UPR,RH", "row_number": 353, "part_number": "651A8-I6000"}, {"model": "KS", "reason": "Part number \'651B2-I6000\' already exists in Dies Master.", "part_name": "REINF CTR FLR SIDE FR,RH", "row_number": 354, "part_number": "651B2-I6000"}, {"model": "KS", "reason": "Part number \'651F2-I6000\' already exists in Dies Master.", "part_name": "PATCH S/SILL INR REINF NO.1", "row_number": 355, "part_number": "651F2-I6000"}, {"model": "KS", "reason": "Part number \'71374/84-I6000\' already exists in Dies Master.", "part_name": "REINF SIDE SILL OTR FR,LH/RH", "row_number": 360, "part_number": "71374/84-I6000"}, {"model": "KS", "reason": "Part number \'65152-I6000\' already exists in Dies Master.", "part_name": "MBR FR SEAT CROSS,LH", "row_number": 364, "part_number": "65152-I6000"}, {"model": "KS", "reason": "Part number \'65162-I6000\' already exists in Dies Master.", "part_name": "MBR FR SEAT CROSS,RH", "row_number": 366, "part_number": "65162-I6000"}, {"model": "KS", "reason": "Part number \'65156-I6000\' already exists in Dies Master.", "part_name": "BRKT FR ST RR OTR MTG,LH", "row_number": 367, "part_number": "65156-I6000"}, {"model": "KS", "reason": "Part number \'65166-I6000\' already exists in Dies Master.", "part_name": "BRKT FR ST RR OTR MTG,RH", "row_number": 368, "part_number": "65166-I6000"}, {"model": "KS", "reason": "Part number \'65154-I6000\' already exists in Dies Master.", "part_name": "BRKT FR ST RR INR MTG,LH", "row_number": 372, "part_number": "65154-I6000"}, {"model": "KS", "reason": "Part number \'65164-I6000\' already exists in Dies Master.", "part_name": "BRKT FR ST RR INR MTG,RH", "row_number": 373, "part_number": "65164-I6000"}, {"model": "KS", "reason": "Part number \'65174-I6000\' already exists in Dies Master.", "part_name": "REINF SIDE SILL INR LH", "row_number": 374, "part_number": "65174-I6000"}, {"model": "KS", "reason": "Part number \'65184-I6000\' already exists in Dies Master.", "part_name": "REINF SIDE SILL INR RH", "row_number": 375, "part_number": "65184-I6000"}, {"model": "KS", "reason": "Part number \'71252-I6000\' already exists in Dies Master.", "part_name": "EXTN FR PILLAR UPR,LH", "row_number": 376, "part_number": "71252-I6000"}, {"model": "KS", "reason": "Part number \'71262-I6000\' already exists in Dies Master.", "part_name": "EXTN FR PILLAR UPR,RH", "row_number": 377, "part_number": "71262-I6000"}, {"model": "KS", "reason": "Part number \'71393-I6000\' already exists in Dies Master.", "part_name": "GUSSET SIDE SILL OTR NO.2,LH", "row_number": 378, "part_number": "71393-I6000"}, {"model": "YTB", "reason": "Part number \'62741-74U00 \' already exists in Dies Master.", "part_name": "BRACKET , FUEL TANK REAR , L", "row_number": 391, "part_number": "62741-74U00 "}, {"model": "2SJ/ 2SK", "reason": "Machine model \'2SJ/ 2SK\' not found. Please create it first.", "part_name": "STIFF C/MBR R FR SIDE", "row_number": 392, "part_number": "60818-TSAA-K003-50"}, {"model": "2SJ/ 2SK", "reason": "Machine model \'2SJ/ 2SK\' not found. Please create it first.", "part_name": "PATCH RR R,FR SIDE FRAME", "row_number": 394, "part_number": "60839-TSAA-K002-H1 (Blank)"}, {"model": "2SJ/ 2SK", "reason": "Machine model \'2SJ/ 2SK\' not found. Please create it first.", "part_name": "BHD RR L, FR SIDE FRM", "row_number": 395, "part_number": "60934-TSAA-K000-H1"}, {"model": "2SJ/ 2SK", "reason": "Machine model \'2SJ/ 2SK\' not found. Please create it first.", "part_name": "PATCH RR R,FR SIDE FRAME", "row_number": 398, "part_number": "60839-TSAA-K002-H1"}, {"model": "2SJ/ 2SK", "reason": "Machine model \'2SJ/ 2SK\' not found. Please create it first.", "part_name": "PLATE L, SIDE FRAME ", "row_number": 399, "part_number": "60944-TSAA-K002-H1"}, {"model": "2SJ/ 2SK", "reason": "Machine model \'2SJ/ 2SK\' not found. Please create it first.", "part_name": "BHD L, SIDE SILL", "row_number": 400, "part_number": "63624-TSA-K000-H1"}, {"model": "2SJ/ 2SK", "reason": "Machine model \'2SJ/ 2SK\' not found. Please create it first.", "part_name": "PLATE R, SIDE FRAME ", "row_number": 401, "part_number": "60844-TSAA-K002-H1"}, {"model": "2SJ/ 2SK", "reason": "Machine model \'2SJ/ 2SK\' not found. Please create it first.", "part_name": "BRKT R, FR SUB FRM FR", "row_number": 402, "part_number": "60837-TE7-K000-50"}, {"model": "2SJ/ 2SK", "reason": "Machine model \'2SJ/ 2SK\' not found. Please create it first.", "part_name": "BRKT L, FR SUB FRM FR", "row_number": 403, "part_number": "60937-TE7-K000-50"}, {"model": "2SJ/ 2SK", "reason": "Machine model \'2SJ/ 2SK\' not found. Please create it first.", "part_name": "BRKT R/L FR FENDER", "row_number": 404, "part_number": "60619/719-TSAA-K001-50"}, {"model": "2SJ/ 2SK", "reason": "Machine model \'2SJ/ 2SK\' not found. Please create it first.", "part_name": "STIFF L FR DPR EXTN", "row_number": 405, "part_number": "60755-TSAA-K000-H1"}, {"model": "2SJ/ 2SK", "reason": "Machine model \'2SJ/ 2SK\' not found. Please create it first.", "part_name": "STIFF R FR DPR EXTN", "row_number": 406, "part_number": "60655-TSAA-K005-H1"}, {"model": "2SJ/ 2SK", "reason": "Machine model \'2SJ/ 2SK\' not found. Please create it first.", "part_name": "STIFF R, UNDER LOAD PATH", "row_number": 411, "part_number": "60446-TSAA-K000-50"}, {"model": "2SJ/ 2SK", "reason": "Machine model \'2SJ/ 2SK\' not found. Please create it first.", "part_name": "STIFF R/ L, BHD SIDE MBR", "row_number": 412, "part_number": "60415/465-TG1-T000-H1"}, {"model": "2SJ/ 2SK", "reason": "Machine model \'2SJ/ 2SK\' not found. Please create it first.", "part_name": "STIFF L, UNDER LOAD PATH", "row_number": 413, "part_number": "60496-TSAA-K000-50"}, {"model": "2SJ", "reason": "Part number \'60945-TSAA-K002-H1\' already exists in Dies Master.", "part_name": "GUSSET L,FR SIDE FRAME", "row_number": 418, "part_number": "60945-TSAA-K002-H1"}, {"model": "2SJ/ 2SK", "reason": "Machine model \'2SJ/ 2SK\' not found. Please create it first.", "part_name": "PATCH RR L,FR SIDE FRAME", "row_number": 424, "part_number": "60939-TSAA-K002-H1"}, {"model": "231B", "reason": "Machine model \'231B\' not found. Please create it first.", "part_name": "ARM LUGUAGE COMPT DOOR HINGE ", "row_number": 425, "part_number": "64521-0D170 (OP 10)"}, {"model": "231B", "reason": "Machine model \'231B\' not found. Please create it first.", "part_name": "ARM LUGUAGE COMPT DOOR HINGE ", "row_number": 426, "part_number": "64521-0D170 (OP 20)"}]', NULL, 2, '2026-04-13 01:23:52', '2026-04-13 01:23:52'),
	(7, 'dies', 'Template_Dies_Master_2026-04-13.xlsx', 'success', 269, 51, 0, '[{"model": "KS Export", "reason": "Machine model \'KS Export\' not found. Please create it first.", "part_name": "REINF RR SEAT CROSS MBR SD", "row_number": 30, "part_number": "651E6-I6050"}, {"model": "2JX-LHD", "reason": "Machine model \'2JX-LHD\' not found. Please create it first.", "part_name": "GST R/L, RR PLR LWR", "row_number": 32, "part_number": "66114/164-T86-X000-50 (Auto)"}, {"model": "2JX-LHD", "reason": "Machine model \'2JX-LHD\' not found. Please create it first.", "part_name": "GST R/L, RR PLR LWR", "row_number": 37, "part_number": "66114/164-T86-X000-50 (Semi Auto)"}, {"model": "STEEL QX", "reason": "Machine model \'STEEL QX\' not found. Please create it first.", "part_name": "PANEL, DASH (RHD)", "row_number": 56, "part_number": "5240C305 "}, {"model": "KS Export", "reason": "Machine model \'KS Export\' not found. Please create it first.", "part_name": "PILLAR CTR INR, LH", "row_number": 87, "part_number": "71412-I6050"}, {"model": "KS Export", "reason": "Machine model \'KS Export\' not found. Please create it first.", "part_name": "PILLAR CTR INR, RH", "row_number": 88, "part_number": "71422-I6050"}, {"model": "2MD", "reason": "Machine model \'2MD\' not found. Please create it first.", "part_name": "STIFF R, FR PILLAR LWR", "row_number": 90, "part_number": "63131-TE7A-K000-50"}, {"model": "3K6A", "reason": "Part number \'63323-3K6-K000-50 (OP10-50)\' already exists in Dies Master.", "part_name": "ADPT R, RR COMBI", "row_number": 105, "part_number": "63323-3K6-K000-50 (OP10-50)"}, {"model": "3K6A", "reason": "Part number \'63323-3K6-K000-50 (OP60-70)\' already exists in Dies Master.", "part_name": "ADPT R, RR COMBI", "row_number": 107, "part_number": "63323-3K6-K000-50 (OP60-70)"}, {"model": "231B", "reason": "Machine model \'231B\' not found. Please create it first.", "part_name": "ARM LUGUAGE COMPT DOOR HINGE ", "row_number": 150, "part_number": "64521-0D170 (OP 10)"}, {"model": "231B", "reason": "Machine model \'231B\' not found. Please create it first.", "part_name": "ARM LUGUAGE COMPT DOOR HINGE ", "row_number": 151, "part_number": "64521-0D170 (OP 20)"}, {"model": "2SJ/ 2SK", "reason": "Machine model \'2SJ/ 2SK\' not found. Please create it first.", "part_name": "STIFF C/MBR R FR SIDE", "row_number": 206, "part_number": "60818-TSAA-K003-50"}, {"model": "2SJ/ 2SK", "reason": "Machine model \'2SJ/ 2SK\' not found. Please create it first.", "part_name": "PATCH RR R,FR SIDE FRAME", "row_number": 208, "part_number": "60839-TSAA-K002-H1 (Blank)"}, {"model": "2SJ/ 2SK", "reason": "Machine model \'2SJ/ 2SK\' not found. Please create it first.", "part_name": "BHD RR L, FR SIDE FRM", "row_number": 209, "part_number": "60934-TSAA-K000-H1"}, {"model": "2SJ/ 2SK", "reason": "Machine model \'2SJ/ 2SK\' not found. Please create it first.", "part_name": "PATCH RR R,FR SIDE FRAME", "row_number": 212, "part_number": "60839-TSAA-K002-H1"}, {"model": "2SJ/ 2SK", "reason": "Machine model \'2SJ/ 2SK\' not found. Please create it first.", "part_name": "PLATE L, SIDE FRAME ", "row_number": 213, "part_number": "60944-TSAA-K002-H1"}, {"model": "2SJ/ 2SK", "reason": "Machine model \'2SJ/ 2SK\' not found. Please create it first.", "part_name": "BHD L, SIDE SILL", "row_number": 214, "part_number": "63624-TSA-K000-H1"}, {"model": "2SJ/ 2SK", "reason": "Machine model \'2SJ/ 2SK\' not found. Please create it first.", "part_name": "PLATE R, SIDE FRAME ", "row_number": 215, "part_number": "60844-TSAA-K002-H1"}, {"model": "2SJ/ 2SK", "reason": "Machine model \'2SJ/ 2SK\' not found. Please create it first.", "part_name": "BRKT R, FR SUB FRM FR", "row_number": 216, "part_number": "60837-TE7-K000-50"}, {"model": "2SJ/ 2SK", "reason": "Machine model \'2SJ/ 2SK\' not found. Please create it first.", "part_name": "BRKT L, FR SUB FRM FR", "row_number": 217, "part_number": "60937-TE7-K000-50"}, {"model": "2SJ/ 2SK", "reason": "Machine model \'2SJ/ 2SK\' not found. Please create it first.", "part_name": "BRKT R/L FR FENDER", "row_number": 218, "part_number": "60619/719-TSAA-K001-50"}, {"model": "2SJ/ 2SK", "reason": "Machine model \'2SJ/ 2SK\' not found. Please create it first.", "part_name": "STIFF L FR DPR EXTN", "row_number": 219, "part_number": "60755-TSAA-K000-H1"}, {"model": "2SJ/ 2SK", "reason": "Machine model \'2SJ/ 2SK\' not found. Please create it first.", "part_name": "STIFF R FR DPR EXTN", "row_number": 220, "part_number": "60655-TSAA-K005-H1"}, {"model": "2SJ/ 2SK", "reason": "Machine model \'2SJ/ 2SK\' not found. Please create it first.", "part_name": "STIFF R, UNDER LOAD PATH", "row_number": 225, "part_number": "60446-TSAA-K000-50"}, {"model": "2SJ/ 2SK", "reason": "Machine model \'2SJ/ 2SK\' not found. Please create it first.", "part_name": "STIFF R/ L, BHD SIDE MBR", "row_number": 226, "part_number": "60415/465-TG1-T000-H1"}, {"model": "2SJ/ 2SK", "reason": "Machine model \'2SJ/ 2SK\' not found. Please create it first.", "part_name": "STIFF L, UNDER LOAD PATH", "row_number": 227, "part_number": "60496-TSAA-K000-50"}, {"model": "2SJ", "reason": "Part number \'60945-TSAA-K002-H1\' already exists in Dies Master.", "part_name": "GUSSET L,FR SIDE FRAME", "row_number": 232, "part_number": "60945-TSAA-K002-H1"}, {"model": "2SJ/ 2SK", "reason": "Machine model \'2SJ/ 2SK\' not found. Please create it first.", "part_name": "PATCH RR L,FR SIDE FRAME", "row_number": 238, "part_number": "60939-TSAA-K002-H1"}, {"model": "231B", "reason": "Machine model \'231B\' not found. Please create it first.", "part_name": "ARM LUGUAGE COMPT DOOR HINGE ", "row_number": 239, "part_number": "64521-0D170 (OP 10)"}, {"model": "231B", "reason": "Machine model \'231B\' not found. Please create it first.", "part_name": "ARM LUGUAGE COMPT DOOR HINGE ", "row_number": 240, "part_number": "64521-0D170 (OP 20)"}, {"model": "2SJ/ 2SK", "reason": "Machine model \'2SJ/ 2SK\' not found. Please create it first.", "part_name": "PLATE R/L,SIDE FRAME GST", "row_number": 297, "part_number": "60844/944-TSA-K000-H1 (Blank)"}, {"model": "2SJ/ 2SK", "reason": "Machine model \'2SJ/ 2SK\' not found. Please create it first.", "part_name": "PATCH R/L, FR HSG", "row_number": 298, "part_number": "60656/756-TSA-K000-H1 (Blank)"}, {"model": "2SJ/2SK", "reason": "Machine model \'2SJ/2SK\' not found. Please create it first.", "part_name": "BHD L, SIDE SILL", "row_number": 299, "part_number": "63624-TSAA-K001-H1(Blank)"}, {"model": "2SJ/ 2SK", "reason": "Machine model \'2SJ/ 2SK\' not found. Please create it first.", "part_name": "BRKT R/L,HEAD LT", "row_number": 300, "part_number": "60436/486-TSA-K000-50 (Blank)"}, {"model": "2SJ/ 2SK", "reason": "Machine model \'2SJ/ 2SK\' not found. Please create it first.", "part_name": "GUSSET R,FR SID\\nE FRAME", "row_number": 301, "part_number": "60845-TSAA-K000-H1 (Blank)"}, {"model": "2SJ/ 2SK", "reason": "Machine model \'2SJ/ 2SK\' not found. Please create it first.", "part_name": "BRKT R, FR SUB FRM FR", "row_number": 302, "part_number": "60837-TE7-K000-H2 (Blank)"}, {"model": "2SJ/ 2SK", "reason": "Machine model \'2SJ/ 2SK\' not found. Please create it first.", "part_name": "BRKT L, FR SUB FRM FR", "row_number": 303, "part_number": "60937-TE7-K000-H1 (Blank)"}, {"model": "2SK (Mex)", "reason": "Machine model \'2SK (Mex)\' not found. Please create it first.", "part_name": "STIFF R/L, UNDER LOAD PATH", "row_number": 304, "part_number": "60446/496-TSA-K000-50 (Blank)"}, {"model": "2SJ/ 2SK", "reason": "Machine model \'2SJ/ 2SK\' not found. Please create it first.", "part_name": "STIFF R/L, BHD SIDE MBR", "row_number": 305, "part_number": "60415/465-TSEY-000-H1 (Blank)"}, {"model": "2SJ/ 2SK", "reason": "Machine model \'2SJ/ 2SK\' not found. Please create it first.", "part_name": "PATCH RR R,FR SIDE FRAME", "row_number": 308, "part_number": "60839-TSA-K000-H1 (Blank)"}, {"model": "2SJ/ 2SK", "reason": "Machine model \'2SJ/ 2SK\' not found. Please create it first.", "part_name": "STIFF L FR DPR EXTN", "row_number": 309, "part_number": "60755-TSAA-K000-H1 (Blank)"}, {"model": "2SJ/ 2SK", "reason": "Machine model \'2SJ/ 2SK\' not found. Please create it first.", "part_name": "STIFF C/MBR R FR SIDE", "row_number": 310, "part_number": "60818-TSAA-K000-H1 (Blank)"}, {"model": "2SJ/ 2SK", "reason": "Machine model \'2SJ/ 2SK\' not found. Please create it first.", "part_name": "BRKT, BPR BEAM EXTN OUT", "row_number": 311, "part_number": "60842-TG1-T000-H1 (BLANK)"}, {"model": "2SJ/2SK", "reason": "Machine model \'2SJ/2SK\' not found. Please create it first.", "part_name": "BHD R, SIDE SILL", "row_number": 314, "part_number": "63224-TSAA-K001-H1 (Blank)"}, {"model": "2SJ/ 2SK", "reason": "Machine model \'2SJ/ 2SK\' not found. Please create it first.", "part_name": "PATCH RR L,FR SIDE FRAME", "row_number": 315, "part_number": "60939-TSA-K000-H1 (Blank)"}, {"model": "2SJ/ 2SK", "reason": "Machine model \'2SJ/ 2SK\' not found. Please create it first.", "part_name": "STIFF R FR DPR EXTN", "row_number": 316, "part_number": "60655-TSAA-K003-H1 (Blank)"}, {"model": "2SJ/ 2SK", "reason": "Machine model \'2SJ/ 2SK\' not found. Please create it first.", "part_name": "GUSSET L,FR SIDE FRAME", "row_number": 317, "part_number": "60945-TSAA-K002-H1 (Blank)"}, {"model": "2SJ/ 2SK", "reason": "Machine model \'2SJ/ 2SK\' not found. Please create it first.", "part_name": "BRKT R/L, FR BPR EXTN", "row_number": 318, "part_number": "60843/943-TF0-3000 (Blank)"}, {"model": "2SJ/ 2SK", "reason": "Machine model \'2SJ/ 2SK\' not found. Please create it first.", "part_name": "BHD RR L, FR SIDE FRM", "row_number": 319, "part_number": "60934-TSA-K000-H1 (Blank)"}, {"model": "2SJ/ 2SK", "reason": "Machine model \'2SJ/ 2SK\' not found. Please create it first.", "part_name": "BHD STIFF,ENG SIDE MTG", "row_number": 320, "part_number": "60833-TSA-K000-H1 (Blank Sheet)"}, {"model": "2SJ/ 2SK", "reason": "Machine model \'2SJ/ 2SK\' not found. Please create it first.", "part_name": "BRKT R/L, FR FENDER", "row_number": 321, "part_number": "60619/719-TSA-K000-50 (Blank)"}]', NULL, 2, '2026-04-13 01:45:52', '2026-04-13 01:45:52'),
	(8, 'dies', 'Template_Dies_Master_2026-04-13 (2).xlsx', 'success', 0, 51, 0, '[{"model": "KS Export", "reason": "Machine model \'KS Export\' not found. Please create it first.", "part_name": "REINF RR SEAT CROSS MBR SD", "row_number": 2, "part_number": "651E6-I6050"}, {"model": "2JX-LHD", "reason": "Machine model \'2JX-LHD\' not found. Please create it first.", "part_name": "GST R/L, RR PLR LWR", "row_number": 3, "part_number": "66114/164-T86-X000-50 (Auto)"}, {"model": "2JX-LHD", "reason": "Machine model \'2JX-LHD\' not found. Please create it first.", "part_name": "GST R/L, RR PLR LWR", "row_number": 4, "part_number": "66114/164-T86-X000-50 (Semi Auto)"}, {"model": "STEEL QX", "reason": "Machine model \'STEEL QX\' not found. Please create it first.", "part_name": "PANEL, DASH (RHD)", "row_number": 5, "part_number": "5240C305 "}, {"model": "KS Export", "reason": "Machine model \'KS Export\' not found. Please create it first.", "part_name": "PILLAR CTR INR, LH", "row_number": 6, "part_number": "71412-I6050"}, {"model": "KS Export", "reason": "Machine model \'KS Export\' not found. Please create it first.", "part_name": "PILLAR CTR INR, RH", "row_number": 7, "part_number": "71422-I6050"}, {"model": "2MD", "reason": "Machine model \'2MD\' not found. Please create it first.", "part_name": "STIFF R, FR PILLAR LWR", "row_number": 8, "part_number": "63131-TE7A-K000-50"}, {"model": "3K6A", "reason": "Part number \'63323-3K6-K000-50 (OP10-50)\' already exists in Dies Master.", "part_name": "ADPT R, RR COMBI", "row_number": 9, "part_number": "63323-3K6-K000-50 (OP10-50)"}, {"model": "3K6A", "reason": "Part number \'63323-3K6-K000-50 (OP60-70)\' already exists in Dies Master.", "part_name": "ADPT R, RR COMBI", "row_number": 10, "part_number": "63323-3K6-K000-50 (OP60-70)"}, {"model": "231B", "reason": "Machine model \'231B\' not found. Please create it first.", "part_name": "ARM LUGUAGE COMPT DOOR HINGE ", "row_number": 11, "part_number": "64521-0D170 (OP 10)"}, {"model": "231B", "reason": "Machine model \'231B\' not found. Please create it first.", "part_name": "ARM LUGUAGE COMPT DOOR HINGE ", "row_number": 12, "part_number": "64521-0D170 (OP 20)"}, {"model": "2SJ/ 2SK", "reason": "Part number \'60818-TSAA-K003-50\' already exists in Dies Master.", "part_name": "STIFF C/MBR R FR SIDE", "row_number": 13, "part_number": "60818-TSAA-K003-50"}, {"model": "2SJ/ 2SK", "reason": "Machine model \'2SJ/ 2SK\' not found. Please create it first.", "part_name": "PATCH RR R,FR SIDE FRAME", "row_number": 14, "part_number": "60839-TSAA-K002-H1 (Blank)"}, {"model": "2SJ/ 2SK", "reason": "Machine model \'2SJ/ 2SK\' not found. Please create it first.", "part_name": "BHD RR L, FR SIDE FRM", "row_number": 15, "part_number": "60934-TSAA-K000-H1"}, {"model": "2SJ/ 2SK", "reason": "Machine model \'2SJ/ 2SK\' not found. Please create it first.", "part_name": "PATCH RR R,FR SIDE FRAME", "row_number": 16, "part_number": "60839-TSAA-K002-H1"}, {"model": "2SJ/ 2SK", "reason": "Machine model \'2SJ/ 2SK\' not found. Please create it first.", "part_name": "PLATE L, SIDE FRAME ", "row_number": 17, "part_number": "60944-TSAA-K002-H1"}, {"model": "2SJ/ 2SK", "reason": "Machine model \'2SJ/ 2SK\' not found. Please create it first.", "part_name": "BHD L, SIDE SILL", "row_number": 18, "part_number": "63624-TSA-K000-H1"}, {"model": "2SJ/ 2SK", "reason": "Machine model \'2SJ/ 2SK\' not found. Please create it first.", "part_name": "PLATE R, SIDE FRAME ", "row_number": 19, "part_number": "60844-TSAA-K002-H1"}, {"model": "2SJ/ 2SK", "reason": "Machine model \'2SJ/ 2SK\' not found. Please create it first.", "part_name": "BRKT R, FR SUB FRM FR", "row_number": 20, "part_number": "60837-TE7-K000-50"}, {"model": "2SJ/ 2SK", "reason": "Machine model \'2SJ/ 2SK\' not found. Please create it first.", "part_name": "BRKT L, FR SUB FRM FR", "row_number": 21, "part_number": "60937-TE7-K000-50"}, {"model": "2SJ/ 2SK", "reason": "Machine model \'2SJ/ 2SK\' not found. Please create it first.", "part_name": "BRKT R/L FR FENDER", "row_number": 22, "part_number": "60619/719-TSAA-K001-50"}, {"model": "2SJ/ 2SK", "reason": "Machine model \'2SJ/ 2SK\' not found. Please create it first.", "part_name": "STIFF L FR DPR EXTN", "row_number": 23, "part_number": "60755-TSAA-K000-H1"}, {"model": "2SJ/ 2SK", "reason": "Machine model \'2SJ/ 2SK\' not found. Please create it first.", "part_name": "STIFF R FR DPR EXTN", "row_number": 24, "part_number": "60655-TSAA-K005-H1"}, {"model": "2SJ/ 2SK", "reason": "Machine model \'2SJ/ 2SK\' not found. Please create it first.", "part_name": "STIFF R, UNDER LOAD PATH", "row_number": 25, "part_number": "60446-TSAA-K000-50"}, {"model": "2SJ/ 2SK", "reason": "Machine model \'2SJ/ 2SK\' not found. Please create it first.", "part_name": "STIFF R/ L, BHD SIDE MBR", "row_number": 26, "part_number": "60415/465-TG1-T000-H1"}, {"model": "2SJ/ 2SK", "reason": "Machine model \'2SJ/ 2SK\' not found. Please create it first.", "part_name": "STIFF L, UNDER LOAD PATH", "row_number": 27, "part_number": "60496-TSAA-K000-50"}, {"model": "2SJ", "reason": "Part number \'60945-TSAA-K002-H1\' already exists in Dies Master.", "part_name": "GUSSET L,FR SIDE FRAME", "row_number": 28, "part_number": "60945-TSAA-K002-H1"}, {"model": "2SJ/ 2SK", "reason": "Machine model \'2SJ/ 2SK\' not found. Please create it first.", "part_name": "PATCH RR L,FR SIDE FRAME", "row_number": 29, "part_number": "60939-TSAA-K002-H1"}, {"model": "231B", "reason": "Machine model \'231B\' not found. Please create it first.", "part_name": "ARM LUGUAGE COMPT DOOR HINGE ", "row_number": 30, "part_number": "64521-0D170 (OP 10)"}, {"model": "231B", "reason": "Machine model \'231B\' not found. Please create it first.", "part_name": "ARM LUGUAGE COMPT DOOR HINGE ", "row_number": 31, "part_number": "64521-0D170 (OP 20)"}, {"model": "2SJ/ 2SK", "reason": "Machine model \'2SJ/ 2SK\' not found. Please create it first.", "part_name": "PLATE R/L,SIDE FRAME GST", "row_number": 32, "part_number": "60844/944-TSA-K000-H1 (Blank)"}, {"model": "2SJ/ 2SK", "reason": "Machine model \'2SJ/ 2SK\' not found. Please create it first.", "part_name": "PATCH R/L, FR HSG", "row_number": 33, "part_number": "60656/756-TSA-K000-H1 (Blank)"}, {"model": "2SJ/2SK", "reason": "Machine model \'2SJ/2SK\' not found. Please create it first.", "part_name": "BHD L, SIDE SILL", "row_number": 34, "part_number": "63624-TSAA-K001-H1(Blank)"}, {"model": "2SJ/ 2SK", "reason": "Machine model \'2SJ/ 2SK\' not found. Please create it first.", "part_name": "BRKT R/L,HEAD LT", "row_number": 35, "part_number": "60436/486-TSA-K000-50 (Blank)"}, {"model": "2SJ/ 2SK", "reason": "Machine model \'2SJ/ 2SK\' not found. Please create it first.", "part_name": "GUSSET R,FR SID\\nE FRAME", "row_number": 36, "part_number": "60845-TSAA-K000-H1 (Blank)"}, {"model": "2SJ/ 2SK", "reason": "Machine model \'2SJ/ 2SK\' not found. Please create it first.", "part_name": "BRKT R, FR SUB FRM FR", "row_number": 37, "part_number": "60837-TE7-K000-H2 (Blank)"}, {"model": "2SJ/ 2SK", "reason": "Machine model \'2SJ/ 2SK\' not found. Please create it first.", "part_name": "BRKT L, FR SUB FRM FR", "row_number": 38, "part_number": "60937-TE7-K000-H1 (Blank)"}, {"model": "2SK (Mex)", "reason": "Machine model \'2SK (Mex)\' not found. Please create it first.", "part_name": "STIFF R/L, UNDER LOAD PATH", "row_number": 39, "part_number": "60446/496-TSA-K000-50 (Blank)"}, {"model": "2SJ/ 2SK", "reason": "Machine model \'2SJ/ 2SK\' not found. Please create it first.", "part_name": "STIFF R/L, BHD SIDE MBR", "row_number": 40, "part_number": "60415/465-TSEY-000-H1 (Blank)"}, {"model": "2SJ/ 2SK", "reason": "Machine model \'2SJ/ 2SK\' not found. Please create it first.", "part_name": "PATCH RR R,FR SIDE FRAME", "row_number": 41, "part_number": "60839-TSA-K000-H1 (Blank)"}, {"model": "2SJ/ 2SK", "reason": "Machine model \'2SJ/ 2SK\' not found. Please create it first.", "part_name": "STIFF L FR DPR EXTN", "row_number": 42, "part_number": "60755-TSAA-K000-H1 (Blank)"}, {"model": "2SJ/ 2SK", "reason": "Machine model \'2SJ/ 2SK\' not found. Please create it first.", "part_name": "STIFF C/MBR R FR SIDE", "row_number": 43, "part_number": "60818-TSAA-K000-H1 (Blank)"}, {"model": "2SJ/ 2SK", "reason": "Machine model \'2SJ/ 2SK\' not found. Please create it first.", "part_name": "BRKT, BPR BEAM EXTN OUT", "row_number": 44, "part_number": "60842-TG1-T000-H1 (BLANK)"}, {"model": "2SJ/2SK", "reason": "Machine model \'2SJ/2SK\' not found. Please create it first.", "part_name": "BHD R, SIDE SILL", "row_number": 45, "part_number": "63224-TSAA-K001-H1 (Blank)"}, {"model": "2SJ/ 2SK", "reason": "Machine model \'2SJ/ 2SK\' not found. Please create it first.", "part_name": "PATCH RR L,FR SIDE FRAME", "row_number": 46, "part_number": "60939-TSA-K000-H1 (Blank)"}, {"model": "2SJ/ 2SK", "reason": "Machine model \'2SJ/ 2SK\' not found. Please create it first.", "part_name": "STIFF R FR DPR EXTN", "row_number": 47, "part_number": "60655-TSAA-K003-H1 (Blank)"}, {"model": "2SJ/ 2SK", "reason": "Machine model \'2SJ/ 2SK\' not found. Please create it first.", "part_name": "GUSSET L,FR SIDE FRAME", "row_number": 48, "part_number": "60945-TSAA-K002-H1 (Blank)"}, {"model": "2SJ/ 2SK", "reason": "Machine model \'2SJ/ 2SK\' not found. Please create it first.", "part_name": "BRKT R/L, FR BPR EXTN", "row_number": 49, "part_number": "60843/943-TF0-3000 (Blank)"}, {"model": "2SJ/ 2SK", "reason": "Machine model \'2SJ/ 2SK\' not found. Please create it first.", "part_name": "BHD RR L, FR SIDE FRM", "row_number": 50, "part_number": "60934-TSA-K000-H1 (Blank)"}, {"model": "2SJ/ 2SK", "reason": "Machine model \'2SJ/ 2SK\' not found. Please create it first.", "part_name": "BHD STIFF,ENG SIDE MTG", "row_number": 51, "part_number": "60833-TSA-K000-H1 (Blank Sheet)"}, {"model": "2SJ/ 2SK", "reason": "Machine model \'2SJ/ 2SK\' not found. Please create it first.", "part_name": "BRKT R/L, FR FENDER", "row_number": 52, "part_number": "60619/719-TSA-K000-50 (Blank)"}]', NULL, 2, '2026-04-13 01:56:32', '2026-04-13 01:56:32'),
	(9, 'dies', 'Template_Dies_Master_2026-04-13 (2).xlsx', 'success', 43, 8, 0, '[{"model": "231B", "reason": "Part number \'64521-0D170 (OP 10)\' already exists in Dies Master.", "part_name": "ARM LUGUAGE COMPT DOOR HINGE ", "row_number": 4, "part_number": "64521-0D170 (OP 10)"}, {"model": "231B", "reason": "Part number \'64521-0D170 (OP 20)\' already exists in Dies Master.", "part_name": "ARM LUGUAGE COMPT DOOR HINGE ", "row_number": 5, "part_number": "64521-0D170 (OP 20)"}, {"model": "2SJ", "reason": "Part number \'60945-TSAA-K002-H1\' already exists in Dies Master.", "part_name": "GUSSET L,FR SIDE FRAME", "row_number": 9, "part_number": "60945-TSAA-K002-H1"}, {"model": "2SJ/ 2SK", "reason": "Part number \'60818-TSAA-K003-50\' already exists in Dies Master.", "part_name": "STIFF C/MBR R FR SIDE", "row_number": 10, "part_number": "60818-TSAA-K003-50"}, {"model": "2SJ/2SK", "reason": "Machine model \'2SJ/2SK\' not found. Please create it first.", "part_name": "BHD L, SIDE SILL", "row_number": 44, "part_number": "63624-TSAA-K001-H1(Blank)"}, {"model": "2SJ/2SK", "reason": "Machine model \'2SJ/2SK\' not found. Please create it first.", "part_name": "BHD R, SIDE SILL", "row_number": 45, "part_number": "63224-TSAA-K001-H1 (Blank)"}, {"model": "3K6A", "reason": "Part number \'63323-3K6-K000-50 (OP10-50)\' already exists in Dies Master.", "part_name": "ADPT R, RR COMBI", "row_number": 47, "part_number": "63323-3K6-K000-50 (OP10-50)"}, {"model": "3K6A", "reason": "Part number \'63323-3K6-K000-50 (OP60-70)\' already exists in Dies Master.", "part_name": "ADPT R, RR COMBI", "row_number": 48, "part_number": "63323-3K6-K000-50 (OP60-70)"}]', NULL, 2, '2026-04-13 03:16:49', '2026-04-13 03:16:49'),
	(10, 'dies', 'Template_Dies_Master_2026-04-13 (3).xlsx', 'success', 2, 0, 0, NULL, NULL, 2, '2026-04-13 03:41:28', '2026-04-13 03:41:28'),
	(11, 'production', 'Template_Act_Prod_2026-04-14.xlsx', 'success', 1, 0, 0, NULL, NULL, 7, '2026-04-14 09:51:31', '2026-04-14 09:51:31'),
	(12, 'production', 'Template_Act_Prod_2026-04-14(1).xlsx', 'success', 31, 2, 0, '[{"date": "13-Apr-2026", "output": 572, "reason": "You cannot double input on the same date (date: 13-Apr-2026)", "part_name": "R/L RNFCT CTR PLR STIFF TG2", "row_number": 19, "part_number": "63212/612 (Blank Sheet)"}, {"date": 46125, "output": 530, "reason": "Part number \'T/O 77697-VT010-00 emboss\' not found in Dies Master", "part_name": "INSULATOR, FUEL TANK HEAT NO. 1", "row_number": 34, "part_number": "T/O 77697-VT010-00 emboss"}]', NULL, 3, '2026-04-14 09:53:39', '2026-04-14 09:53:39'),
	(13, 'production', 'Template_Act_Prod_2026-04-14 (1)ss.xlsx', 'failed', 0, 0, 0, NULL, 'SQLSTATE[42S22]: Column not found: 1054 Unknown column \'dies_size\' in \'where clause\' (Connection: mysql, SQL: select * from `dies` where LEFT(TRIM(part_number), 5) = 60756 and LOWER(TRIM(part_name)) = patch l, fr hsg and `customer_id` = 3 and (LOWER(TRIM(COALESCE(model, ""))) = progressive or LOWER(TRIM(COALESCE(dies_size, ""))) = progressive or exists (select * from `machine_models` where `dies`.`machine_model_id` = `machine_models`.`id` and (LOWER(TRIM(COALESCE(code, ""))) = progressive or LOWER(TRIM(COALESCE(name, ""))) = progressive))))', 1, '2026-04-14 10:55:52', '2026-04-14 10:55:52'),
	(14, 'production', 'Template_Act_Prod_2026-04-14 (1)ss.xlsx', 'success', 2, 0, 0, NULL, NULL, 1, '2026-04-14 11:01:05', '2026-04-14 11:01:05'),
	(15, 'dies', 'Template_Dies_Master_Tambahan.xlsx', 'success', 0, 1, 0, '[{"model": "KS", "reason": "Part number \'65122-I6050 (CC) \' already exists in Dies Master.", "part_name": "PNL-CTR FLOOR SIDE,RH", "row_number": 2, "part_number": "65122-I6050 (CC) "}]', NULL, 1, '2026-04-15 01:59:00', '2026-04-15 01:59:00');

-- Dumping structure for table ppm_dies_monitoring_april.jobs
CREATE TABLE IF NOT EXISTS `jobs` (
  `id` bigint unsigned NOT NULL AUTO_INCREMENT,
  `queue` varchar(255) CHARACTER SET utf8mb4 COLLATE utf8mb4_unicode_ci NOT NULL,
  `payload` longtext CHARACTER SET utf8mb4 COLLATE utf8mb4_unicode_ci NOT NULL,
  `attempts` tinyint unsigned NOT NULL,
  `reserved_at` int unsigned DEFAULT NULL,
  `available_at` int unsigned NOT NULL,
  `created_at` int unsigned NOT NULL,
  PRIMARY KEY (`id`),
  KEY `jobs_queue_index` (`queue`)
) ENGINE=InnoDB DEFAULT CHARSET=utf8mb4 COLLATE=utf8mb4_unicode_ci;

-- Dumping data for table ppm_dies_monitoring_april.jobs: ~0 rows (approximately)
DELETE FROM `jobs`;

-- Dumping structure for table ppm_dies_monitoring_april.job_batches
CREATE TABLE IF NOT EXISTS `job_batches` (
  `id` varchar(255) CHARACTER SET utf8mb4 COLLATE utf8mb4_unicode_ci NOT NULL,
  `name` varchar(255) CHARACTER SET utf8mb4 COLLATE utf8mb4_unicode_ci NOT NULL,
  `total_jobs` int NOT NULL,
  `pending_jobs` int NOT NULL,
  `failed_jobs` int NOT NULL,
  `failed_job_ids` longtext CHARACTER SET utf8mb4 COLLATE utf8mb4_unicode_ci NOT NULL,
  `options` mediumtext CHARACTER SET utf8mb4 COLLATE utf8mb4_unicode_ci,
  `cancelled_at` int DEFAULT NULL,
  `created_at` int NOT NULL,
  `finished_at` int DEFAULT NULL,
  PRIMARY KEY (`id`)
) ENGINE=InnoDB DEFAULT CHARSET=utf8mb4 COLLATE=utf8mb4_unicode_ci;

-- Dumping data for table ppm_dies_monitoring_april.job_batches: ~0 rows (approximately)
DELETE FROM `job_batches`;

-- Dumping structure for table ppm_dies_monitoring_april.machine_models
CREATE TABLE IF NOT EXISTS `machine_models` (
  `id` bigint unsigned NOT NULL AUTO_INCREMENT,
  `code` varchar(30) CHARACTER SET utf8mb4 COLLATE utf8mb4_unicode_ci NOT NULL,
  `name` varchar(100) CHARACTER SET utf8mb4 COLLATE utf8mb4_unicode_ci NOT NULL,
  `tonnage_standard_id` bigint unsigned NOT NULL,
  `description` text CHARACTER SET utf8mb4 COLLATE utf8mb4_unicode_ci,
  `is_active` tinyint(1) NOT NULL DEFAULT '1',
  `created_at` timestamp NULL DEFAULT NULL,
  `updated_at` timestamp NULL DEFAULT NULL,
  PRIMARY KEY (`id`),
  UNIQUE KEY `machine_models_code_unique` (`code`),
  KEY `machine_models_tonnage_standard_id_index` (`tonnage_standard_id`),
  CONSTRAINT `machine_models_tonnage_standard_id_foreign` FOREIGN KEY (`tonnage_standard_id`) REFERENCES `tonnage_standards` (`id`)
) ENGINE=InnoDB AUTO_INCREMENT=36 DEFAULT CHARSET=utf8mb4 COLLATE=utf8mb4_unicode_ci;

-- Dumping data for table ppm_dies_monitoring_april.machine_models: ~35 rows (approximately)
DELETE FROM `machine_models`;
INSERT INTO `machine_models` (`id`, `code`, `name`, `tonnage_standard_id`, `description`, `is_active`, `created_at`, `updated_at`) VALUES
	(1, 'KS', 'KS Series (Grade B)', 5, NULL, 1, '2026-01-21 10:41:16', '2026-01-21 10:41:16'),
	(2, '4L45W', '4L45W Series', 5, NULL, 1, '2026-01-21 10:41:16', '2026-01-21 10:41:16'),
	(3, '2SJ', '2SJ', 4, NULL, 1, '2026-01-21 10:41:16', '2026-04-13 03:09:39'),
	(4, '2SK', '2SK Series', 3, NULL, 1, '2026-01-21 10:41:16', '2026-01-21 10:41:16'),
	(5, 'T64', 'T64 Series', 3, NULL, 1, '2026-01-21 10:41:16', '2026-01-21 10:41:16'),
	(6, 'YHA', 'YHA Series', 4, NULL, 1, '2026-01-21 10:41:16', '2026-01-21 10:41:16'),
	(7, '2JX', '2JX (LHD) Series', 4, NULL, 1, '2026-01-21 10:41:16', '2026-01-21 10:41:16'),
	(8, '560B', '560B Series', 5, NULL, 1, '2026-01-21 10:41:16', '2026-01-21 10:41:16'),
	(9, '20QX', '20QX Series', 5, NULL, 1, '2026-03-03 20:59:46', '2026-03-03 20:59:46'),
	(10, 'RNE', 'RNE Series', 5, NULL, 1, '2026-03-03 20:59:46', '2026-03-03 20:59:46'),
	(11, '5H45', '5H45 Series', 5, NULL, 1, '2026-03-03 20:59:46', '2026-03-03 20:59:46'),
	(12, '3K6A', '3K6A', 4, NULL, 1, '2026-03-03 20:59:46', '2026-04-13 03:03:37'),
	(13, '2GN', '2GN Series', 5, NULL, 1, '2026-03-03 20:59:46', '2026-03-03 20:59:46'),
	(14, 'OX', 'OX Series', 1, NULL, 1, '2026-03-03 21:11:02', '2026-03-03 21:11:02'),
	(15, '2VF', '2VF Series', 1, NULL, 1, '2026-03-03 21:11:02', '2026-03-03 21:11:02'),
	(16, 'Y4L', 'Y4L Series', 4, NULL, 1, '2026-03-03 21:30:08', '2026-03-03 21:30:08'),
	(17, 'YTB', 'YTB Series', 4, NULL, 1, '2026-03-03 21:30:08', '2026-03-03 21:30:08'),
	(18, '3M0A', '3M0A Series', 4, NULL, 1, '2026-03-03 21:30:08', '2026-03-03 21:30:08'),
	(19, '5H45 (RV)', '5H45 RV Series', 5, NULL, 1, '2026-03-16 01:56:31', '2026-03-16 01:56:31'),
	(20, '5H45 (RX)', '5H45 RX Series', 5, NULL, 1, '2026-03-16 01:56:31', '2026-03-16 01:56:31'),
	(21, '5H45 (RVE)', '5H45 RVE Series', 5, NULL, 1, '2026-03-16 01:56:31', '2026-03-16 01:56:31'),
	(22, 'QX', 'QX Series', 1, NULL, 1, '2026-03-16 01:56:31', '2026-03-16 01:56:31'),
	(23, '2JX (T86A)', '2JX T86A Series', 4, NULL, 1, '2026-03-16 01:56:31', '2026-03-16 01:56:31'),
	(24, '2JX (T86A & 3K6A)', '2JX T86A & 3K6A Series', 4, NULL, 1, '2026-03-16 01:56:31', '2026-03-16 01:56:31'),
	(25, '2GN (3N1A)', '2GN 3N1A Series', 4, NULL, 1, '2026-03-16 01:56:32', '2026-03-16 01:56:32'),
	(26, '2JX (LHD)', '2JX LHD Series', 4, NULL, 1, '2026-03-16 01:56:32', '2026-03-16 01:56:32'),
	(27, '2JX (3K6A)', '2JX 3K6A Series', 4, NULL, 1, '2026-03-16 01:56:32', '2026-03-16 01:56:32'),
	(28, 'KS EXPORT', 'KS Export', 5, NULL, 1, '2026-04-13 02:49:43', '2026-04-13 02:49:43'),
	(29, '2JX-LHD', '2JX-LHD', 5, NULL, 1, '2026-04-13 02:50:45', '2026-04-13 02:50:45'),
	(30, '231B', '231B', 4, NULL, 1, '2026-04-13 02:51:50', '2026-04-13 02:51:50'),
	(31, '2MD', '2MD', 1, NULL, 1, '2026-04-13 02:52:11', '2026-04-13 02:52:11'),
	(32, '2SJ/ 2SK', '2SJ/ 2SK', 4, NULL, 1, '2026-04-13 02:58:51', '2026-04-13 02:58:51'),
	(33, '2SJ/ 2SK (PROGRESSIVE)', '2SJ/ 2SK (Progressive)', 3, NULL, 1, '2026-04-13 03:00:19', '2026-04-13 03:00:19'),
	(34, '2SK (MEX)', '2SK (Mex)', 3, NULL, 1, '2026-04-13 03:01:19', '2026-04-13 03:01:19'),
	(35, 'STEEL QX', 'STEEL QX', 1, NULL, 1, '2026-04-13 03:08:28', '2026-04-13 03:08:28');

-- Dumping structure for table ppm_dies_monitoring_april.migrations
CREATE TABLE IF NOT EXISTS `migrations` (
  `id` int unsigned NOT NULL AUTO_INCREMENT,
  `migration` varchar(255) CHARACTER SET utf8mb4 COLLATE utf8mb4_unicode_ci NOT NULL,
  `batch` int NOT NULL,
  PRIMARY KEY (`id`)
) ENGINE=InnoDB AUTO_INCREMENT=38 DEFAULT CHARSET=utf8mb4 COLLATE=utf8mb4_unicode_ci;

-- Dumping data for table ppm_dies_monitoring_april.migrations: ~29 rows (approximately)
DELETE FROM `migrations`;
INSERT INTO `migrations` (`id`, `migration`, `batch`) VALUES
	(1, '0001_01_01_000000_create_users_table', 1),
	(2, '0001_01_01_000001_create_cache_table', 1),
	(3, '0001_01_01_000002_create_jobs_table', 1),
	(4, '2026_01_21_085400_create_customers_table', 1),
	(5, '2026_01_21_085400_create_machine_models_table', 1),
	(6, '2026_01_21_085400_create_tonnage_standards_table', 1),
	(7, '2026_01_21_085401_create_dies_table', 1),
	(8, '2026_01_21_085401_create_ppm_schedules_table', 1),
	(9, '2026_01_21_085401_create_production_logs_table', 1),
	(10, '2026_01_21_085402_add_machine_models_tonnage_standard_fk', 1),
	(11, '2026_01_21_085407_create_ppm_histories_table', 1),
	(12, '2026_01_22_100000_add_role_and_photo_to_users_table', 2),
	(13, '2026_01_28_073733_update_dies_table_fields', 3),
	(14, '2026_01_28_100000_add_ppm_alert_status_to_dies_table', 4),
	(15, '2026_01_28_120000_add_model_qty_die_to_production_logs_table', 5),
	(16, '2026_01_28_130000_remove_qty_die_from_production_logs_table', 6),
	(17, '2026_01_29_064725_create_notifications_table', 7),
	(18, '2026_02_01_100000_add_ppm_tracking_to_dies_table', 8),
	(19, '2026_02_01_100001_add_ppm_number_to_ppm_histories_table', 9),
	(20, '2026_02_16_100000_add_ppic_prod_features_to_dies_table', 10),
	(21, '2026_02_23_100000_create_special_dies_repairs_table', 11),
	(22, '2026_02_23_100001_add_ppm_timeline_and_group_to_dies_table', 11),
	(23, '2026_02_23_065641_add_schedule_dates_to_dies_table', 12),
	(24, '2026_02_23_065649_add_schedule_dates_to_dies_table', 12),
	(25, '2026_02_23_072947_add_created_by_to_ppm_schedules_table', 13),
	(26, '2026_02_25_100000_add_process_type_and_checklist_to_dies_and_ppm_histories', 14),
	(27, '2026_03_09_011648_add_nik_to_users_table', 15),
	(28, '2026_02_26_100000_add_is_4lot_check_to_dies_table', 16),
	(29, '2026_03_12_100000_create_die_processes_table', 17),
	(30, '2026_03_12_100001_create_user_messages_table', 17),
	(31, '2026_03_12_100002_add_schedule_remarks_to_dies_table', 17),
	(32, '2026_03_31_100000_create_import_logs_table', 18),
	(33, '2026_04_10_100000_add_accumulate_related_parts_to_dies_table', 19),
	(34, '2026_04_14_105715_add_dies_size_to_dies_table', 20),
	(35, '2026_04_14_112341_migrate_line_to_dies_size', 21),
	(36, '2026_04_14_113137_clear_dies_size_column', 22),
	(37, '2026_04_15_101500_expand_die_group_length_on_dies_table', 23);

-- Dumping structure for table ppm_dies_monitoring_april.notifications
CREATE TABLE IF NOT EXISTS `notifications` (
  `id` char(36) CHARACTER SET utf8mb4 COLLATE utf8mb4_unicode_ci NOT NULL,
  `type` varchar(255) CHARACTER SET utf8mb4 COLLATE utf8mb4_unicode_ci NOT NULL,
  `notifiable_type` varchar(255) CHARACTER SET utf8mb4 COLLATE utf8mb4_unicode_ci NOT NULL,
  `notifiable_id` bigint unsigned NOT NULL,
  `data` text CHARACTER SET utf8mb4 COLLATE utf8mb4_unicode_ci NOT NULL,
  `read_at` timestamp NULL DEFAULT NULL,
  `created_at` timestamp NULL DEFAULT NULL,
  `updated_at` timestamp NULL DEFAULT NULL,
  PRIMARY KEY (`id`),
  KEY `notifications_notifiable_type_notifiable_id_index` (`notifiable_type`,`notifiable_id`)
) ENGINE=InnoDB DEFAULT CHARSET=utf8mb4 COLLATE=utf8mb4_unicode_ci;

-- Dumping data for table ppm_dies_monitoring_april.notifications: ~24 rows (approximately)
DELETE FROM `notifications`;
INSERT INTO `notifications` (`id`, `type`, `notifiable_type`, `notifiable_id`, `data`, `read_at`, `created_at`, `updated_at`) VALUES
	('00e15f70-02c1-4fa8-8f9c-b9f221762c04', 'App\\Notifications\\PpmWorkflowNotification', 'App\\Models\\User', 1, '{"type":"ppm_scheduled","die_id":"ZXlKcGRpSTZJalIzZEVkSWNUQlZjRUp3Y1ZaeVJpdFJiemRpUmxFOVBTSXNJblpoYkhWbElqb2lWWFpwVUhNNUwzZDJTbWhqTUROUFoyUm5ZeXN4UVQwOUlpd2liV0ZqSWpvaU16ZzVNR1ZsWkRreE5UY3dORGM0TURkaE1XVmtaRE5pTjJOaE9EQmlPVEEyT1dZMFpUZzBZell5WXpRMk1UZGpaRFU0TVRNeE1XWXhPVEpoWW1Kall5SXNJblJoWnlJNklpSjk=","part_number":"63131-TG4-U000-50","part_name":"STIFF R, FR PILLAR LWR","customer":"UPIN","actor":"Rydha Ramlan Gunawan","event":"ppm_scheduled","message":"\\ud83d\\uddd3\\ufe0f MTN Dies created PPM Schedule for 63131-TG4-U000-50 (STIFF R, FR PILLAR LWR) \\u2014 2026-04-14 by Rydha Ramlan Gunawan","icon":"fa-calendar-alt","color":"blue"}', NULL, '2026-04-14 09:40:52', '2026-04-14 09:40:52'),
	('0583f788-acd7-4537-827b-02f3a20f8e6c', 'App\\Notifications\\PpmWorkflowNotification', 'App\\Models\\User', 2, '{"type":"schedule_approved","die_id":"ZXlKcGRpSTZJa2hNTTJsMlpGRk5Sek51Ums1Q2FrUlFhbGhFZFdjOVBTSXNJblpoYkhWbElqb2lXWG8xV2xseVZHRndiMjkwYTB0WVVXNDBReko0ZHowOUlpd2liV0ZqSWpvaVl6WXpNemxoWTJaaE5UVmlabUpoT1RJek9EWTJOell4Tm1NMVlUTXhOV1V5WVdNMlptTTFaV0kyTXpRMlpXUTBZbUV6TVdJMFpHUmhaR0ZsTVRFMllTSXNJblJoWnlJNklpSjk=","part_number":"63131-TG4-U000-50","part_name":"STIFF R, FR PILLAR LWR","customer":"UPIN","actor":"Sakti Oktaviani","event":"schedule_approved","message":"\\u2705 PPIC approved PPM Schedule for 63131-TG4-U000-50 (STIFF R, FR PILLAR LWR) by Sakti Oktaviani","icon":"fa-check-double","color":"cyan"}', NULL, '2026-04-16 01:19:07', '2026-04-16 01:19:07'),
	('0d55131c-a482-4a54-8e13-53015703478f', 'App\\Notifications\\PpmWorkflowNotification', 'App\\Models\\User', 4, '{"type":"ppm_scheduled","die_id":"ZXlKcGRpSTZJblVyWjJwUVlrMTNZVUpUWTJaYVoyWlRjRTlrWlVFOVBTSXNJblpoYkhWbElqb2lTWE00Ym5adlRFMVRVV1pYWlhVeWREVmpTWGsyUVQwOUlpd2liV0ZqSWpvaU9USmtNVGRoTW1aak5Ea3lOekl5TWpWbU16SXdNamRsT0RFM1pqTmhZekEzWm1Wa1lXRmtNak0wTVdFeU5qazVORFEzTnpsaU1qa3dZakk1WmpFd09TSXNJblJoWnlJNklpSjk=","part_number":"63131-TG4-U000-50","part_name":"STIFF R, FR PILLAR LWR","customer":"UPIN","actor":"Rydha Ramlan Gunawan","event":"ppm_scheduled","message":"\\ud83d\\uddd3\\ufe0f MTN Dies created PPM Schedule for 63131-TG4-U000-50 (STIFF R, FR PILLAR LWR) \\u2014 2026-04-15 by Rydha Ramlan Gunawan","icon":"fa-calendar-alt","color":"blue"}', NULL, '2026-04-14 09:43:53', '2026-04-14 09:43:53'),
	('25936456-a4ea-45ed-98a2-0b4508b1b5d7', 'App\\Notifications\\PpmWorkflowNotification', 'App\\Models\\User', 1, '{"type":"schedule_approved","die_id":"ZXlKcGRpSTZJbEJvWmtKNVVXVllXbTRyV0dKSVpVcFhUbFp6VDNjOVBTSXNJblpoYkhWbElqb2ljMGhEU1dkeE5YSmlOMDVGWVhCTlFpOVBiVEpTWnowOUlpd2liV0ZqSWpvaU9HSmtNak0yTWpFM05UWTBNREk0TXpReVkyVm1aamt3T1RWa1pUVTVNemMyTTJRMVlqTTNZMlZoWTJRNFptUm1aVEk1TldSaU5tUmpORE5pWlRSaU55SXNJblJoWnlJNklpSjk=","part_number":"63131-TG4-U000-50","part_name":"STIFF R, FR PILLAR LWR","customer":"UPIN","actor":"Sakti Oktaviani","event":"schedule_approved","message":"\\u2705 PPIC approved PPM Schedule for 63131-TG4-U000-50 (STIFF R, FR PILLAR LWR) by Sakti Oktaviani","icon":"fa-check-double","color":"cyan"}', NULL, '2026-04-16 01:19:07', '2026-04-16 01:19:07'),
	('3320c918-dd11-4fc6-9c2b-ff1d8bd56a06', 'App\\Notifications\\PpmWorkflowNotification', 'App\\Models\\User', 8, '{"type":"lot_date_set","die_id":"ZXlKcGRpSTZJaTlHY0hwTWVrZGxlbWxRV0RRd1NtVmxTM0pNTkhjOVBTSXNJblpoYkhWbElqb2lhbUpzZFdodFYzSm1lV1ZIU1RjM1NHNW1WR0ZEUVQwOUlpd2liV0ZqSWpvaU4yRmtPREV4T0RGbVptWTFNR1l4WlRSbU5UUmxaakUxTkRCbU1XVTRPV1V5T1RFek4yVmxaR0ZsTmpsaU5HRmhOakUwTUdNeVpqQmhOVE00TkdVek1pSXNJblJoWnlJNklpSjk=","part_number":"63131-TG4-U000-50","part_name":"STIFF R, FR PILLAR LWR","customer":"UPIN","actor":"Sakti Oktaviani","event":"lot_date_set","message":"\\ud83d\\udcc5 PPIC set Last LOT Date for 63131-TG4-U000-50 (STIFF R, FR PILLAR LWR) \\u2014 Date: 2026-04-07 by Sakti Oktaviani","icon":"fa-calendar-check","color":"purple"}', NULL, '2026-04-14 02:55:18', '2026-04-14 02:55:18'),
	('3f3ba288-8669-4922-adad-47e6c10ec276', 'App\\Notifications\\PpmWorkflowNotification', 'App\\Models\\User', 4, '{"type":"transferred_to_mtn","die_id":"ZXlKcGRpSTZJbnBEYUVKTVlpOUlMM0FyYVdKQmFGQkxOWGhyTDNjOVBTSXNJblpoYkhWbElqb2lVMnMxUzNaQ0wwUmtkR3hVU0ZSbk9YTnpXSFpWUVQwOUlpd2liV0ZqSWpvaVl6WmtaVFU1TW1Rek5UWXlNREppTURRNU1EQXhOR1pqTkRRNVlUUXdOR0kxWkRnMU16UmxZVFk1WkRVd05HTmlaREV6TUdKaE5UazNPV1F4TnpVMk55SXNJblJoWnlJNklpSjk=","part_number":"63131-TG4-U000-50","part_name":"STIFF R, FR PILLAR LWR","customer":"UPIN","actor":"Indriani","event":"transferred_to_mtn","message":"\\ud83d\\ude9a Dies transferred to MTN Dies: 63131-TG4-U000-50 (STIFF R, FR PILLAR LWR) by Indriani","icon":"fa-truck","color":"orange"}', NULL, '2026-04-16 01:20:18', '2026-04-16 01:20:18'),
	('412750b8-1b0f-41a7-8c7b-e02f5080e021', 'App\\Notifications\\PpmWorkflowNotification', 'App\\Models\\User', 5, '{"type":"schedule_approved","die_id":"ZXlKcGRpSTZJbGxyTTBOR1FrRnFWRWRtZVdGdFV6QktiVnB5VkdjOVBTSXNJblpoYkhWbElqb2ljMlpMUVM5T01HMTJTSFFyZGpoS1ZuRTRlVWg1VVQwOUlpd2liV0ZqSWpvaU1EWm1OakpsWmpOa056STFNVGsxTW1Rd05UTmhZelpoWmpZNFpqbGlPREV4WTJWbFpqQXdNV0ppWkRjMk9UZGpNelkyTVdVMVpUUTBZVFEyTVRjd01pSXNJblJoWnlJNklpSjk=","part_number":"63131-TG4-U000-50","part_name":"STIFF R, FR PILLAR LWR","customer":"UPIN","actor":"Sakti Oktaviani","event":"schedule_approved","message":"\\u2705 PPIC approved PPM Schedule for 63131-TG4-U000-50 (STIFF R, FR PILLAR LWR) by Sakti Oktaviani","icon":"fa-check-double","color":"cyan"}', NULL, '2026-04-16 01:19:07', '2026-04-16 01:19:07'),
	('4afc8767-88cb-4540-a993-8ba182cffce8', 'App\\Notifications\\PpmWorkflowNotification', 'App\\Models\\User', 7, '{"type":"ppm_scheduled","die_id":"ZXlKcGRpSTZJbEZvZW5velpIa3dhbUpUTW1kdU5rOXJSWFpMT0djOVBTSXNJblpoYkhWbElqb2ljelJ1VEUwMFdqVnNWbTV0UVZWUU0ydG5TbVJvZHowOUlpd2liV0ZqSWpvaU5USmlNak5pTnpjMllXVXhNR1V3WkROaVl6WmtORFZtT0RRMU0yWXdPR00yTnpBMlpEWTBZalV4TURZMVpUSmtNbVEwTm1ZeU4yTXhNVFV4TVRNNE1pSXNJblJoWnlJNklpSjk=","part_number":"63131-TG4-U000-50","part_name":"STIFF R, FR PILLAR LWR","customer":"UPIN","actor":"Rydha Ramlan Gunawan","event":"ppm_scheduled","message":"\\ud83d\\uddd3\\ufe0f MTN Dies created PPM Schedule for 63131-TG4-U000-50 (STIFF R, FR PILLAR LWR) \\u2014 2026-04-14 by Rydha Ramlan Gunawan","icon":"fa-calendar-alt","color":"blue"}', NULL, '2026-04-14 09:40:52', '2026-04-14 09:40:52'),
	('4c5e5442-8427-4630-ba08-5abff65096bf', 'App\\Notifications\\PpmWorkflowNotification', 'App\\Models\\User', 5, '{"type":"transferred_to_mtn","die_id":"ZXlKcGRpSTZJbmxtWW1SdlkyTTRTMHhXS3pReVRFbENUbEpHZVhjOVBTSXNJblpoYkhWbElqb2lUR3hoVVdaRlYycFFVRGxTZW0xcFpHZFpjRGx1UVQwOUlpd2liV0ZqSWpvaU1qVTJOREF4WkRNNVpUUTVNVFpoT0RJM05UUXhaRGhoT1dFd1kyRm1OamMyWVdFeE16ZGxNelJsT0dabFpHTmtNVEJqWXpGbE5qQmtaamN3TldVeE55SXNJblJoWnlJNklpSjk=","part_number":"63131-TG4-U000-50","part_name":"STIFF R, FR PILLAR LWR","customer":"UPIN","actor":"Indriani","event":"transferred_to_mtn","message":"\\ud83d\\ude9a Dies transferred to MTN Dies: 63131-TG4-U000-50 (STIFF R, FR PILLAR LWR) by Indriani","icon":"fa-truck","color":"orange"}', NULL, '2026-04-16 01:20:18', '2026-04-16 01:20:18'),
	('4e5861d5-3c90-46dd-ac77-9cdffbcfc460', 'App\\Notifications\\PpmWorkflowNotification', 'App\\Models\\User', 9, '{"type":"ppm_scheduled","die_id":"ZXlKcGRpSTZJa3RuTURacVRFaFRhSE5MV0hOVGNHUlZWWFZSY21jOVBTSXNJblpoYkhWbElqb2labGxyTmk5Q00wWldaalkxY1N0SUx6UnBjazF2ZHowOUlpd2liV0ZqSWpvaU5UTm1OVE5oWkRSa1kyWTVPR1U0WVdKaE5EbGlPV0V6T1RZNE9XVTROell6WVRobVltSTNNV0ZpT1ROaE5UaG1Oek5sWlRWbFlqSTRaalkyTURoa1l5SXNJblJoWnlJNklpSjk=","part_number":"63131-TG4-U000-50","part_name":"STIFF R, FR PILLAR LWR","customer":"UPIN","actor":"Rydha Ramlan Gunawan","event":"ppm_scheduled","message":"\\ud83d\\uddd3\\ufe0f MTN Dies created PPM Schedule for 63131-TG4-U000-50 (STIFF R, FR PILLAR LWR) \\u2014 2026-04-14 by Rydha Ramlan Gunawan","icon":"fa-calendar-alt","color":"blue"}', NULL, '2026-04-14 09:40:52', '2026-04-14 09:40:52'),
	('4f29330a-c81a-40e3-ae56-8b0aeb37e21f', 'App\\Notifications\\PpmWorkflowNotification', 'App\\Models\\User', 2, '{"type":"ppm_scheduled","die_id":"ZXlKcGRpSTZJbGRDYjA1VWMzcHhWWFVyVkd0NldFVm1WVXhtYWtFOVBTSXNJblpoYkhWbElqb2lNbXhRVVVkcVRXcEVMemczWTNadFlUbEZWekZJVVQwOUlpd2liV0ZqSWpvaVlXWmxZbVl3TlRBNVpqUTRaR1V3TlRJNU4yVmlaV0prWkRBek1HSmpaV1ZpTVdSa05qTXpPRGd3TTJNeFlURXdaVGs0TjJGaE0yRmtObUZoTlRNMk5DSXNJblJoWnlJNklpSjk=","part_number":"63131-TG4-U000-50","part_name":"STIFF R, FR PILLAR LWR","customer":"UPIN","actor":"Rydha Ramlan Gunawan","event":"ppm_scheduled","message":"\\ud83d\\uddd3\\ufe0f MTN Dies created PPM Schedule for 63131-TG4-U000-50 (STIFF R, FR PILLAR LWR) \\u2014 2026-04-15 by Rydha Ramlan Gunawan","icon":"fa-calendar-alt","color":"blue"}', NULL, '2026-04-14 09:43:53', '2026-04-14 09:43:53'),
	('57740cc1-4891-4dc0-bb00-390c07bf0b0c', 'App\\Notifications\\PpmWorkflowNotification', 'App\\Models\\User', 4, '{"type":"ppm_scheduled","die_id":"ZXlKcGRpSTZJbXhMUTI5TVVHMHJWbVpvVVV0U2RtZERPVmhzU1hjOVBTSXNJblpoYkhWbElqb2lUM2RhWW1wd1dITkVTa3gwTTJKMVRqaFZkMHRVUVQwOUlpd2liV0ZqSWpvaU0yUTNNams0TmpjMllUUTVNVEU1TkdRNU9USTRORE0zTnpKaU9EazBOamt3TnpFeE1qWTVaV00yTTJRM1lURTBOVEUwWW1JME5XUXpNalF3WXpNeVpTSXNJblJoWnlJNklpSjk=","part_number":"63131-TG4-U000-50","part_name":"STIFF R, FR PILLAR LWR","customer":"UPIN","actor":"Rydha Ramlan Gunawan","event":"ppm_scheduled","message":"\\ud83d\\uddd3\\ufe0f MTN Dies created PPM Schedule for 63131-TG4-U000-50 (STIFF R, FR PILLAR LWR) \\u2014 2026-04-14 by Rydha Ramlan Gunawan","icon":"fa-calendar-alt","color":"blue"}', NULL, '2026-04-14 09:40:52', '2026-04-14 09:40:52'),
	('598217d7-02a3-4fc3-8234-b9f27e3e410d', 'App\\Notifications\\PpmWorkflowNotification', 'App\\Models\\User', 8, '{"type":"transferred_to_mtn","die_id":"ZXlKcGRpSTZJa0ZZUkhWUVVIWXpjVkp5UTNaUFdUSlpWV1ZqY21jOVBTSXNJblpoYkhWbElqb2lhbVZyZFM5aE4xRmxaMlF4VTJ0Q2F6VmhWekF3VVQwOUlpd2liV0ZqSWpvaU1qSTRZV05pT1RBM1lUQXpNbVJoTnprNE9EYzNPRFppWkdKbVlUYzFPR0pqWkRreU9UZGhNR1V4WTJZeU9XWXdNamhoT1RFeE5HVXpOMlF5TVRobU1pSXNJblJoWnlJNklpSjk=","part_number":"63131-TG4-U000-50","part_name":"STIFF R, FR PILLAR LWR","customer":"UPIN","actor":"Indriani","event":"transferred_to_mtn","message":"\\ud83d\\ude9a Dies transferred to MTN Dies: 63131-TG4-U000-50 (STIFF R, FR PILLAR LWR) by Indriani","icon":"fa-truck","color":"orange"}', NULL, '2026-04-16 01:20:19', '2026-04-16 01:20:19'),
	('5aac6371-f059-4dfe-b059-f5f712e5338b', 'App\\Notifications\\PpmWorkflowNotification', 'App\\Models\\User', 9, '{"type":"lot_date_set","die_id":"ZXlKcGRpSTZJamxzTVRWM2FURXJlRk5hVUdsWVRtSmpTMlZJTUVFOVBTSXNJblpoYkhWbElqb2lRMlZDVWl0TVYzcEZRbE14WWtSNFQyVXhXV1ZGZHowOUlpd2liV0ZqSWpvaVpEZzROV000T1dFeU16UTNZVGhoTmpBMVpEVmtObUl4TmpJek5qRXhPV1V5Tm1GallXTXpaalJrWVdObE5qRmpaV0V6TkRObU9EazFPRGMwWmpnM01DSXNJblJoWnlJNklpSjk=","part_number":"63131-TG4-U000-50","part_name":"STIFF R, FR PILLAR LWR","customer":"UPIN","actor":"Sakti Oktaviani","event":"lot_date_set","message":"\\ud83d\\udcc5 PPIC set Last LOT Date for 63131-TG4-U000-50 (STIFF R, FR PILLAR LWR) \\u2014 Date: 2026-04-07 by Sakti Oktaviani","icon":"fa-calendar-check","color":"purple"}', NULL, '2026-04-14 02:55:18', '2026-04-14 02:55:18'),
	('62aa12ca-b106-46b0-86ef-c8b8fe683e46', 'App\\Notifications\\PpmWorkflowNotification', 'App\\Models\\User', 7, '{"type":"ppm_scheduled","die_id":"ZXlKcGRpSTZJbmhPZDBaR1dWUktUa3cyUzB0alJscEtVR2w2Y0hjOVBTSXNJblpoYkhWbElqb2lhMkU0TTFCaWJGY3hiV2hDVjFNd1ZIWlVOVEl3UVQwOUlpd2liV0ZqSWpvaVptVTBNVGMyTVdKaU5XTXlNMlkxTUdVellXRm1ZVFV4WlRnM01URmhPVFpoT1RBMU5tVTBPVEF6WmpSaFlqYzVPV1EzTVRVek9UTmtOVGt3TVRkbU9DSXNJblJoWnlJNklpSjk=","part_number":"63131-TG4-U000-50","part_name":"STIFF R, FR PILLAR LWR","customer":"UPIN","actor":"Rydha Ramlan Gunawan","event":"ppm_scheduled","message":"\\ud83d\\uddd3\\ufe0f MTN Dies created PPM Schedule for 63131-TG4-U000-50 (STIFF R, FR PILLAR LWR) \\u2014 2026-04-15 by Rydha Ramlan Gunawan","icon":"fa-calendar-alt","color":"blue"}', NULL, '2026-04-14 09:43:53', '2026-04-14 09:43:53'),
	('63294df2-59ab-4fe1-b352-a6e57d70e603', 'App\\Notifications\\PpmWorkflowNotification', 'App\\Models\\User', 1, '{"type":"ppm_scheduled","die_id":"ZXlKcGRpSTZJbmRJYlRRd1NHeE9UR0k0TUhRMFJGQk5MMVJYY1hjOVBTSXNJblpoYkhWbElqb2lTVTQ0ZG1VMGVIUkVjelVyYVZseWFVUk5NMDQzVVQwOUlpd2liV0ZqSWpvaU16QmtOR1V3WVRVek56aGtaREZrTURrd01HUXlZMk5tTURkaE1qWXdNV1kwTTJRd05UY3lNakl5T0RFeU1HSXdaR0l3WW1ZM01qSXdORFl3T0RNMVlpSXNJblJoWnlJNklpSjk=","part_number":"63131-TG4-U000-50","part_name":"STIFF R, FR PILLAR LWR","customer":"UPIN","actor":"Rydha Ramlan Gunawan","event":"ppm_scheduled","message":"\\ud83d\\uddd3\\ufe0f MTN Dies created PPM Schedule for 63131-TG4-U000-50 (STIFF R, FR PILLAR LWR) \\u2014 2026-04-15 by Rydha Ramlan Gunawan","icon":"fa-calendar-alt","color":"blue"}', NULL, '2026-04-14 09:43:53', '2026-04-14 09:43:53'),
	('6373031e-a90e-448c-905f-6b0c589dfcc0', 'App\\Notifications\\PpmWorkflowNotification', 'App\\Models\\User', 9, '{"type":"schedule_approved","die_id":"ZXlKcGRpSTZJbmh1UlhwSldGSnhkazR4VmpZemVGY3JaMnBtYlhjOVBTSXNJblpoYkhWbElqb2lXRUpTTUVWQmNHNW9PVEJFVEdGRlkwdE9jblJLUVQwOUlpd2liV0ZqSWpvaU9UZzVZV1ZrWlRJeU5EWmhOR1V3WVRneVpqRXdNVEV5TXpnNU1qZ3labVkxTVRRM1pUSmhNak13WkRsaFlXWmtabUppTjJOaE1URTVaREV6WTJRM055SXNJblJoWnlJNklpSjk=","part_number":"63131-TG4-U000-50","part_name":"STIFF R, FR PILLAR LWR","customer":"UPIN","actor":"Sakti Oktaviani","event":"schedule_approved","message":"\\u2705 PPIC approved PPM Schedule for 63131-TG4-U000-50 (STIFF R, FR PILLAR LWR) by Sakti Oktaviani","icon":"fa-check-double","color":"cyan"}', NULL, '2026-04-16 01:19:07', '2026-04-16 01:19:07'),
	('6b00b13f-7a27-480d-b7d6-46811c0bf920', 'App\\Notifications\\PpmWorkflowNotification', 'App\\Models\\User', 1, '{"type":"transferred_to_mtn","die_id":"ZXlKcGRpSTZJbEZYUWt0dFFtaG9TWEYxVlZST2NVbHZXbVpoWTFFOVBTSXNJblpoYkhWbElqb2lOalZQZDBsbWNGaHFkSGhzVDJsVWJrVlpaM00wWnowOUlpd2liV0ZqSWpvaVpEZzBabUptWmpFMlpEaGhPV1V6TVRKaE9XTTJNell4TkdZM1pUVXpPVEUyWVRKaU1EVm1ZemM1WVdNMk56QXlNemM0TXpSbE1UVTRObVl4TWpFMlppSXNJblJoWnlJNklpSjk=","part_number":"63131-TG4-U000-50","part_name":"STIFF R, FR PILLAR LWR","customer":"UPIN","actor":"Indriani","event":"transferred_to_mtn","message":"\\ud83d\\ude9a Dies transferred to MTN Dies: 63131-TG4-U000-50 (STIFF R, FR PILLAR LWR) by Indriani","icon":"fa-truck","color":"orange"}', NULL, '2026-04-16 01:20:18', '2026-04-16 01:20:18'),
	('714663ed-0c11-47c1-9ac8-797eabca86ae', 'App\\Notifications\\PpmWorkflowNotification', 'App\\Models\\User', 5, '{"type":"ppm_scheduled","die_id":"ZXlKcGRpSTZJbkY0V1RNNVZrcEpibXR5ZWxkWVlsbHlkamhWYkZFOVBTSXNJblpoYkhWbElqb2lOMVpoVEdaQlpEQnJNMlpGUzJSdGEzaDFSRGxIWnowOUlpd2liV0ZqSWpvaU5qUTJNVEUyWlRFM05qTTBOREZpWkRjeFl6WmlORFF3T0dVM09UZzVNemhtTkdaaE1qQTRPVEl3Wm1KaE4yUTVaRGhqT1RNek5qZ3lOV1EzWVRVMk55SXNJblJoWnlJNklpSjk=","part_number":"63131-TG4-U000-50","part_name":"STIFF R, FR PILLAR LWR","customer":"UPIN","actor":"Rydha Ramlan Gunawan","event":"ppm_scheduled","message":"\\ud83d\\uddd3\\ufe0f MTN Dies created PPM Schedule for 63131-TG4-U000-50 (STIFF R, FR PILLAR LWR) \\u2014 2026-04-14 by Rydha Ramlan Gunawan","icon":"fa-calendar-alt","color":"blue"}', NULL, '2026-04-14 09:40:52', '2026-04-14 09:40:52'),
	('716b0f51-1d2d-46d2-8009-0f5a378211f9', 'App\\Notifications\\PpmWorkflowNotification', 'App\\Models\\User', 10, '{"type":"ppm_scheduled","die_id":"ZXlKcGRpSTZJbk12SzJ4aWJtbDVaamcwVkVsYVZYbEZVMFZTWjFFOVBTSXNJblpoYkhWbElqb2liUzlPVUZoRmQzbFFhbWQwYzBWTU0wdGlSaTlzVVQwOUlpd2liV0ZqSWpvaVlXVXhZemhtTXpCaFlXWTVaR1ZrWkdZeFlUUmhNV1UxT1RFeU1XUXhZV0k1TVdFNU0yWm1ZelF4WmpGa1pHWmpNemt6T0RNeVlXRmhPVGRpWWpNME1pSXNJblJoWnlJNklpSjk=","part_number":"63131-TG4-U000-50","part_name":"STIFF R, FR PILLAR LWR","customer":"UPIN","actor":"Rydha Ramlan Gunawan","event":"ppm_scheduled","message":"\\ud83d\\uddd3\\ufe0f MTN Dies created PPM Schedule for 63131-TG4-U000-50 (STIFF R, FR PILLAR LWR) \\u2014 2026-04-15 by Rydha Ramlan Gunawan","icon":"fa-calendar-alt","color":"blue"}', NULL, '2026-04-14 09:43:53', '2026-04-14 09:43:53'),
	('7e30e653-fd29-4f42-a832-61a7517c6b22', 'App\\Notifications\\PpmWorkflowNotification', 'App\\Models\\User', 5, '{"type":"ppm_scheduled","die_id":"ZXlKcGRpSTZJbEkzUldWQkwydExVbW80WkVzMVZFazNWa2N5SzNjOVBTSXNJblpoYkhWbElqb2lUU3RHT1RST2NVWm9kbU50TUM5dmFUSmlTbXBXZHowOUlpd2liV0ZqSWpvaVlXTmhOREF4Tm1RME5UWTVNVFUzTlRJNVlqRXpORFE1TW1FeFpqSmpZVFJrWWpVNFpURTBOekUyTWpjek1qQTRNek5qWWpWaFpUVTJOR05pTm1KaFpDSXNJblJoWnlJNklpSjk=","part_number":"63131-TG4-U000-50","part_name":"STIFF R, FR PILLAR LWR","customer":"UPIN","actor":"Rydha Ramlan Gunawan","event":"ppm_scheduled","message":"\\ud83d\\uddd3\\ufe0f MTN Dies created PPM Schedule for 63131-TG4-U000-50 (STIFF R, FR PILLAR LWR) \\u2014 2026-04-15 by Rydha Ramlan Gunawan","icon":"fa-calendar-alt","color":"blue"}', NULL, '2026-04-14 09:43:53', '2026-04-14 09:43:53'),
	('80a20d71-7f1f-4be0-bbb6-e07061ba18f0', 'App\\Notifications\\PpmWorkflowNotification', 'App\\Models\\User', 8, '{"type":"ppm_scheduled","die_id":"ZXlKcGRpSTZJamxpUjNoVUwzaE9kbTV1TWtwWFVXcFZRMWhCVEZFOVBTSXNJblpoYkhWbElqb2lORlp4WWtkbFNXTjRSSFU1UVRsMVZqQTRUbHB5WnowOUlpd2liV0ZqSWpvaU1tUmpNVGRtTkRabU5EZ3lNalJoTlRZME5qWTNPREJtT0RjeU9HVTBOelU0T1dFeE5HTm1PR1kyTmpneFl6RXhZbVJqWkRZNVpqRTNNVGhqTWpZMk1TSXNJblJoWnlJNklpSjk=","part_number":"63131-TG4-U000-50","part_name":"STIFF R, FR PILLAR LWR","customer":"UPIN","actor":"Rydha Ramlan Gunawan","event":"ppm_scheduled","message":"\\ud83d\\uddd3\\ufe0f MTN Dies created PPM Schedule for 63131-TG4-U000-50 (STIFF R, FR PILLAR LWR) \\u2014 2026-04-14 by Rydha Ramlan Gunawan","icon":"fa-calendar-alt","color":"blue"}', NULL, '2026-04-14 09:40:52', '2026-04-14 09:40:52'),
	('80b8e275-db56-4cbe-91ef-caa06ad43782', 'App\\Notifications\\PpmWorkflowNotification', 'App\\Models\\User', 10, '{"type":"transferred_to_mtn","die_id":"ZXlKcGRpSTZJbVUzVmtWWGJUSjBlRXhpWVhGSE0zWm5Sa3N4TlhjOVBTSXNJblpoYkhWbElqb2lLMnhUYVhkSWNUQlNOM05yTWtVNVVqUkdlRGxMZHowOUlpd2liV0ZqSWpvaVpqRTJORGc0TXpZMFpqUXlaREkzT0RkaU5UWmhNV1EzWW1JeE9URmlPR1V3T1RJNVpESTNZalpsTmpJNE5UQmtaR1F3TmpVMFl6bGhZV1prTURKbFpDSXNJblJoWnlJNklpSjk=","part_number":"63131-TG4-U000-50","part_name":"STIFF R, FR PILLAR LWR","customer":"UPIN","actor":"Indriani","event":"transferred_to_mtn","message":"\\ud83d\\ude9a Dies transferred to MTN Dies: 63131-TG4-U000-50 (STIFF R, FR PILLAR LWR) by Indriani","icon":"fa-truck","color":"orange"}', NULL, '2026-04-16 01:20:19', '2026-04-16 01:20:19'),
	('867d61c3-523e-4368-a950-2ca76f84e7f6', 'App\\Notifications\\PpmWorkflowNotification', 'App\\Models\\User', 2, '{"type":"lot_date_set","die_id":"ZXlKcGRpSTZJa0ZEVnpSeWJXaFZaRmd5ZG1oRU5UZEJiekp1Y1VFOVBTSXNJblpoYkhWbElqb2liR1IxYTNCV2RtcExVemMyTjNwbmNWWkdWa1J2ZHowOUlpd2liV0ZqSWpvaU16QmpNR0U1TVRkaU5qRTNOemRoTURObE0yUm1ZakV5TlRWak9HSmtOV1F4TnpkbU56QTFZV001TlRBMFpHVmxPRFE1TldGbE1EUmtZV1UxTlRRd1lTSXNJblJoWnlJNklpSjk=","part_number":"63131-TG4-U000-50","part_name":"STIFF R, FR PILLAR LWR","customer":"UPIN","actor":"Sakti Oktaviani","event":"lot_date_set","message":"\\ud83d\\udcc5 PPIC set Last LOT Date for 63131-TG4-U000-50 (STIFF R, FR PILLAR LWR) \\u2014 Date: 2026-04-07 by Sakti Oktaviani","icon":"fa-calendar-check","color":"purple"}', '2026-04-14 02:56:20', '2026-04-14 02:55:18', '2026-04-14 02:56:20'),
	('8d197963-06b9-4c04-982a-fbb6b6f24f6f', 'App\\Notifications\\PpmWorkflowNotification', 'App\\Models\\User', 2, '{"type":"ppm_scheduled","die_id":"ZXlKcGRpSTZJbVpVTjJ4VVoxUnhSa2hYVWxGMGNFSXhkV1JKTUhjOVBTSXNJblpoYkhWbElqb2lWWFZIU2s4eEsyNUNkRTk0VEVvMWRtVnhka2d3UVQwOUlpd2liV0ZqSWpvaVpEYzRZelk1TldNelltSXlNRGxoTW1ReVpUWmpaR1UwTW1Zd09HRTBOMlV6TUdZd04ySmlPVFZpTlRSaU9HWmxNekEyTmpSa01URXpaR00xTVdOa05pSXNJblJoWnlJNklpSjk=","part_number":"63131-TG4-U000-50","part_name":"STIFF R, FR PILLAR LWR","customer":"UPIN","actor":"Rydha Ramlan Gunawan","event":"ppm_scheduled","message":"\\ud83d\\uddd3\\ufe0f MTN Dies created PPM Schedule for 63131-TG4-U000-50 (STIFF R, FR PILLAR LWR) \\u2014 2026-04-14 by Rydha Ramlan Gunawan","icon":"fa-calendar-alt","color":"blue"}', NULL, '2026-04-14 09:40:52', '2026-04-14 09:40:52'),
	('9d22dbaa-371b-4a76-8776-d74ab9ed703b', 'App\\Notifications\\PpmWorkflowNotification', 'App\\Models\\User', 5, '{"type":"lot_date_set","die_id":"ZXlKcGRpSTZJakJqTWtoa2JIbHdjM0JhU2t0T01HSlZVR3ROY0VFOVBTSXNJblpoYkhWbElqb2llVE16YTFwaWVtVndTM0l2TUROM1lsWm1ZWFozZHowOUlpd2liV0ZqSWpvaU5HSmtabVV4WVRJNVpHSmpNV0ppWVdZeE16aGhNVEk0TURVeE1ERmpPREUyTURGak9EVXhZalUzTmpObE1qTTROVFV6Wm1WbU9UTXpPVEZoT1RVek9TSXNJblJoWnlJNklpSjk=","part_number":"63131-TG4-U000-50","part_name":"STIFF R, FR PILLAR LWR","customer":"UPIN","actor":"Sakti Oktaviani","event":"lot_date_set","message":"\\ud83d\\udcc5 PPIC set Last LOT Date for 63131-TG4-U000-50 (STIFF R, FR PILLAR LWR) \\u2014 Date: 2026-04-07 by Sakti Oktaviani","icon":"fa-calendar-check","color":"purple"}', '2026-04-14 09:36:07', '2026-04-14 02:55:18', '2026-04-14 09:36:07'),
	('a3a10a3f-79f1-4b2d-90dc-5fd428b786c7', 'App\\Notifications\\PpmWorkflowNotification', 'App\\Models\\User', 8, '{"type":"ppm_scheduled","die_id":"ZXlKcGRpSTZJbHBqVjJGb2JrZHRORVpXYkVOd1kwWnRNRmRpZFdjOVBTSXNJblpoYkhWbElqb2llRmMyTjBoMlFVbFlia1JKY1dkMlZtTkdla3hQZHowOUlpd2liV0ZqSWpvaU9XUm1NMlkxWW1VeU5qVTNPV0UxTTJNM016RTVaRGd3TWprM1pqWXdZalprTnpJNE9EZ3dZMkl5TUdaallqTTRaRFkyWkRsak5EVmlaV1V3WVRObVppSXNJblJoWnlJNklpSjk=","part_number":"63131-TG4-U000-50","part_name":"STIFF R, FR PILLAR LWR","customer":"UPIN","actor":"Rydha Ramlan Gunawan","event":"ppm_scheduled","message":"\\ud83d\\uddd3\\ufe0f MTN Dies created PPM Schedule for 63131-TG4-U000-50 (STIFF R, FR PILLAR LWR) \\u2014 2026-04-15 by Rydha Ramlan Gunawan","icon":"fa-calendar-alt","color":"blue"}', NULL, '2026-04-14 09:43:53', '2026-04-14 09:43:53'),
	('a599fe3a-47bd-4177-860e-1316b88d018b', 'App\\Notifications\\PpmWorkflowNotification', 'App\\Models\\User', 8, '{"type":"schedule_approved","die_id":"ZXlKcGRpSTZJak5sY2tkTGF6RmhjRVFyZVdSQ1VHOW5Va1ozY0hjOVBTSXNJblpoYkhWbElqb2llbFJ0UjBoclRHVmphVmRtUzBsMmVIZDNlVFpzWnowOUlpd2liV0ZqSWpvaVpUQmlOVFF4T0dZM1pEWXhORFl5TXpSak5qSmhPR0ZsWXpBeE1UVm1aREl5WkRobE1XUmxPR1ptTm1aa1pXVXpabVUzTlRJeFl6YzRNVGxrWkRSbFppSXNJblJoWnlJNklpSjk=","part_number":"63131-TG4-U000-50","part_name":"STIFF R, FR PILLAR LWR","customer":"UPIN","actor":"Sakti Oktaviani","event":"schedule_approved","message":"\\u2705 PPIC approved PPM Schedule for 63131-TG4-U000-50 (STIFF R, FR PILLAR LWR) by Sakti Oktaviani","icon":"fa-check-double","color":"cyan"}', NULL, '2026-04-16 01:19:07', '2026-04-16 01:19:07'),
	('a630b8cc-9d56-49db-97d1-16da0be712ae', 'App\\Notifications\\PpmWorkflowNotification', 'App\\Models\\User', 9, '{"type":"ppm_scheduled","die_id":"ZXlKcGRpSTZJa0V6ZHpsV1MzbHFVbmRMUkZKQ1RHVktUbkZ2U25jOVBTSXNJblpoYkhWbElqb2lTelJFWVdzeFptTm5ia0pxU3psU1IwUlVXV1pPWnowOUlpd2liV0ZqSWpvaU5UVTBZekExTURCa1pXWXdOelZpTW1VeU9UZzNNVGd5TVRRelptSTBPVEExWVdJd01EWXhPR015T1RNME5XRXpZVEUxWkRBME5EUTBZalU0TURobE5DSXNJblJoWnlJNklpSjk=","part_number":"63131-TG4-U000-50","part_name":"STIFF R, FR PILLAR LWR","customer":"UPIN","actor":"Rydha Ramlan Gunawan","event":"ppm_scheduled","message":"\\ud83d\\uddd3\\ufe0f MTN Dies created PPM Schedule for 63131-TG4-U000-50 (STIFF R, FR PILLAR LWR) \\u2014 2026-04-15 by Rydha Ramlan Gunawan","icon":"fa-calendar-alt","color":"blue"}', NULL, '2026-04-14 09:43:53', '2026-04-14 09:43:53'),
	('ad729c93-c983-438c-8afe-163c4ecf5ad5', 'App\\Notifications\\PpmWorkflowNotification', 'App\\Models\\User', 4, '{"type":"lot_date_set","die_id":"ZXlKcGRpSTZJaTh4UW1OYWRscDJiMDVuZG5SdU5WQktUM1JhVkdjOVBTSXNJblpoYkhWbElqb2lPRnBOTkU5a1RXNHdPRmRYWW10TlUzWjNNSFpMZHowOUlpd2liV0ZqSWpvaVpEbGlORGc0TldRMk5EWXpPV0ZoWVdRME5UTTVZamxsWldVek5HRm1ObUZrWXpGak16YzROVFZtWkdZNU5HUm1NemMwWldKaU9USXhNVGRrTm1RM09DSXNJblJoWnlJNklpSjk=","part_number":"63131-TG4-U000-50","part_name":"STIFF R, FR PILLAR LWR","customer":"UPIN","actor":"Sakti Oktaviani","event":"lot_date_set","message":"\\ud83d\\udcc5 PPIC set Last LOT Date for 63131-TG4-U000-50 (STIFF R, FR PILLAR LWR) \\u2014 Date: 2026-04-07 by Sakti Oktaviani","icon":"fa-calendar-check","color":"purple"}', NULL, '2026-04-14 02:55:18', '2026-04-14 02:55:18'),
	('b2260d09-9ba7-45c7-a01b-2ca9566611c7', 'App\\Notifications\\PpmWorkflowNotification', 'App\\Models\\User', 9, '{"type":"transferred_to_mtn","die_id":"ZXlKcGRpSTZJaXQzY0RSbGVVaGpiVEYwWmpWSFUzTmFkMUU1YW5jOVBTSXNJblpoYkhWbElqb2lRMWR5TldWR1YxYzJielowTXpWNFpGWlJaM0JWZHowOUlpd2liV0ZqSWpvaVl6QXlNRE5rT1RobVlXUm1PRFl4TXpaak5EUXpZVFkyWm1VeE1EazRaVFprWTJWa1ptTTVOVE0wTmpkbFpEbGtNV0l4WlRJeU9EazBNbUpoT0dWbE5pSXNJblJoWnlJNklpSjk=","part_number":"63131-TG4-U000-50","part_name":"STIFF R, FR PILLAR LWR","customer":"UPIN","actor":"Indriani","event":"transferred_to_mtn","message":"\\ud83d\\ude9a Dies transferred to MTN Dies: 63131-TG4-U000-50 (STIFF R, FR PILLAR LWR) by Indriani","icon":"fa-truck","color":"orange"}', NULL, '2026-04-16 01:20:19', '2026-04-16 01:20:19'),
	('c90be52e-74f9-4148-9ef4-7e5f48e8be54', 'App\\Notifications\\PpmWorkflowNotification', 'App\\Models\\User', 7, '{"type":"transferred_to_mtn","die_id":"ZXlKcGRpSTZJbW95TmxsR1NtUTNTRmQyTmxkNmFWUm9NelJDVjJjOVBTSXNJblpoYkhWbElqb2lWVlUzVkdGck1VZE1hV1ZuT0dwTFNEQTFRMUZQUVQwOUlpd2liV0ZqSWpvaU1EVXhZalUwWkRJMk5UQTRNakkzTmpGa01ERmhOVGs0TXpnNU16TTBabVV5TkRnMU5UWXhOVEV3WWpBNVpXUXpaVFUxWlRobVl6Z3paRGczWmpKak9DSXNJblJoWnlJNklpSjk=","part_number":"63131-TG4-U000-50","part_name":"STIFF R, FR PILLAR LWR","customer":"UPIN","actor":"Indriani","event":"transferred_to_mtn","message":"\\ud83d\\ude9a Dies transferred to MTN Dies: 63131-TG4-U000-50 (STIFF R, FR PILLAR LWR) by Indriani","icon":"fa-truck","color":"orange"}', NULL, '2026-04-16 01:20:18', '2026-04-16 01:20:18'),
	('d00a2527-75ca-4085-81ad-db6db6af93c4', 'App\\Notifications\\PpmWorkflowNotification', 'App\\Models\\User', 10, '{"type":"schedule_approved","die_id":"ZXlKcGRpSTZJbEpVVlRKRVJqRnRTWGx5Y1ZGSk1qQTBOMVJ1U2xFOVBTSXNJblpoYkhWbElqb2lOV2xVVlN0Sk1YcHVkbEJTTjBObE1IQlpOSEptWnowOUlpd2liV0ZqSWpvaU56VTJZbVJpTXpBMk1qVTBPV0UwTlRJME9EZzNNekpqTUdKaE16WmlOamRsWW1VNU0yRTFPRGN5T0RkaE9ESXlNMlV3TUdFMFl6STBNREk1TlRjeU55SXNJblJoWnlJNklpSjk=","part_number":"63131-TG4-U000-50","part_name":"STIFF R, FR PILLAR LWR","customer":"UPIN","actor":"Sakti Oktaviani","event":"schedule_approved","message":"\\u2705 PPIC approved PPM Schedule for 63131-TG4-U000-50 (STIFF R, FR PILLAR LWR) by Sakti Oktaviani","icon":"fa-check-double","color":"cyan"}', NULL, '2026-04-16 01:19:07', '2026-04-16 01:19:07'),
	('d2fccac8-5d43-4ecf-a430-93fb9d45facb', 'App\\Notifications\\PpmWorkflowNotification', 'App\\Models\\User', 7, '{"type":"lot_date_set","die_id":"ZXlKcGRpSTZJbFZsUjJ0elIzVjZUVlZRVVROMWJrcHlNalE0VjJjOVBTSXNJblpoYkhWbElqb2lOa05LWlZwS2FteE5ZVUUxYkZWdFduWXhLMVpDZHowOUlpd2liV0ZqSWpvaU9UWXhNVGcyTURCaU5HTTBOakl5T0RabE1XRXpNRFJoTWpjelptWmhNMlkyT0ROaU1qZzJOR0psWVRBNE56TXhPRFV5WVRsaU9USXpObVZsWW1WaFppSXNJblJoWnlJNklpSjk=","part_number":"63131-TG4-U000-50","part_name":"STIFF R, FR PILLAR LWR","customer":"UPIN","actor":"Sakti Oktaviani","event":"lot_date_set","message":"\\ud83d\\udcc5 PPIC set Last LOT Date for 63131-TG4-U000-50 (STIFF R, FR PILLAR LWR) \\u2014 Date: 2026-04-07 by Sakti Oktaviani","icon":"fa-calendar-check","color":"purple"}', '2026-04-14 03:37:27', '2026-04-14 02:55:18', '2026-04-14 03:37:27'),
	('d63b973d-1c2f-4d58-b127-c1069028cb4b', 'App\\Notifications\\PpmWorkflowNotification', 'App\\Models\\User', 10, '{"type":"ppm_scheduled","die_id":"ZXlKcGRpSTZJbVZ6UmpSalpuTkdRVEZ5ZG1OaVVteG1aR3cyU2xFOVBTSXNJblpoYkhWbElqb2lkMVI2YzNFMlZUVnZhVXBQVm5JM1EyOXROa3AxVVQwOUlpd2liV0ZqSWpvaVltSTVZV0ZpTldReVpEZGlOREpoWTJNMU5XTXpPR015TVdFMFpqazVNVEJtTVdJMFlqWXpZVGxqTW1RNE1tRTJPV1ZpWmpWbE5EVTBNalE1WXpnNE55SXNJblJoWnlJNklpSjk=","part_number":"63131-TG4-U000-50","part_name":"STIFF R, FR PILLAR LWR","customer":"UPIN","actor":"Rydha Ramlan Gunawan","event":"ppm_scheduled","message":"\\ud83d\\uddd3\\ufe0f MTN Dies created PPM Schedule for 63131-TG4-U000-50 (STIFF R, FR PILLAR LWR) \\u2014 2026-04-14 by Rydha Ramlan Gunawan","icon":"fa-calendar-alt","color":"blue"}', NULL, '2026-04-14 09:40:52', '2026-04-14 09:40:52'),
	('dda85af0-8cf0-4389-8019-5869ce881e97', 'App\\Notifications\\PpmWorkflowNotification', 'App\\Models\\User', 2, '{"type":"transferred_to_mtn","die_id":"ZXlKcGRpSTZJbTR6WjBFd1N6bE9TWGR2WW5ReFZHRlBUeTl5VTNjOVBTSXNJblpoYkhWbElqb2lURzR3ZERSd1FsUjFkMjlSVG5obWIzbG5OalppWnowOUlpd2liV0ZqSWpvaVl6WmtZVEF4TmpsallUVXpPVEptWVRKbVpUZGpOakprT0RkbE5HWTBOMlJrWkRoak5qQmxaVEUzWVdFMk9HUXdNV1ZsTVRNek0yWTRPVFpsTkdWbE9DSXNJblJoWnlJNklpSjk=","part_number":"63131-TG4-U000-50","part_name":"STIFF R, FR PILLAR LWR","customer":"UPIN","actor":"Indriani","event":"transferred_to_mtn","message":"\\ud83d\\ude9a Dies transferred to MTN Dies: 63131-TG4-U000-50 (STIFF R, FR PILLAR LWR) by Indriani","icon":"fa-truck","color":"orange"}', NULL, '2026-04-16 01:20:18', '2026-04-16 01:20:18'),
	('ed931920-abef-4450-9cf3-e0767eef38e8', 'App\\Notifications\\PpmWorkflowNotification', 'App\\Models\\User', 4, '{"type":"schedule_approved","die_id":"ZXlKcGRpSTZJbVJJTUROcVFuUTNTM1JPV0RoM1psUXJZa1pLYTNjOVBTSXNJblpoYkhWbElqb2lZWGxwV0VkUE5IZENhRFJyTjJoQ1ZrMVZReXRTVVQwOUlpd2liV0ZqSWpvaVpXWTRObU5sTkRabE9UZzRNakEwTkdKbVpXRTRPR0pqTWpNM09EQTJNR05oWldKaFptSmlPRE0zWWpBM05HVTBNalZoWmpGaE1HWTFPRGMyWTJZM015SXNJblJoWnlJNklpSjk=","part_number":"63131-TG4-U000-50","part_name":"STIFF R, FR PILLAR LWR","customer":"UPIN","actor":"Sakti Oktaviani","event":"schedule_approved","message":"\\u2705 PPIC approved PPM Schedule for 63131-TG4-U000-50 (STIFF R, FR PILLAR LWR) by Sakti Oktaviani","icon":"fa-check-double","color":"cyan"}', NULL, '2026-04-16 01:19:07', '2026-04-16 01:19:07'),
	('f5186830-44d7-496f-935c-69f507e79743', 'App\\Notifications\\PpmWorkflowNotification', 'App\\Models\\User', 10, '{"type":"lot_date_set","die_id":"ZXlKcGRpSTZJazh6UzA5eE5rZFROM1JMYjFkc1JXdENRWEExTm5jOVBTSXNJblpoYkhWbElqb2lkMDVFVHpRNFpFOUdaSE5KUm0xNGFtdHNWbVJPZHowOUlpd2liV0ZqSWpvaVpUTm1OR1UyWXpVek5qbGlNalZtT0RreVl6YzFZbVk1TVdFM05Ea3lNak5oTVdJMFltSmxNMlF6WWpKaE56SmpPR00zTTJSbE9XVmtZV0ptWkRNMVppSXNJblJoWnlJNklpSjk=","part_number":"63131-TG4-U000-50","part_name":"STIFF R, FR PILLAR LWR","customer":"UPIN","actor":"Sakti Oktaviani","event":"lot_date_set","message":"\\ud83d\\udcc5 PPIC set Last LOT Date for 63131-TG4-U000-50 (STIFF R, FR PILLAR LWR) \\u2014 Date: 2026-04-07 by Sakti Oktaviani","icon":"fa-calendar-check","color":"purple"}', NULL, '2026-04-14 02:55:18', '2026-04-14 02:55:18'),
	('fa1fdcb9-43d3-44f8-a835-bd0d023e3d7e', 'App\\Notifications\\PpmWorkflowNotification', 'App\\Models\\User', 1, '{"type":"lot_date_set","die_id":"ZXlKcGRpSTZJa2xEVDJoUGEyMDNLMjFKY1ZCcVRFTXhiamRNWVVFOVBTSXNJblpoYkhWbElqb2lTRkJvVmpKWFMydG5VVWxSTkVGbFMyUkZZemh6VVQwOUlpd2liV0ZqSWpvaU5UZ3dZemxrTWpVeE1UVmxNV05tTkRFNE1UWmpabVpoTW1NelkyWTJaamd4TW1ZM05XWXlOelF3T1dGbE1qazNOemd3T0dKaE9EazRZelJqTVdJME5pSXNJblJoWnlJNklpSjk=","part_number":"63131-TG4-U000-50","part_name":"STIFF R, FR PILLAR LWR","customer":"UPIN","actor":"Sakti Oktaviani","event":"lot_date_set","message":"\\ud83d\\udcc5 PPIC set Last LOT Date for 63131-TG4-U000-50 (STIFF R, FR PILLAR LWR) \\u2014 Date: 2026-04-07 by Sakti Oktaviani","icon":"fa-calendar-check","color":"purple"}', '2026-04-14 03:58:09', '2026-04-14 02:55:18', '2026-04-14 03:58:09'),
	('fb828333-13be-42a1-92d4-c780c609f9cf', 'App\\Notifications\\PpmWorkflowNotification', 'App\\Models\\User', 7, '{"type":"schedule_approved","die_id":"ZXlKcGRpSTZJa3NyVlhvNU9GRk1NRmgyUzFoVWFuTjJWbmhDTDNjOVBTSXNJblpoYkhWbElqb2lNemR6ZFVkeU1EaFZSVTh3YlhORWRGTk1Va3R0ZHowOUlpd2liV0ZqSWpvaVpXVTNaV1psTURSak56ZzNaVE0zWlRVNE5qazFNbVl3WVdZNE1UVXdPRFV5TkdFeVl6UmpaR1poTnpCa05tVTJNMkkzT1RVMk56TXdNekpqTnpKaE5DSXNJblJoWnlJNklpSjk=","part_number":"63131-TG4-U000-50","part_name":"STIFF R, FR PILLAR LWR","customer":"UPIN","actor":"Sakti Oktaviani","event":"schedule_approved","message":"\\u2705 PPIC approved PPM Schedule for 63131-TG4-U000-50 (STIFF R, FR PILLAR LWR) by Sakti Oktaviani","icon":"fa-check-double","color":"cyan"}', NULL, '2026-04-16 01:19:07', '2026-04-16 01:19:07');

-- Dumping structure for table ppm_dies_monitoring_april.password_reset_tokens
CREATE TABLE IF NOT EXISTS `password_reset_tokens` (
  `email` varchar(255) CHARACTER SET utf8mb4 COLLATE utf8mb4_unicode_ci NOT NULL,
  `token` varchar(255) CHARACTER SET utf8mb4 COLLATE utf8mb4_unicode_ci NOT NULL,
  `created_at` timestamp NULL DEFAULT NULL,
  PRIMARY KEY (`email`)
) ENGINE=InnoDB DEFAULT CHARSET=utf8mb4 COLLATE=utf8mb4_unicode_ci;

-- Dumping data for table ppm_dies_monitoring_april.password_reset_tokens: ~0 rows (approximately)
DELETE FROM `password_reset_tokens`;

-- Dumping structure for table ppm_dies_monitoring_april.ppm_histories
CREATE TABLE IF NOT EXISTS `ppm_histories` (
  `id` bigint unsigned NOT NULL AUTO_INCREMENT,
  `die_id` bigint unsigned NOT NULL,
  `ppm_date` date NOT NULL,
  `stroke_at_ppm` int NOT NULL,
  `ppm_number` int NOT NULL DEFAULT '1' COMMENT 'Which PPM number this is (1st, 2nd, 3rd, etc)',
  `process_type` varchar(30) CHARACTER SET utf8mb4 COLLATE utf8mb4_unicode_ci DEFAULT NULL COMMENT 'Process type used during this PPM inspection',
  `checklist_results` json DEFAULT NULL COMMENT 'JSON array of checklist inspection results',
  `pic` varchar(100) CHARACTER SET utf8mb4 COLLATE utf8mb4_unicode_ci NOT NULL,
  `status` enum('done','pending','cancelled','partial') CHARACTER SET utf8mb4 COLLATE utf8mb4_unicode_ci NOT NULL DEFAULT 'done',
  `maintenance_type` enum('routine','repair','overhaul','emergency') CHARACTER SET utf8mb4 COLLATE utf8mb4_unicode_ci NOT NULL DEFAULT 'routine',
  `work_performed` text CHARACTER SET utf8mb4 COLLATE utf8mb4_unicode_ci,
  `parts_replaced` text CHARACTER SET utf8mb4 COLLATE utf8mb4_unicode_ci,
  `findings` text CHARACTER SET utf8mb4 COLLATE utf8mb4_unicode_ci,
  `recommendations` text CHARACTER SET utf8mb4 COLLATE utf8mb4_unicode_ci,
  `checked_by` varchar(100) CHARACTER SET utf8mb4 COLLATE utf8mb4_unicode_ci DEFAULT NULL,
  `approved_by` varchar(100) CHARACTER SET utf8mb4 COLLATE utf8mb4_unicode_ci DEFAULT NULL,
  `created_by` bigint unsigned DEFAULT NULL,
  `created_at` timestamp NULL DEFAULT NULL,
  `updated_at` timestamp NULL DEFAULT NULL,
  PRIMARY KEY (`id`),
  KEY `ppm_histories_created_by_foreign` (`created_by`),
  KEY `ppm_histories_die_id_ppm_date_index` (`die_id`,`ppm_date`),
  CONSTRAINT `ppm_histories_created_by_foreign` FOREIGN KEY (`created_by`) REFERENCES `users` (`id`) ON DELETE SET NULL,
  CONSTRAINT `ppm_histories_die_id_foreign` FOREIGN KEY (`die_id`) REFERENCES `dies` (`id`) ON DELETE CASCADE
) ENGINE=InnoDB AUTO_INCREMENT=2 DEFAULT CHARSET=utf8mb4 COLLATE=utf8mb4_unicode_ci;

-- Dumping data for table ppm_dies_monitoring_april.ppm_histories: ~0 rows (approximately)
DELETE FROM `ppm_histories`;

-- Dumping structure for table ppm_dies_monitoring_april.ppm_schedules
CREATE TABLE IF NOT EXISTS `ppm_schedules` (
  `id` bigint unsigned NOT NULL AUTO_INCREMENT,
  `die_id` bigint unsigned NOT NULL,
  `year` int NOT NULL,
  `month` tinyint NOT NULL,
  `week` tinyint NOT NULL,
  `forecast_stroke` int DEFAULT NULL,
  `plan_week` tinyint DEFAULT NULL,
  `is_done` tinyint(1) NOT NULL DEFAULT '0',
  `actual_stroke` int DEFAULT NULL,
  `ppm_date` date DEFAULT NULL,
  `pic` varchar(100) CHARACTER SET utf8mb4 COLLATE utf8mb4_unicode_ci DEFAULT NULL,
  `notes` text CHARACTER SET utf8mb4 COLLATE utf8mb4_unicode_ci,
  `updated_by` varchar(100) CHARACTER SET utf8mb4 COLLATE utf8mb4_unicode_ci DEFAULT NULL,
  `created_at` timestamp NULL DEFAULT NULL,
  `updated_at` timestamp NULL DEFAULT NULL,
  PRIMARY KEY (`id`),
  UNIQUE KEY `ppm_schedules_die_id_year_month_week_unique` (`die_id`,`year`,`month`,`week`),
  CONSTRAINT `ppm_schedules_die_id_foreign` FOREIGN KEY (`die_id`) REFERENCES `dies` (`id`) ON DELETE CASCADE
) ENGINE=InnoDB AUTO_INCREMENT=6 DEFAULT CHARSET=utf8mb4 COLLATE=utf8mb4_unicode_ci;

-- Dumping data for table ppm_dies_monitoring_april.ppm_schedules: ~2 rows (approximately)
DELETE FROM `ppm_schedules`;
INSERT INTO `ppm_schedules` (`id`, `die_id`, `year`, `month`, `week`, `forecast_stroke`, `plan_week`, `is_done`, `actual_stroke`, `ppm_date`, `pic`, `notes`, `updated_by`, `created_at`, `updated_at`) VALUES
	(4, 1174, 2026, 4, 2, NULL, 14, 0, NULL, NULL, NULL, NULL, 'Rydha Ramlan Gunawan', '2026-04-14 03:02:42', '2026-04-14 03:08:45'),
	(5, 983, 2026, 4, 2, NULL, NULL, 0, NULL, '2026-04-15', 'Rydha Ramlan Gunawan', NULL, 'Rydha Ramlan Gunawan', '2026-04-14 03:09:23', '2026-04-14 09:43:53');

-- Dumping structure for table ppm_dies_monitoring_april.production_logs
CREATE TABLE IF NOT EXISTS `production_logs` (
  `id` bigint unsigned NOT NULL AUTO_INCREMENT,
  `die_id` bigint unsigned NOT NULL,
  `model` varchar(20) CHARACTER SET utf8mb4 COLLATE utf8mb4_unicode_ci DEFAULT NULL,
  `production_date` date NOT NULL,
  `shift` tinyint NOT NULL,
  `line` varchar(20) CHARACTER SET utf8mb4 COLLATE utf8mb4_unicode_ci DEFAULT NULL,
  `running_process` enum('Auto','Manual','Blanking') CHARACTER SET utf8mb4 COLLATE utf8mb4_unicode_ci DEFAULT 'Auto',
  `start_time` time DEFAULT NULL,
  `finish_time` time DEFAULT NULL,
  `total_hours` decimal(5,2) DEFAULT NULL,
  `total_minutes` int DEFAULT NULL,
  `break_time` int DEFAULT NULL,
  `output_qty` int NOT NULL,
  `month` varchar(10) CHARACTER SET utf8mb4 COLLATE utf8mb4_unicode_ci DEFAULT NULL,
  `created_by` bigint unsigned DEFAULT NULL,
  `created_at` timestamp NULL DEFAULT NULL,
  `updated_at` timestamp NULL DEFAULT NULL,
  PRIMARY KEY (`id`),
  KEY `production_logs_created_by_foreign` (`created_by`),
  KEY `production_logs_production_date_index` (`production_date`),
  KEY `production_logs_die_id_production_date_index` (`die_id`,`production_date`),
  CONSTRAINT `production_logs_created_by_foreign` FOREIGN KEY (`created_by`) REFERENCES `users` (`id`) ON DELETE SET NULL,
  CONSTRAINT `production_logs_die_id_foreign` FOREIGN KEY (`die_id`) REFERENCES `dies` (`id`) ON DELETE CASCADE
) ENGINE=InnoDB AUTO_INCREMENT=797 DEFAULT CHARSET=utf8mb4 COLLATE=utf8mb4_unicode_ci;

-- Dumping data for table ppm_dies_monitoring_april.production_logs: ~30 rows (approximately)
DELETE FROM `production_logs`;
INSERT INTO `production_logs` (`id`, `die_id`, `model`, `production_date`, `shift`, `line`, `running_process`, `start_time`, `finish_time`, `total_hours`, `total_minutes`, `break_time`, `output_qty`, `month`, `created_by`, `created_at`, `updated_at`) VALUES
	(765, 1174, NULL, '2026-04-14', 1, '1200T', 'Auto', NULL, NULL, NULL, 0, 0, 600, 'Apr', 7, '2026-04-14 09:51:31', '2026-04-14 09:51:31'),
	(766, 916, NULL, '2026-04-13', 1, '800T', 'Auto', '08:00:00', '08:46:00', 0.03, 46, 0, 100, 'Apr', 3, '2026-04-14 09:53:38', '2026-04-14 09:53:38'),
	(767, 931, NULL, '2026-04-13', 1, '800T', 'Auto', '08:46:00', '09:40:00', 0.04, 54, 0, 257, 'Apr', 3, '2026-04-14 09:53:38', '2026-04-14 09:53:38'),
	(768, 905, NULL, '2026-04-13', 1, '800T', 'Auto', '10:36:00', '13:45:00', 0.13, 189, 60, 1200, 'Apr', 3, '2026-04-14 09:53:38', '2026-04-14 09:53:38'),
	(769, 914, NULL, '2026-04-13', 1, '800T', 'Auto', '13:45:00', '15:10:00', 0.06, 85, 0, 600, 'Apr', 3, '2026-04-14 09:53:38', '2026-04-14 09:53:38'),
	(770, 929, NULL, '2026-04-13', 1, '800T', 'Auto', '15:10:00', '16:50:00', 0.07, 100, 10, 256, 'Apr', 3, '2026-04-14 09:53:38', '2026-04-14 09:53:38'),
	(771, 965, NULL, '2026-04-13', 1, '1200T', 'Auto', '08:00:00', '10:16:00', 0.09, 136, 10, 618, 'Apr', 3, '2026-04-14 09:53:38', '2026-04-14 09:53:38'),
	(772, 967, NULL, '2026-04-13', 1, '1200T', 'Auto', '10:16:00', '11:27:00', 0.05, 71, 0, 600, 'Apr', 3, '2026-04-14 09:53:38', '2026-04-14 09:53:38'),
	(773, 953, NULL, '2026-04-13', 1, '1200T', 'Auto', '11:27:00', '13:05:00', 0.07, 98, 60, 165, 'Apr', 3, '2026-04-14 09:53:38', '2026-04-14 09:53:38'),
	(774, 951, NULL, '2026-04-13', 1, '1200T', 'Auto', '13:05:00', '15:50:00', 0.11, 165, 10, 1200, 'Apr', 3, '2026-04-14 09:53:38', '2026-04-14 09:53:38'),
	(775, 962, NULL, '2026-04-13', 1, '1200T', 'Auto', '15:50:00', '16:50:00', 0.04, 60, 0, 450, 'Apr', 3, '2026-04-14 09:53:38', '2026-04-14 09:53:38'),
	(776, 1078, NULL, '2026-04-13', 1, '250T', 'Manual', '08:00:00', '09:35:00', 0.07, 95, 0, 600, 'Apr', 3, '2026-04-14 09:53:38', '2026-04-14 09:53:38'),
	(777, 1008, NULL, '2026-04-13', 1, '250T', 'Manual', '08:00:00', '09:36:00', 0.07, 96, 0, 600, 'Apr', 3, '2026-04-14 09:53:38', '2026-04-14 09:53:38'),
	(778, 1074, NULL, '2026-04-13', 1, '250T', 'Manual', '09:34:00', '11:16:00', 0.07, 102, 10, 600, 'Apr', 3, '2026-04-14 09:53:38', '2026-04-14 09:53:38'),
	(779, 1019, NULL, '2026-04-13', 1, '250T', 'Manual', '09:35:00', '11:17:00', 0.07, 102, 10, 624, 'Apr', 3, '2026-04-14 09:53:38', '2026-04-14 09:53:38'),
	(780, 1002, NULL, '2026-04-13', 1, '250T', 'Manual', '11:15:00', '13:50:00', 0.11, 155, 60, 600, 'Apr', 3, '2026-04-14 09:53:38', '2026-04-14 09:53:38'),
	(781, 1009, NULL, '2026-04-13', 1, '250T', 'Manual', '13:46:00', '15:18:00', 0.06, 92, 0, 600, 'Apr', 3, '2026-04-14 09:53:38', '2026-04-14 09:53:38'),
	(782, 1032, NULL, '2026-04-13', 1, '250T', 'Manual', '13:50:00', '15:24:00', 0.07, 94, 0, 648, 'Apr', 3, '2026-04-14 09:53:38', '2026-04-14 09:53:38'),
	(783, 1016, NULL, '2026-04-13', 1, '250T', 'Manual', '15:17:00', '16:50:00', 0.06, 93, 10, 552, 'Apr', 3, '2026-04-14 09:53:38', '2026-04-14 09:53:38'),
	(784, 1010, NULL, '2026-04-13', 1, '250T', 'Manual', '15:18:00', '16:50:00', 0.06, 92, 10, 540, 'Apr', 3, '2026-04-14 09:53:38', '2026-04-14 09:53:38'),
	(785, 1152, NULL, '2026-04-13', 1, 'Progressive', 'Blanking', '08:00:00', '08:45:00', 0.03, 45, 0, 350, 'Apr', 3, '2026-04-14 09:53:38', '2026-04-14 09:53:38'),
	(786, 1159, NULL, '2026-04-13', 1, 'Progressive', 'Blanking', '08:45:00', '10:45:00', 0.08, 120, 10, 1100, 'Apr', 3, '2026-04-14 09:53:38', '2026-04-14 09:53:38'),
	(787, 1160, NULL, '2026-04-13', 1, 'Progressive', 'Blanking', '10:45:00', '15:05:00', 0.18, 260, 60, 1707, 'Apr', 3, '2026-04-14 09:53:38', '2026-04-14 09:53:38'),
	(788, 1010, NULL, '2026-04-13', 2, '250T', 'Manual', '20:00:00', '20:11:00', 0.01, 11, 0, 60, 'Apr', 3, '2026-04-14 09:53:38', '2026-04-14 09:53:38'),
	(789, 1016, NULL, '2026-04-13', 2, '250T', 'Manual', '20:09:00', '20:16:00', 0.00, 7, 0, 48, 'Apr', 3, '2026-04-14 09:53:38', '2026-04-14 09:53:38'),
	(790, 1054, NULL, '2026-04-13', 2, '250T', 'Manual', '20:15:00', '22:27:00', 0.09, 132, 10, 600, 'Apr', 3, '2026-04-14 09:53:38', '2026-04-14 09:53:38'),
	(791, 1017, NULL, '2026-04-13', 2, '250T', 'Manual', '22:25:00', '23:57:00', 0.06, 92, 0, 600, 'Apr', 3, '2026-04-14 09:53:38', '2026-04-14 09:53:38'),
	(792, 1037, NULL, '2026-04-13', 2, '250T', 'Manual', '23:55:00', '02:35:00', 0.11, 160, 60, 648, 'Apr', 3, '2026-04-14 09:53:38', '2026-04-14 09:53:38'),
	(793, 1035, NULL, '2026-04-13', 2, '250T', 'Manual', '02:30:00', '04:13:00', 0.07, 103, 10, 630, 'Apr', 3, '2026-04-14 09:53:38', '2026-04-14 09:53:38'),
	(794, 1049, NULL, '2026-04-13', 2, '250T', 'Manual', '04:13:00', '04:50:00', 0.03, 37, 0, 200, 'Apr', 3, '2026-04-14 09:53:38', '2026-04-14 09:53:38'),
	(795, 1166, NULL, '2026-04-11', 1, '800T', 'Auto', '16:18:00', '17:45:00', 1.45, 87, 15, 200, 'Apr', 1, '2026-04-14 11:01:05', '2026-04-14 11:01:05'),
	(796, 1097, NULL, '2026-04-11', 1, '800T', 'Auto', '17:45:00', '19:50:00', 2.08, 125, 20, 300, 'Apr', 1, '2026-04-14 11:01:05', '2026-04-14 11:01:05');

-- Dumping structure for table ppm_dies_monitoring_april.sessions
CREATE TABLE IF NOT EXISTS `sessions` (
  `id` varchar(255) CHARACTER SET utf8mb4 COLLATE utf8mb4_unicode_ci NOT NULL,
  `user_id` bigint unsigned DEFAULT NULL,
  `ip_address` varchar(45) CHARACTER SET utf8mb4 COLLATE utf8mb4_unicode_ci DEFAULT NULL,
  `user_agent` text CHARACTER SET utf8mb4 COLLATE utf8mb4_unicode_ci,
  `payload` longtext CHARACTER SET utf8mb4 COLLATE utf8mb4_unicode_ci NOT NULL,
  `last_activity` int NOT NULL,
  PRIMARY KEY (`id`),
  KEY `sessions_user_id_index` (`user_id`),
  KEY `sessions_last_activity_index` (`last_activity`)
) ENGINE=InnoDB DEFAULT CHARSET=utf8mb4 COLLATE=utf8mb4_unicode_ci;

-- Dumping data for table ppm_dies_monitoring_april.sessions: ~2 rows (approximately)
DELETE FROM `sessions`;
INSERT INTO `sessions` (`id`, `user_id`, `ip_address`, `user_agent`, `payload`, `last_activity`) VALUES
	('ItEm9VB7li3Hmz3EusTfqeXYvyEsf5IAEPLlI6ua', 1, '192.168.1.100', 'Mozilla/5.0 (Windows NT 10.0; Win64; x64; rv:149.0) Gecko/20100101 Firefox/149.0', 'YTo0OntzOjY6Il90b2tlbiI7czo0MDoiWGtIWHl1azVDOU56akNqY3BoSDIxczI5TjNFM05nYkxhQkVXeG9WQyI7czo5OiJfcHJldmlvdXMiO2E6MTp7czozOiJ1cmwiO3M6MzM6Imh0dHA6Ly8xOTIuMTY4LjEuNzo4MDAyL2Rhc2hib2FyZCI7fXM6NjoiX2ZsYXNoIjthOjI6e3M6Mzoib2xkIjthOjA6e31zOjM6Im5ldyI7YTowOnt9fXM6NTA6ImxvZ2luX3dlYl81OWJhMzZhZGRjMmIyZjk0MDE1ODBmMDE0YzdmNThlYTRlMzA5ODlkIjtpOjE7fQ==', 1776306591),
	('JDvax6Lf416iPEQeJM3XykypWBRKHgh8myJxMoR6', 2, '192.168.1.100', 'Mozilla/5.0 (Windows NT 10.0; Win64; x64) AppleWebKit/537.36 (KHTML, like Gecko) Chrome/147.0.0.0 Safari/537.36 Edg/147.0.0.0', 'YTozOntzOjY6Il90b2tlbiI7czo0MDoiNDlEZDk4WE16YzA4RUxRTUxRUkw4WW11TFF0RXF2dVpham1KZjdhMiI7czo2OiJfZmxhc2giO2E6Mjp7czozOiJvbGQiO2E6MDp7fXM6MzoibmV3IjthOjA6e319czo1MDoibG9naW5fd2ViXzU5YmEzNmFkZGMyYjJmOTQwMTU4MGYwMTRjN2Y1OGVhNGUzMDk4OWQiO2k6Mjt9', 1776306544),
	('Lc53bPtOv3L2eSfKiAy3h4fiQ3DHI2waTMACcEuJ', NULL, '192.168.1.7', 'Mozilla/5.0 (Windows NT 10.0; Win64; x64) AppleWebKit/537.36 (KHTML, like Gecko) Chrome/109.0.0.0 Safari/537.36', 'YTozOntzOjY6Il90b2tlbiI7czo0MDoiaEVvcGViNVNFc3BTUnN1NGNUdWdCMldFM3lOajZtc3VSd0FDcVRoSCI7czo5OiJfcHJldmlvdXMiO2E6MTp7czozOiJ1cmwiO3M6MjM6Imh0dHA6Ly8xOTIuMTY4LjEuNzo4MDAyIjt9czo2OiJfZmxhc2giO2E6Mjp7czozOiJvbGQiO2E6MDp7fXM6MzoibmV3IjthOjA6e319fQ==', 1776304372),
	('xr9IONb90MGvaXxDppJcXIdxNLDppORaBZFOT87L', 2, '192.168.1.83', 'Mozilla/5.0 (Windows NT 10.0; Win64; x64) AppleWebKit/537.36 (KHTML, like Gecko) Chrome/109.0.0.0 Safari/537.36', 'YTo0OntzOjY6Il90b2tlbiI7czo0MDoiY0o2WEtQdWlYSUZqbTV1NGlaamRyVmE0OFFhSVRoVkcyT1FQNWtHOCI7czo5OiJfcHJldmlvdXMiO2E6MTp7czozOiJ1cmwiO3M6Mjk6Imh0dHA6Ly8xOTIuMTY4LjEuNzo4MDAyL2xvZ2luIjt9czo2OiJfZmxhc2giO2E6Mjp7czozOiJvbGQiO2E6MDp7fXM6MzoibmV3IjthOjA6e319czo1MDoibG9naW5fd2ViXzU5YmEzNmFkZGMyYjJmOTQwMTU4MGYwMTRjN2Y1OGVhNGUzMDk4OWQiO2k6Mjt9', 1776302952);

-- Dumping structure for table ppm_dies_monitoring_april.special_dies_repairs
CREATE TABLE IF NOT EXISTS `special_dies_repairs` (
  `id` bigint unsigned NOT NULL AUTO_INCREMENT,
  `die_id` bigint unsigned NOT NULL,
  `repair_type` varchar(50) CHARACTER SET utf8mb4 COLLATE utf8mb4_unicode_ci NOT NULL,
  `priority` varchar(20) CHARACTER SET utf8mb4 COLLATE utf8mb4_unicode_ci NOT NULL DEFAULT 'high',
  `status` varchar(30) CHARACTER SET utf8mb4 COLLATE utf8mb4_unicode_ci NOT NULL DEFAULT 'pending',
  `reason` text CHARACTER SET utf8mb4 COLLATE utf8mb4_unicode_ci NOT NULL,
  `description` text CHARACTER SET utf8mb4 COLLATE utf8mb4_unicode_ci,
  `requested_by` varchar(100) CHARACTER SET utf8mb4 COLLATE utf8mb4_unicode_ci DEFAULT NULL,
  `approved_by` varchar(100) CHARACTER SET utf8mb4 COLLATE utf8mb4_unicode_ci DEFAULT NULL,
  `requested_at` timestamp NULL DEFAULT NULL,
  `approved_at` timestamp NULL DEFAULT NULL,
  `started_at` timestamp NULL DEFAULT NULL,
  `completed_at` timestamp NULL DEFAULT NULL,
  `pic` varchar(100) CHARACTER SET utf8mb4 COLLATE utf8mb4_unicode_ci DEFAULT NULL,
  `work_performed` text CHARACTER SET utf8mb4 COLLATE utf8mb4_unicode_ci,
  `parts_replaced` text CHARACTER SET utf8mb4 COLLATE utf8mb4_unicode_ci,
  `findings` text CHARACTER SET utf8mb4 COLLATE utf8mb4_unicode_ci,
  `recommendations` text CHARACTER SET utf8mb4 COLLATE utf8mb4_unicode_ci,
  `is_ppm_interrupted` tinyint(1) NOT NULL DEFAULT '0',
  `is_urgent_delivery` tinyint(1) NOT NULL DEFAULT '0',
  `delivery_deadline` date DEFAULT NULL,
  `customer_po` varchar(100) CHARACTER SET utf8mb4 COLLATE utf8mb4_unicode_ci DEFAULT NULL,
  `estimated_hours` int DEFAULT NULL,
  `actual_hours` int DEFAULT NULL,
  `previous_ppm_status` varchar(50) CHARACTER SET utf8mb4 COLLATE utf8mb4_unicode_ci DEFAULT NULL,
  `previous_location` varchar(100) CHARACTER SET utf8mb4 COLLATE utf8mb4_unicode_ci DEFAULT NULL,
  `notes` text CHARACTER SET utf8mb4 COLLATE utf8mb4_unicode_ci,
  `created_by` bigint unsigned DEFAULT NULL,
  `created_at` timestamp NULL DEFAULT NULL,
  `updated_at` timestamp NULL DEFAULT NULL,
  PRIMARY KEY (`id`),
  KEY `special_dies_repairs_die_id_foreign` (`die_id`),
  KEY `special_dies_repairs_created_by_foreign` (`created_by`),
  CONSTRAINT `special_dies_repairs_created_by_foreign` FOREIGN KEY (`created_by`) REFERENCES `users` (`id`),
  CONSTRAINT `special_dies_repairs_die_id_foreign` FOREIGN KEY (`die_id`) REFERENCES `dies` (`id`) ON DELETE CASCADE
) ENGINE=InnoDB DEFAULT CHARSET=utf8mb4 COLLATE=utf8mb4_unicode_ci;

-- Dumping data for table ppm_dies_monitoring_april.special_dies_repairs: ~0 rows (approximately)
DELETE FROM `special_dies_repairs`;

-- Dumping structure for table ppm_dies_monitoring_april.tonnage_standards
CREATE TABLE IF NOT EXISTS `tonnage_standards` (
  `id` bigint unsigned NOT NULL AUTO_INCREMENT,
  `tonnage` varchar(20) CHARACTER SET utf8mb4 COLLATE utf8mb4_unicode_ci NOT NULL,
  `grade` varchar(10) CHARACTER SET utf8mb4 COLLATE utf8mb4_unicode_ci NOT NULL,
  `type` varchar(50) CHARACTER SET utf8mb4 COLLATE utf8mb4_unicode_ci DEFAULT NULL,
  `standard_stroke` int NOT NULL,
  `lot_size` int NOT NULL DEFAULT '2500',
  `description` text CHARACTER SET utf8mb4 COLLATE utf8mb4_unicode_ci,
  `created_at` timestamp NULL DEFAULT NULL,
  `updated_at` timestamp NULL DEFAULT NULL,
  PRIMARY KEY (`id`)
) ENGINE=InnoDB AUTO_INCREMENT=6 DEFAULT CHARSET=utf8mb4 COLLATE=utf8mb4_unicode_ci;

-- Dumping data for table ppm_dies_monitoring_april.tonnage_standards: ~4 rows (approximately)
DELETE FROM `tonnage_standards`;
INSERT INTO `tonnage_standards` (`id`, `tonnage`, `grade`, `type`, `standard_stroke`, `lot_size`, `description`, `created_at`, `updated_at`) VALUES
	(1, '1200T', 'D', 'Tandem Auto', 5000, 600, '1200 Ton Press - Grade D', '2026-01-21 10:41:16', '2026-03-03 19:48:57'),
	(3, '250T Progressive', 'A', 'Progressive', 10000, 600, '250T Progressive - Grade A', '2026-01-21 10:41:16', '2026-03-03 19:54:35'),
	(4, '250T', 'B', 'Tandem', 7000, 600, '250 Ton Press - Grade B (Tandem)', '2026-01-21 10:41:16', '2026-03-03 19:55:22'),
	(5, '800T', 'C', 'Tandem Auto', 6000, 600, NULL, '2026-03-03 19:45:17', '2026-04-13 07:59:47');

-- Dumping structure for table ppm_dies_monitoring_april.users
CREATE TABLE IF NOT EXISTS `users` (
  `id` bigint unsigned NOT NULL AUTO_INCREMENT,
  `name` varchar(255) CHARACTER SET utf8mb4 COLLATE utf8mb4_unicode_ci NOT NULL,
  `nik` varchar(20) CHARACTER SET utf8mb4 COLLATE utf8mb4_unicode_ci DEFAULT NULL,
  `email` varchar(255) CHARACTER SET utf8mb4 COLLATE utf8mb4_unicode_ci NOT NULL,
  `role` varchar(20) CHARACTER SET utf8mb4 COLLATE utf8mb4_unicode_ci NOT NULL DEFAULT 'production',
  `photo` varchar(255) CHARACTER SET utf8mb4 COLLATE utf8mb4_unicode_ci DEFAULT NULL,
  `is_active` tinyint(1) NOT NULL DEFAULT '1',
  `email_verified_at` timestamp NULL DEFAULT NULL,
  `password` varchar(255) CHARACTER SET utf8mb4 COLLATE utf8mb4_unicode_ci NOT NULL,
  `remember_token` varchar(100) CHARACTER SET utf8mb4 COLLATE utf8mb4_unicode_ci DEFAULT NULL,
  `created_at` timestamp NULL DEFAULT NULL,
  `updated_at` timestamp NULL DEFAULT NULL,
  PRIMARY KEY (`id`),
  UNIQUE KEY `users_email_unique` (`email`),
  UNIQUE KEY `users_nik_unique` (`nik`)
) ENGINE=InnoDB AUTO_INCREMENT=12 DEFAULT CHARSET=utf8mb4 COLLATE=utf8mb4_unicode_ci;

-- Dumping data for table ppm_dies_monitoring_april.users: ~10 rows (approximately)
DELETE FROM `users`;
INSERT INTO `users` (`id`, `name`, `nik`, `email`, `role`, `photo`, `is_active`, `email_verified_at`, `password`, `remember_token`, `created_at`, `updated_at`) VALUES
	(1, 'Administrator', '000.00.00', 'admin@gmail.com', 'admin', 'photos/users/BOlil4n4GgP1sh3RupmbDJQehjlNsUhS1dgGCpxH.jpg', 1, NULL, '$2y$12$AZRbOyrHCJIzJMkef/OC4OOokyjCG8IxSrRgFKx8iIE.M.zKv5n7C', NULL, '2026-01-21 10:42:09', '2026-03-09 23:53:20'),
	(2, 'Rydha Ramlan Gunawan', '243.09.10', 'maintenance.dies@thaisummit.co.id', 'mtn_dies', NULL, 1, NULL, '$2y$12$x.59xKVhZKzu3mrMQepGKupPeAwH2LJLEOZ88N6VfhyEg96ww5rc.', 'Ff8bvPUELGapNblSx1nrTZfqalcDWSq90mQfSWdB00Y15jVIDS9jeH3n5asY', '2026-01-21 20:14:36', '2026-03-13 01:48:23'),
	(3, 'Yadi Heryadi', '072.05.08', 'production.eng@thaisummit.co.id', 'pe', 'photos/users/KKUo96jmJS04AepaPbN5LTVZi1tIbRcqziN8mGZn.jpg', 1, NULL, '$2y$12$x.59xKVhZKzu3mrMQepGKupPeAwH2LJLEOZ88N6VfhyEg96ww5rc.', 'M1cLMgRUfgdcvqFXYJsDtcP3PpwlV24trZTrYg7NHuHVZgOYyRPTgum7k0HF', '2026-01-21 20:25:16', '2026-03-09 23:44:38'),
	(4, 'Pakpoom Luedee', '838.01.23', 'testing@thaisummit.co.id', 'md', NULL, 1, NULL, '$2y$12$j1mhiV7NfS6YTuiqZYZx..2G4GeF9UERKsVdDTl2AAB88S7ZLcTEa', NULL, '2026-01-30 01:16:02', '2026-03-11 19:34:11'),
	(5, 'Sakti Oktaviani', '941.03.25', 'ppic-09@thaisummit.co.id', 'ppic', NULL, 1, NULL, '$2y$12$UYydkLbn7.Xq70IyR6LweeZmlIyH9471Jr8NQ2psGKoJtKPaeiQmK', NULL, '2026-02-15 20:46:47', '2026-03-16 05:04:43'),
	(7, 'Indriani', '578.09.13', 'production-02@thaisummit.co.id', 'production', 'photos/users/JyRmLeN8N6Wz1tVT6U5gXOK7QetdwAfIhjuQn4TG.png', 1, NULL, '$2y$12$0MPww6BCw/Imaj.pr1hekOKCo5UbHg.w7/vFSOFw4tyU1CZOTvO5y', 'sy8nce87P9efjLsYznkyUsb1ZmrFA5lEPxbYcsT6gOKQtPyF1tURciEUVFDj', '2026-03-09 00:24:55', '2026-03-09 23:44:17'),
	(8, 'Didin Jahrudin', '630.07.14', 'it-01@thaisummit.co.id', 'admin', NULL, 1, NULL, '$2y$12$5vAWuSSz5skbf5mHnQTxx.b2dutyVzW9hUbvphwftn8FrgiJwIik6', NULL, '2026-03-09 00:26:13', '2026-03-09 00:26:13'),
	(9, 'Wildan Fathur Rohman', '943.04.25', 'it-03@thaisummit.co.id', 'production', 'photos/users/J9rGjSQiNmW2drCaFA9PHf2QB0uDUXj31bQPV9vP.jpg', 1, NULL, '$2y$12$f3Izh661VP9L1fScmsBDN.WnnaXM.YhpJUvni3QzeDV8kIhF5tQ3G', NULL, '2026-03-09 23:22:23', '2026-03-09 23:22:23'),
	(10, 'Idham Basir', '631.08.14', 'testing2@thaisummit.co.id', 'mgr_gm', 'photos/users/k4TXLPmJXqjlslgL1YiDvQbSnw5cPSxeRnU31xdB.jpg', 1, NULL, '$2y$12$IY0VQm2l5aARhY0IE602Zuq/iC0PZFPNvErStqsWbDP5DHN.2rKma', NULL, '2026-03-09 23:46:36', '2026-03-09 23:47:19'),
	(11, 'Iyan Supadiyanto', '606.10.13', 'production-01@thaisummit.co.id', 'pe', 'photos/users/3BvQDCI3ERb4ajHyGHvNxfx3eJCiiLE9tKy0OXFC.jpg', 1, NULL, '$2y$12$XHZkKfEQHLgYK196./TPr..vxaDFq3oR7HxLo/VZafYI2NvsKQb9y', NULL, '2026-03-09 23:48:16', '2026-03-09 23:48:16');

-- Dumping structure for table ppm_dies_monitoring_april.user_messages
CREATE TABLE IF NOT EXISTS `user_messages` (
  `id` bigint unsigned NOT NULL AUTO_INCREMENT,
  `sender_id` bigint unsigned NOT NULL,
  `receiver_id` bigint unsigned DEFAULT NULL,
  `receiver_role` varchar(20) COLLATE utf8mb4_unicode_ci DEFAULT NULL,
  `die_id` bigint unsigned DEFAULT NULL,
  `subject` varchar(200) COLLATE utf8mb4_unicode_ci NOT NULL,
  `message` text COLLATE utf8mb4_unicode_ci NOT NULL,
  `priority` enum('normal','urgent','critical') COLLATE utf8mb4_unicode_ci NOT NULL DEFAULT 'normal',
  `category` enum('coordination','schedule_change','urgent_issue','ppm_update','general') COLLATE utf8mb4_unicode_ci NOT NULL DEFAULT 'general',
  `parent_id` bigint unsigned DEFAULT NULL,
  `is_read` tinyint(1) NOT NULL DEFAULT '0',
  `read_at` timestamp NULL DEFAULT NULL,
  `created_at` timestamp NULL DEFAULT NULL,
  `updated_at` timestamp NULL DEFAULT NULL,
  PRIMARY KEY (`id`),
  KEY `user_messages_parent_id_foreign` (`parent_id`),
  KEY `user_messages_receiver_id_is_read_index` (`receiver_id`,`is_read`),
  KEY `user_messages_receiver_role_is_read_index` (`receiver_role`,`is_read`),
  KEY `user_messages_sender_id_created_at_index` (`sender_id`,`created_at`),
  KEY `user_messages_die_id_index` (`die_id`),
  CONSTRAINT `user_messages_die_id_foreign` FOREIGN KEY (`die_id`) REFERENCES `dies` (`id`) ON DELETE SET NULL,
  CONSTRAINT `user_messages_parent_id_foreign` FOREIGN KEY (`parent_id`) REFERENCES `user_messages` (`id`) ON DELETE SET NULL,
  CONSTRAINT `user_messages_receiver_id_foreign` FOREIGN KEY (`receiver_id`) REFERENCES `users` (`id`) ON DELETE SET NULL,
  CONSTRAINT `user_messages_sender_id_foreign` FOREIGN KEY (`sender_id`) REFERENCES `users` (`id`) ON DELETE CASCADE
) ENGINE=InnoDB AUTO_INCREMENT=2 DEFAULT CHARSET=utf8mb4 COLLATE=utf8mb4_unicode_ci;

-- Dumping data for table ppm_dies_monitoring_april.user_messages: ~1 rows (approximately)
DELETE FROM `user_messages`;
INSERT INTO `user_messages` (`id`, `sender_id`, `receiver_id`, `receiver_role`, `die_id`, `subject`, `message`, `priority`, `category`, `parent_id`, `is_read`, `read_at`, `created_at`, `updated_at`) VALUES
	(1, 2, 5, NULL, NULL, '63131-TG4-U000-50', 'Ini yang di minta plan untuk next lot nya bukan informasi untuk last lot', 'normal', 'general', NULL, 1, '2026-04-14 09:36:55', '2026-04-14 09:35:02', '2026-04-14 09:36:55');

/*!40103 SET TIME_ZONE=IFNULL(@OLD_TIME_ZONE, 'system') */;
/*!40101 SET SQL_MODE=IFNULL(@OLD_SQL_MODE, '') */;
/*!40014 SET FOREIGN_KEY_CHECKS=IFNULL(@OLD_FOREIGN_KEY_CHECKS, 1) */;
/*!40101 SET CHARACTER_SET_CLIENT=@OLD_CHARACTER_SET_CLIENT */;
/*!40111 SET SQL_NOTES=IFNULL(@OLD_SQL_NOTES, 1) */;
