-- --------------------------------------------------------
-- Host:                         127.0.0.1
-- Server version:               5.7.24 - MySQL Community Server (GPL)
-- Server OS:                    Win64
-- HeidiSQL Version:             12.5.0.6677
-- --------------------------------------------------------

/*!40101 SET @OLD_CHARACTER_SET_CLIENT=@@CHARACTER_SET_CLIENT */;
/*!40101 SET NAMES utf8 */;
/*!50503 SET NAMES utf8mb4 */;
/*!40103 SET @OLD_TIME_ZONE=@@TIME_ZONE */;
/*!40103 SET TIME_ZONE='+00:00' */;
/*!40014 SET @OLD_FOREIGN_KEY_CHECKS=@@FOREIGN_KEY_CHECKS, FOREIGN_KEY_CHECKS=0 */;
/*!40101 SET @OLD_SQL_MODE=@@SQL_MODE, SQL_MODE='NO_AUTO_VALUE_ON_ZERO' */;
/*!40111 SET @OLD_SQL_NOTES=@@SQL_NOTES, SQL_NOTES=0 */;


-- Dumping database structure for ppm_dies_monitoring
CREATE DATABASE IF NOT EXISTS `ppm_dies_monitoring` /*!40100 DEFAULT CHARACTER SET latin1 */;
USE `ppm_dies_monitoring`;

-- Dumping structure for table ppm_dies_monitoring.cache
CREATE TABLE IF NOT EXISTS `cache` (
  `key` varchar(255) COLLATE utf8mb4_unicode_ci NOT NULL,
  `value` mediumtext COLLATE utf8mb4_unicode_ci NOT NULL,
  `expiration` int(11) NOT NULL,
  PRIMARY KEY (`key`)
) ENGINE=InnoDB DEFAULT CHARSET=utf8mb4 COLLATE=utf8mb4_unicode_ci;

-- Dumping data for table ppm_dies_monitoring.cache: ~0 rows (approximately)

-- Dumping structure for table ppm_dies_monitoring.cache_locks
CREATE TABLE IF NOT EXISTS `cache_locks` (
  `key` varchar(255) COLLATE utf8mb4_unicode_ci NOT NULL,
  `owner` varchar(255) COLLATE utf8mb4_unicode_ci NOT NULL,
  `expiration` int(11) NOT NULL,
  PRIMARY KEY (`key`)
) ENGINE=InnoDB DEFAULT CHARSET=utf8mb4 COLLATE=utf8mb4_unicode_ci;

-- Dumping data for table ppm_dies_monitoring.cache_locks: ~0 rows (approximately)

-- Dumping structure for table ppm_dies_monitoring.customers
CREATE TABLE IF NOT EXISTS `customers` (
  `id` bigint(20) unsigned NOT NULL AUTO_INCREMENT,
  `code` varchar(20) COLLATE utf8mb4_unicode_ci NOT NULL,
  `name` varchar(100) COLLATE utf8mb4_unicode_ci NOT NULL,
  `contact_person` varchar(255) COLLATE utf8mb4_unicode_ci DEFAULT NULL,
  `email` varchar(255) COLLATE utf8mb4_unicode_ci DEFAULT NULL,
  `phone` varchar(255) COLLATE utf8mb4_unicode_ci DEFAULT NULL,
  `address` text COLLATE utf8mb4_unicode_ci,
  `is_active` tinyint(1) NOT NULL DEFAULT '1',
  `created_at` timestamp NULL DEFAULT NULL,
  `updated_at` timestamp NULL DEFAULT NULL,
  PRIMARY KEY (`id`),
  UNIQUE KEY `customers_code_unique` (`code`)
) ENGINE=InnoDB AUTO_INCREMENT=8 DEFAULT CHARSET=utf8mb4 COLLATE=utf8mb4_unicode_ci;

-- Dumping data for table ppm_dies_monitoring.customers: ~7 rows (approximately)
REPLACE INTO `customers` (`id`, `code`, `name`, `contact_person`, `email`, `phone`, `address`, `is_active`, `created_at`, `updated_at`) VALUES
	(1, 'HMMI', 'Honda Motor Manufacturing Indonesia', NULL, NULL, NULL, NULL, 1, '2026-04-01 08:55:48', '2026-04-01 08:55:48'),
	(2, 'ATS', 'Astra Toyota Motor', NULL, NULL, NULL, NULL, 1, '2026-04-01 08:55:48', '2026-04-01 08:55:48'),
	(3, 'UPIN', 'UPIN Manufacturing', NULL, NULL, NULL, NULL, 1, '2026-04-01 08:55:48', '2026-04-01 08:55:48'),
	(4, 'G-TIM', 'G-TIM Industries', NULL, NULL, NULL, NULL, 1, '2026-04-01 08:55:48', '2026-04-01 08:55:48'),
	(5, 'SIM', 'Suzuki Indomobil Motor', NULL, NULL, NULL, NULL, 1, '2026-04-01 08:55:48', '2026-04-01 08:55:48'),
	(6, 'TMMIN', 'Toyota Motor Manufacturing Indonesia', NULL, NULL, NULL, NULL, 1, '2026-04-01 08:55:48', '2026-04-01 08:55:48'),
	(7, 'ASI', 'ASI Manufacturing', NULL, NULL, NULL, NULL, 1, '2026-04-01 08:55:48', '2026-04-01 08:55:48');

-- Dumping structure for table ppm_dies_monitoring.dies
CREATE TABLE IF NOT EXISTS `dies` (
  `id` bigint(20) unsigned NOT NULL AUTO_INCREMENT,
  `part_number` varchar(50) COLLATE utf8mb4_unicode_ci NOT NULL,
  `part_name` varchar(200) COLLATE utf8mb4_unicode_ci NOT NULL,
  `model` varchar(50) COLLATE utf8mb4_unicode_ci DEFAULT NULL,
  `machine_model_id` bigint(20) unsigned NOT NULL,
  `customer_id` bigint(20) unsigned NOT NULL,
  `lot_size` int(11) NOT NULL DEFAULT '600',
  `ppm_standard` int(11) NOT NULL DEFAULT '6000',
  `qty_die` int(11) NOT NULL DEFAULT '1',
  `line` varchar(20) COLLATE utf8mb4_unicode_ci DEFAULT NULL,
  `process_type` varchar(30) COLLATE utf8mb4_unicode_ci DEFAULT NULL COMMENT 'Process type: blank_pierce, draw, embos, trim, form, flang, restrike, pierce, cam_pierce',
  `die_group` varchar(10) COLLATE utf8mb4_unicode_ci DEFAULT NULL,
  `is_4lot_check` tinyint(1) NOT NULL DEFAULT '0',
  `accumulation_stroke` int(11) NOT NULL DEFAULT '0',
  `ppm_count` int(11) NOT NULL DEFAULT '0',
  `stroke_at_last_ppm` int(11) NOT NULL DEFAULT '0',
  `last_stroke` int(11) NOT NULL DEFAULT '0',
  `control_stroke` int(11) DEFAULT NULL,
  `last_ppm_date` date DEFAULT NULL,
  `location` varchar(100) COLLATE utf8mb4_unicode_ci DEFAULT NULL,
  `status` enum('active','inactive','maintenance','disposed') COLLATE utf8mb4_unicode_ci NOT NULL DEFAULT 'active',
  `ppm_alert_status` varchar(50) COLLATE utf8mb4_unicode_ci DEFAULT NULL,
  `red_alerted_at` timestamp NULL DEFAULT NULL,
  `ppm_started_at` timestamp NULL DEFAULT NULL,
  `ppm_finished_at` timestamp NULL DEFAULT NULL,
  `returned_to_production_at` timestamp NULL DEFAULT NULL,
  `ppm_total_days` int(11) DEFAULT NULL,
  `ppm_scheduled_date` date DEFAULT NULL,
  `ppm_scheduled_by` varchar(100) COLLATE utf8mb4_unicode_ci DEFAULT NULL,
  `schedule_remark` text COLLATE utf8mb4_unicode_ci,
  `schedule_change_reason` text COLLATE utf8mb4_unicode_ci,
  `schedule_cancelled_at` timestamp NULL DEFAULT NULL,
  `schedule_cancelled_by` varchar(255) COLLATE utf8mb4_unicode_ci DEFAULT NULL,
  `schedule_approved_at` datetime DEFAULT NULL,
  `schedule_approved_by` varchar(100) COLLATE utf8mb4_unicode_ci DEFAULT NULL,
  `last_lot_date` date DEFAULT NULL,
  `last_lot_date_set_by` varchar(100) COLLATE utf8mb4_unicode_ci DEFAULT NULL,
  `transferred_at` timestamp NULL DEFAULT NULL,
  `transferred_by` varchar(100) COLLATE utf8mb4_unicode_ci DEFAULT NULL,
  `transfer_from_location` varchar(100) COLLATE utf8mb4_unicode_ci DEFAULT NULL,
  `transfer_to_location` varchar(100) COLLATE utf8mb4_unicode_ci DEFAULT NULL,
  `notes` text COLLATE utf8mb4_unicode_ci,
  `mtn_remark` text COLLATE utf8mb4_unicode_ci,
  `ppic_remark` text COLLATE utf8mb4_unicode_ci,
  `created_at` timestamp NULL DEFAULT NULL,
  `updated_at` timestamp NULL DEFAULT NULL,
  PRIMARY KEY (`id`),
  KEY `dies_machine_model_id_foreign` (`machine_model_id`),
  KEY `dies_customer_id_foreign` (`customer_id`),
  KEY `dies_part_number_index` (`part_number`),
  KEY `dies_status_index` (`status`),
  CONSTRAINT `dies_customer_id_foreign` FOREIGN KEY (`customer_id`) REFERENCES `customers` (`id`),
  CONSTRAINT `dies_machine_model_id_foreign` FOREIGN KEY (`machine_model_id`) REFERENCES `machine_models` (`id`)
) ENGINE=InnoDB AUTO_INCREMENT=186 DEFAULT CHARSET=utf8mb4 COLLATE=utf8mb4_unicode_ci;

-- Dumping data for table ppm_dies_monitoring.dies: ~185 rows (approximately)
REPLACE INTO `dies` (`id`, `part_number`, `part_name`, `model`, `machine_model_id`, `customer_id`, `lot_size`, `ppm_standard`, `qty_die`, `line`, `process_type`, `die_group`, `is_4lot_check`, `accumulation_stroke`, `ppm_count`, `stroke_at_last_ppm`, `last_stroke`, `control_stroke`, `last_ppm_date`, `location`, `status`, `ppm_alert_status`, `red_alerted_at`, `ppm_started_at`, `ppm_finished_at`, `returned_to_production_at`, `ppm_total_days`, `ppm_scheduled_date`, `ppm_scheduled_by`, `schedule_remark`, `schedule_change_reason`, `schedule_cancelled_at`, `schedule_cancelled_by`, `schedule_approved_at`, `schedule_approved_by`, `last_lot_date`, `last_lot_date_set_by`, `transferred_at`, `transferred_by`, `transfer_from_location`, `transfer_to_location`, `notes`, `mtn_remark`, `ppic_remark`, `created_at`, `updated_at`) VALUES
	(1, '5211A428', 'BAR, FR END UPR, SIDE RH', '20QX', 1, 2, 600, 6000, 4, '800T', NULL, NULL, 0, 0, 0, 0, 0, NULL, '2026-03-10', NULL, 'active', NULL, NULL, NULL, NULL, NULL, NULL, NULL, NULL, NULL, NULL, NULL, NULL, NULL, NULL, NULL, NULL, NULL, NULL, NULL, NULL, NULL, NULL, NULL, '2026-04-01 08:55:48', '2026-04-01 08:55:48'),
	(2, '5211A429', 'BAR, FR END UPR, SIDE LH', '20QX', 1, 2, 600, 6000, 4, '800T', NULL, NULL, 0, 0, 0, 0, 0, NULL, '2026-03-04', NULL, 'active', NULL, NULL, NULL, NULL, NULL, NULL, NULL, NULL, NULL, NULL, NULL, NULL, NULL, NULL, NULL, NULL, NULL, NULL, NULL, NULL, NULL, NULL, NULL, '2026-04-01 08:55:48', '2026-04-01 08:55:48'),
	(3, '76452-W100P', 'SILL-INR,RH', 'RNE', 2, 2, 600, 6000, 4, '800T', NULL, NULL, 0, 0, 0, 0, 1964, NULL, '2026-03-11', NULL, 'active', NULL, NULL, NULL, NULL, NULL, NULL, NULL, NULL, NULL, NULL, NULL, NULL, NULL, NULL, NULL, NULL, NULL, NULL, NULL, NULL, NULL, NULL, NULL, '2026-04-01 08:55:48', '2026-04-01 08:55:48'),
	(4, '76452-B000P', 'SILL-INR,RH', '5H45 (RV)', 3, 2, 600, 6000, 4, '800T', NULL, NULL, 0, 0, 0, 0, 1964, NULL, '2026-03-11', NULL, 'active', NULL, NULL, NULL, NULL, NULL, NULL, NULL, NULL, NULL, NULL, NULL, NULL, NULL, NULL, NULL, NULL, NULL, NULL, NULL, NULL, NULL, NULL, NULL, '2026-04-01 08:55:48', '2026-04-01 08:55:48'),
	(5, '76452-C000P', 'SILL-INR,RH', '5H45 (RX)', 4, 2, 600, 6000, 1, '800T', NULL, NULL, 0, 0, 0, 0, 1964, NULL, '2026-03-11', NULL, 'active', NULL, NULL, NULL, NULL, NULL, NULL, NULL, NULL, NULL, NULL, NULL, NULL, NULL, NULL, NULL, NULL, NULL, NULL, NULL, NULL, NULL, NULL, NULL, '2026-04-01 08:55:48', '2026-04-01 08:55:48'),
	(6, '76453-B000P', 'SILL-INR,LH', '5H45 (RV)', 3, 2, 600, 6000, 3, '800T', NULL, NULL, 0, 0, 0, 0, 469, NULL, '2026-03-12', NULL, 'active', NULL, NULL, NULL, NULL, NULL, NULL, NULL, NULL, NULL, NULL, NULL, NULL, NULL, NULL, NULL, NULL, NULL, NULL, NULL, NULL, NULL, NULL, NULL, '2026-04-01 08:55:48', '2026-04-01 08:55:48'),
	(7, '76453-C000P', 'SILL-INR,LH', '5H45 (RX)', 4, 2, 600, 6000, 1, '800T', NULL, NULL, 0, 0, 0, 0, 469, NULL, '2026-03-12', NULL, 'active', NULL, NULL, NULL, NULL, NULL, NULL, NULL, NULL, NULL, NULL, NULL, NULL, NULL, NULL, NULL, NULL, NULL, NULL, NULL, NULL, NULL, NULL, NULL, '2026-04-01 08:55:48', '2026-04-01 08:55:48'),
	(8, '76452-B010P', 'SILL-INR,RH', '5H45 (RVE)', 5, 2, 600, 6000, 4, '800T', NULL, NULL, 0, 0, 0, 0, 1964, NULL, '2026-03-11', NULL, 'active', NULL, NULL, NULL, NULL, NULL, NULL, NULL, NULL, NULL, NULL, NULL, NULL, NULL, NULL, NULL, NULL, NULL, NULL, NULL, NULL, NULL, NULL, NULL, '2026-04-01 08:55:48', '2026-04-01 08:55:48'),
	(9, '76453-B020P', 'SILL-INR,LH', '5H45 (RVE)', 5, 2, 600, 6000, 3, '800T', NULL, NULL, 0, 0, 0, 0, 469, NULL, '2026-03-12', NULL, 'active', NULL, NULL, NULL, NULL, NULL, NULL, NULL, NULL, NULL, NULL, NULL, NULL, NULL, NULL, NULL, NULL, NULL, NULL, NULL, NULL, NULL, NULL, NULL, '2026-04-01 08:55:48', '2026-04-01 08:55:48'),
	(10, '764B0-B000P', 'REINF-SILL OTR,FR RH', '5H45 (RV)', 3, 2, 600, 6000, 5, '800T', NULL, NULL, 0, 0, 0, 0, 1050, NULL, '2026-03-13', NULL, 'active', NULL, NULL, NULL, NULL, NULL, NULL, NULL, NULL, NULL, NULL, NULL, NULL, NULL, NULL, NULL, NULL, NULL, NULL, NULL, NULL, NULL, NULL, NULL, '2026-04-01 08:55:48', '2026-04-01 08:55:48'),
	(11, '764B0-C000P', 'REINF-SILL OTR,FR RH', '5H45 (RX)', 4, 2, 600, 6000, 3, '800T', NULL, NULL, 0, 0, 0, 0, 1050, NULL, '2026-03-13', NULL, 'active', NULL, NULL, NULL, NULL, NULL, NULL, NULL, NULL, NULL, NULL, NULL, NULL, NULL, NULL, NULL, NULL, NULL, NULL, NULL, NULL, NULL, NULL, NULL, '2026-04-01 08:55:48', '2026-04-01 08:55:48'),
	(12, '764B1-B000P', 'REINF-SILL OTR,FR LH', '5H45 (RV)', 3, 2, 600, 6000, 4, '800T', NULL, NULL, 0, 0, 0, 0, 1200, NULL, '2026-03-05', NULL, 'active', NULL, NULL, NULL, NULL, NULL, NULL, NULL, NULL, NULL, NULL, NULL, NULL, NULL, NULL, NULL, NULL, NULL, NULL, NULL, NULL, NULL, NULL, NULL, '2026-04-01 08:55:48', '2026-04-01 08:55:48'),
	(13, '764B1-C000P', 'REINF-SILL OTR,FR LH', '5H45 (RX)', 4, 2, 600, 6000, 2, '800T', NULL, NULL, 0, 0, 0, 0, 1200, NULL, '2026-03-05', NULL, 'active', NULL, NULL, NULL, NULL, NULL, NULL, NULL, NULL, NULL, NULL, NULL, NULL, NULL, NULL, NULL, NULL, NULL, NULL, NULL, NULL, NULL, NULL, NULL, '2026-04-01 08:55:48', '2026-04-01 08:55:48'),
	(14, '67412-C000P', 'C/ MBR DASH', '5H45 (RX)', 4, 2, 600, 6000, 5, '800T', NULL, NULL, 0, 0, 0, 0, 4800, NULL, '2026-03-03', NULL, 'active', NULL, NULL, NULL, NULL, NULL, NULL, NULL, NULL, NULL, NULL, NULL, NULL, NULL, NULL, NULL, NULL, NULL, NULL, NULL, NULL, NULL, NULL, NULL, '2026-04-01 08:55:48', '2026-04-01 08:55:48'),
	(15, '65176-I6000', 'MBR FR SEAT CROSS RR LH/RH', 'KS', 6, 1, 600, 6000, 3, '800T', NULL, NULL, 0, 0, 0, 0, 1200, NULL, '2026-02-06', NULL, 'active', NULL, NULL, NULL, NULL, NULL, NULL, NULL, NULL, NULL, NULL, NULL, NULL, NULL, NULL, NULL, NULL, NULL, NULL, NULL, NULL, NULL, NULL, NULL, '2026-04-01 08:55:48', '2026-04-01 08:55:48'),
	(16, '65212/22-I6000', 'MBR CTR FLR SIDE LH/RH', 'KS', 6, 1, 600, 6000, 4, '800T', NULL, NULL, 0, 0, 0, 0, 1200, NULL, '2026-02-25', NULL, 'active', NULL, NULL, NULL, NULL, NULL, NULL, NULL, NULL, NULL, NULL, NULL, NULL, NULL, NULL, NULL, NULL, NULL, NULL, NULL, NULL, NULL, NULL, NULL, '2026-04-01 08:55:48', '2026-04-01 08:55:48'),
	(17, '71234/44-I6000', 'SUPPORT-FR PILLAR INR,LH/RH', 'KS', 6, 1, 600, 6000, 4, '800T', NULL, NULL, 0, 0, 0, 0, 4013, NULL, '2025-11-10', NULL, 'active', NULL, NULL, NULL, NULL, NULL, NULL, NULL, NULL, NULL, NULL, NULL, NULL, NULL, NULL, NULL, NULL, NULL, NULL, NULL, NULL, NULL, NULL, NULL, '2026-04-01 08:55:48', '2026-04-01 08:55:48'),
	(18, '71328-I6000', 'REINF S/SILL OTR CTR,RH', 'KS', 6, 1, 600, 6000, 4, '800T', NULL, NULL, 0, 0, 0, 0, 600, NULL, '2026-02-20', NULL, 'active', NULL, NULL, NULL, NULL, NULL, NULL, NULL, NULL, NULL, NULL, NULL, NULL, NULL, NULL, NULL, NULL, NULL, NULL, NULL, NULL, NULL, NULL, NULL, '2026-04-01 08:55:48', '2026-04-01 08:55:48'),
	(19, '71232-I6000', 'PILLAR FR INR UPR,LH', 'KS', 6, 1, 600, 6000, 4, '800T', NULL, NULL, 0, 0, 0, 0, 4101, NULL, '2025-11-07', NULL, 'active', NULL, NULL, NULL, NULL, NULL, NULL, NULL, NULL, NULL, NULL, NULL, NULL, NULL, NULL, NULL, NULL, NULL, NULL, NULL, NULL, NULL, NULL, NULL, '2026-04-01 08:55:48', '2026-04-01 08:55:48'),
	(20, '71454-I6000', 'REINF ASSY ROOF SIDE OTR,LH', 'KS', 6, 1, 600, 6000, 4, '800T', NULL, NULL, 0, 0, 0, 0, 1170, NULL, '2026-02-10', NULL, 'active', NULL, NULL, NULL, NULL, NULL, NULL, NULL, NULL, NULL, NULL, NULL, NULL, NULL, NULL, NULL, NULL, NULL, NULL, NULL, NULL, NULL, NULL, NULL, '2026-04-01 08:55:48', '2026-04-01 08:55:48'),
	(21, '71464-I6000', 'REINF ASSY ROOF SIDE OTR,RH', 'KS', 6, 1, 600, 6000, 4, '800T', NULL, NULL, 0, 0, 0, 0, 1101, NULL, '2026-02-11', NULL, 'active', NULL, NULL, NULL, NULL, NULL, NULL, NULL, NULL, NULL, NULL, NULL, NULL, NULL, NULL, NULL, NULL, NULL, NULL, NULL, NULL, NULL, NULL, NULL, '2026-04-01 08:55:48', '2026-04-01 08:55:48'),
	(22, '71242-I6000', 'PILLAR FR INR UPR,RH', 'KS', 6, 1, 600, 6000, 4, '800T', NULL, NULL, 0, 0, 0, 0, 1200, NULL, '2026-02-09', NULL, 'active', NULL, NULL, NULL, NULL, NULL, NULL, NULL, NULL, NULL, NULL, NULL, NULL, NULL, NULL, NULL, NULL, NULL, NULL, NULL, NULL, NULL, NULL, NULL, '2026-04-01 08:55:48', '2026-04-01 08:55:48'),
	(23, '71318-I6000', 'REINF S/SILL OTR CTR,LH', 'KS', 6, 1, 600, 6000, 4, '800T', NULL, NULL, 0, 0, 0, 0, 0, NULL, '2026-02-26', NULL, 'active', NULL, NULL, NULL, NULL, NULL, NULL, NULL, NULL, NULL, NULL, NULL, NULL, NULL, NULL, NULL, NULL, NULL, NULL, NULL, NULL, NULL, NULL, NULL, '2026-04-01 08:55:48', '2026-04-01 08:55:48'),
	(24, '71236/46-I6000', 'REINF FR PILLAR INR UPR,LH/RH', 'KS', 6, 1, 600, 6000, 5, '800T', NULL, NULL, 0, 0, 0, 0, 4643, NULL, '2025-11-06', NULL, 'active', NULL, NULL, NULL, NULL, NULL, NULL, NULL, NULL, NULL, NULL, NULL, NULL, NULL, NULL, NULL, NULL, NULL, NULL, NULL, NULL, NULL, NULL, NULL, '2026-04-01 08:55:48', '2026-04-01 08:55:48'),
	(25, '66114/164-T86-K000-50', 'GST R/L, RR PLR LWR', '2JX', 7, 4, 600, 6000, 5, '800T', NULL, NULL, 0, 0, 0, 0, 4646, NULL, '2025-12-19', NULL, 'active', NULL, NULL, NULL, NULL, NULL, NULL, NULL, NULL, NULL, NULL, NULL, NULL, NULL, NULL, NULL, NULL, NULL, NULL, NULL, NULL, NULL, NULL, NULL, '2026-04-01 08:55:48', '2026-04-01 08:55:48'),
	(26, '65701-TSV-K000-50', 'C/ MBR MID FLOOR', '3K6A', 8, 4, 600, 6000, 7, '800T', NULL, NULL, 0, 0, 0, 0, 2980, NULL, '2025-12-02', NULL, 'active', NULL, NULL, NULL, NULL, NULL, NULL, NULL, NULL, NULL, NULL, NULL, NULL, NULL, NULL, NULL, NULL, NULL, NULL, NULL, NULL, NULL, NULL, NULL, '2026-04-01 08:55:48', '2026-04-01 08:55:48'),
	(27, '66114/154-3M0-3000', 'STIFF R/L, RR PANEL SIDE', '2GN', 9, 4, 600, 6000, 5, '800T', NULL, NULL, 0, 0, 0, 0, 2576, NULL, '2025-10-24', NULL, 'active', NULL, NULL, NULL, NULL, NULL, NULL, NULL, NULL, NULL, NULL, NULL, NULL, NULL, NULL, NULL, NULL, NULL, NULL, NULL, NULL, NULL, NULL, NULL, '2026-04-01 08:55:48', '2026-04-01 08:55:48'),
	(28, '5253AH62', 'SILL F/FLR SIDE INR RH', '4L45W', 10, 2, 600, 5000, 3, '1200T', NULL, NULL, 0, 0, 0, 0, 4520, NULL, '2026-02-19', NULL, 'active', NULL, NULL, NULL, NULL, NULL, NULL, NULL, NULL, NULL, NULL, NULL, NULL, NULL, NULL, NULL, NULL, NULL, NULL, NULL, NULL, NULL, NULL, NULL, '2026-04-01 08:55:48', '2026-04-01 08:55:48'),
	(29, '5253AH61', 'SILL F/FLR SIDE INR LH', '4L45W', 10, 2, 600, 5000, 4, '1200T', NULL, NULL, 0, 0, 0, 0, 4785, NULL, '2026-02-18', NULL, 'active', NULL, NULL, NULL, NULL, NULL, NULL, NULL, NULL, NULL, NULL, NULL, NULL, NULL, NULL, NULL, NULL, NULL, NULL, NULL, NULL, NULL, NULL, NULL, '2026-04-01 08:55:48', '2026-04-01 08:55:48'),
	(30, '5240B908/909', 'BRACE DASH SIDE RH/LH', '4L45W', 10, 2, 600, 5000, 3, '1200T', NULL, NULL, 0, 0, 0, 0, 3600, NULL, '2026-02-26', NULL, 'active', NULL, NULL, NULL, NULL, NULL, NULL, NULL, NULL, NULL, NULL, NULL, NULL, NULL, NULL, NULL, NULL, NULL, NULL, NULL, NULL, NULL, NULL, NULL, '2026-04-01 08:55:48', '2026-04-01 08:55:48'),
	(31, '5253AT11/12', 'REINF ,F/FLR SIDE SILL INR LH', '4L45W', 10, 2, 600, 5000, 4, '1200T', NULL, NULL, 0, 0, 0, 0, 2419, NULL, '2026-02-27', NULL, 'active', NULL, NULL, NULL, NULL, NULL, NULL, NULL, NULL, NULL, NULL, NULL, NULL, NULL, NULL, NULL, NULL, NULL, NULL, NULL, NULL, NULL, NULL, NULL, '2026-04-01 08:55:48', '2026-04-01 08:55:48'),
	(32, '5240C305', 'PANEL, DASH (RHD)', 'QX', 11, 2, 600, 5000, 4, '1200T', NULL, NULL, 0, 0, 0, 0, 1223, NULL, '2025-11-21', NULL, 'active', NULL, NULL, NULL, NULL, NULL, NULL, NULL, NULL, NULL, NULL, NULL, NULL, NULL, NULL, NULL, NULL, NULL, NULL, NULL, NULL, NULL, NULL, NULL, '2026-04-01 08:55:48', '2026-04-01 08:55:48'),
	(33, '71378-I6000', 'REINF SIDE SILL OTR,LH', 'KS', 6, 1, 600, 5000, 4, '1200T', NULL, NULL, 0, 0, 0, 0, 4102, NULL, '2025-11-11', NULL, 'active', NULL, NULL, NULL, NULL, NULL, NULL, NULL, NULL, NULL, NULL, NULL, NULL, NULL, NULL, NULL, NULL, NULL, NULL, NULL, NULL, NULL, NULL, NULL, '2026-04-01 08:55:48', '2026-04-01 08:55:48'),
	(34, '65132-I6000', 'REINF-CTR FLOOR', 'KS', 6, 1, 600, 5000, 4, '1200T', NULL, NULL, 0, 0, 0, 0, 1200, NULL, '2026-02-02', NULL, 'active', NULL, NULL, NULL, NULL, NULL, NULL, NULL, NULL, NULL, NULL, NULL, NULL, NULL, NULL, NULL, NULL, NULL, NULL, NULL, NULL, NULL, NULL, NULL, '2026-04-01 08:55:48', '2026-04-01 08:55:48'),
	(35, '71188-I6000', 'REINF FR PILLAR OTR UPR,RH', 'KS', 6, 1, 600, 5000, 4, '1200T', NULL, NULL, 0, 0, 0, 0, 600, NULL, '2026-02-23', NULL, 'active', NULL, NULL, NULL, NULL, NULL, NULL, NULL, NULL, NULL, NULL, NULL, NULL, NULL, NULL, NULL, NULL, NULL, NULL, NULL, NULL, NULL, NULL, NULL, '2026-04-01 08:55:48', '2026-04-01 08:55:48'),
	(36, '71148-I6000', 'REINF ROOF SIDE OTR RR,RH', 'KS', 6, 1, 600, 5000, 3, '1200T', NULL, NULL, 0, 0, 0, 0, 596, NULL, '2026-02-24', NULL, 'active', NULL, NULL, NULL, NULL, NULL, NULL, NULL, NULL, NULL, NULL, NULL, NULL, NULL, NULL, NULL, NULL, NULL, NULL, NULL, NULL, NULL, NULL, NULL, '2026-04-01 08:55:48', '2026-04-01 08:55:48'),
	(37, '71132-I6000', 'REINF-FR PILLAR OTR LWR,LH', 'KS', 6, 1, 600, 5000, 4, '1200T', NULL, NULL, 0, 0, 0, 0, 2816, NULL, '2025-11-20', NULL, 'active', NULL, NULL, NULL, NULL, NULL, NULL, NULL, NULL, NULL, NULL, NULL, NULL, NULL, NULL, NULL, NULL, NULL, NULL, NULL, NULL, NULL, NULL, NULL, '2026-04-01 08:55:48', '2026-04-01 08:55:48'),
	(38, '71142-I6000', 'REINF-FR PILLAR OTR LWR,RH', 'KS', 6, 1, 600, 5000, 4, '1200T', NULL, NULL, 0, 0, 0, 0, 3458, NULL, '2025-11-03', NULL, 'active', NULL, NULL, NULL, NULL, NULL, NULL, NULL, NULL, NULL, NULL, NULL, NULL, NULL, NULL, NULL, NULL, NULL, NULL, NULL, NULL, NULL, NULL, NULL, '2026-04-01 08:55:48', '2026-04-01 08:55:48'),
	(39, '71222-I6000/I6900', 'PILLAR-FR INR LWR,RH', 'KS', 6, 1, 600, 5000, 4, '1200T', NULL, NULL, 0, 0, 0, 0, 3356, NULL, '2026-11-05', NULL, 'active', NULL, NULL, NULL, NULL, NULL, NULL, NULL, NULL, NULL, NULL, NULL, NULL, NULL, NULL, NULL, NULL, NULL, NULL, NULL, NULL, NULL, NULL, NULL, '2026-04-01 08:55:48', '2026-04-01 08:55:48'),
	(40, '65112-I6000', 'PNL-CTR FLOOR SIDE,LH', 'KS', 6, 1, 600, 5000, 4, '1200T', NULL, NULL, 0, 0, 0, 0, 3882, NULL, '2025-11-17', NULL, 'active', NULL, NULL, NULL, NULL, NULL, NULL, NULL, NULL, NULL, NULL, NULL, NULL, NULL, NULL, NULL, NULL, NULL, NULL, NULL, NULL, NULL, NULL, NULL, '2026-04-01 08:55:48', '2026-04-01 08:55:48'),
	(41, '65122-I6000', 'PNL-CTR FLOOR SIDE,RH', 'KS', 6, 1, 600, 5000, 4, '1200T', NULL, NULL, 0, 0, 0, 0, 4350, NULL, '2025-11-18', NULL, 'active', NULL, NULL, NULL, NULL, NULL, NULL, NULL, NULL, NULL, NULL, NULL, NULL, NULL, NULL, NULL, NULL, NULL, NULL, NULL, NULL, NULL, NULL, NULL, '2026-04-01 08:55:48', '2026-04-01 08:55:48'),
	(42, '65114-I6000', 'PNL-CTR FLOOR CTR', 'KS', 6, 1, 600, 5000, 4, '1200T', NULL, NULL, 0, 0, 0, 0, 600, NULL, '2026-02-27', NULL, 'active', NULL, NULL, NULL, NULL, NULL, NULL, NULL, NULL, NULL, NULL, NULL, NULL, NULL, NULL, NULL, NULL, NULL, NULL, NULL, NULL, NULL, NULL, NULL, '2026-04-01 08:55:48', '2026-04-01 08:55:48'),
	(43, '71178-I6000', 'REINF FR PILLAR OTR UPR,LH', 'KS', 6, 1, 600, 5000, 4, '1200T', NULL, NULL, 0, 0, 0, 0, 3289, NULL, '2025-10-20', NULL, 'active', NULL, NULL, NULL, NULL, NULL, NULL, NULL, NULL, NULL, NULL, NULL, NULL, NULL, NULL, NULL, NULL, NULL, NULL, NULL, NULL, NULL, NULL, NULL, '2026-04-01 08:55:48', '2026-04-01 08:55:48'),
	(44, '71138-I6000', 'REINF ROOF SIDE OTR RR,LH', 'KS', 6, 1, 600, 5000, 3, '1200T', NULL, NULL, 0, 0, 0, 0, 594, NULL, '2026-02-13', NULL, 'active', NULL, NULL, NULL, NULL, NULL, NULL, NULL, NULL, NULL, NULL, NULL, NULL, NULL, NULL, NULL, NULL, NULL, NULL, NULL, NULL, NULL, NULL, NULL, '2026-04-01 08:55:48', '2026-04-01 08:55:48'),
	(45, '71412-I6000', 'PILLAR CTR INR, LH', 'KS', 6, 1, 600, 5000, 4, '1200T', NULL, NULL, 0, 0, 0, 0, 1200, NULL, '2026-02-23', NULL, 'active', NULL, NULL, NULL, NULL, NULL, NULL, NULL, NULL, NULL, NULL, NULL, NULL, NULL, NULL, NULL, NULL, NULL, NULL, NULL, NULL, NULL, NULL, NULL, '2026-04-01 08:55:48', '2026-04-01 08:55:48'),
	(46, '71422-I6000', 'PILLAR CTR INR, RH', 'KS', 6, 1, 600, 5000, 4, '1200T', NULL, NULL, 0, 0, 0, 0, 0, NULL, '2026-03-09', NULL, 'active', NULL, NULL, NULL, NULL, NULL, NULL, NULL, NULL, NULL, NULL, NULL, NULL, NULL, NULL, NULL, NULL, NULL, NULL, NULL, NULL, NULL, NULL, NULL, '2026-04-01 08:55:48', '2026-04-01 08:55:48'),
	(47, '71362-I6000', 'REINF CTR PLR OTR UPR,RH', 'KS', 6, 1, 600, 5000, 4, '1200T', NULL, NULL, 0, 0, 0, 0, 0, NULL, '2026-03-02', NULL, 'active', NULL, NULL, NULL, NULL, NULL, NULL, NULL, NULL, NULL, NULL, NULL, NULL, NULL, NULL, NULL, NULL, NULL, NULL, NULL, NULL, NULL, NULL, NULL, '2026-04-01 08:55:48', '2026-04-01 08:55:48'),
	(48, '71352-I6000', 'REINF CTR PLR OTR UPR,LH', 'KS', 6, 1, 600, 5000, 4, '1200T', NULL, NULL, 0, 0, 0, 0, 401, NULL, '2026-02-25', NULL, 'active', NULL, NULL, NULL, NULL, NULL, NULL, NULL, NULL, NULL, NULL, NULL, NULL, NULL, NULL, NULL, NULL, NULL, NULL, NULL, NULL, NULL, NULL, NULL, '2026-04-01 08:55:48', '2026-04-01 08:55:48'),
	(49, '71388-I6000', 'REINF SIDE SILL OTR,RH', 'KS', 6, 1, 600, 5000, 4, '1200T', NULL, NULL, 0, 0, 0, 0, 2800, NULL, '2025-11-12', NULL, 'active', NULL, NULL, NULL, NULL, NULL, NULL, NULL, NULL, NULL, NULL, NULL, NULL, NULL, NULL, NULL, NULL, NULL, NULL, NULL, NULL, NULL, NULL, NULL, '2026-04-01 08:55:48', '2026-04-01 08:55:48'),
	(50, '65182-I6000', 'PNL-SIDE SILL INR,RH', 'KS', 6, 1, 600, 5000, 4, '1200T', NULL, NULL, 0, 0, 0, 0, 1800, NULL, '2026-02-04', NULL, 'active', NULL, NULL, NULL, NULL, NULL, NULL, NULL, NULL, NULL, NULL, NULL, NULL, NULL, NULL, NULL, NULL, NULL, NULL, NULL, NULL, NULL, NULL, NULL, '2026-04-01 08:55:48', '2026-04-01 08:55:48'),
	(51, '71354/64-I6000', 'REINF CTR PILLAR OTR LWR,LH/RH', 'KS', 6, 1, 600, 5000, 4, '1200T', NULL, NULL, 0, 0, 0, 0, 600, NULL, '2026-02-12', NULL, 'active', NULL, NULL, NULL, NULL, NULL, NULL, NULL, NULL, NULL, NULL, NULL, NULL, NULL, NULL, NULL, NULL, NULL, NULL, NULL, NULL, NULL, NULL, NULL, '2026-04-01 08:55:48', '2026-04-01 08:55:48'),
	(52, '71376/86-I6000', 'REINF SIDE SILL OTR RR LH/RH', 'KS', 6, 1, 600, 5000, 4, '1200T', NULL, NULL, 0, 0, 0, 0, 513, NULL, '2026-02-24', NULL, 'active', NULL, NULL, NULL, NULL, NULL, NULL, NULL, NULL, NULL, NULL, NULL, NULL, NULL, NULL, NULL, NULL, NULL, NULL, NULL, NULL, NULL, NULL, NULL, '2026-04-01 08:55:48', '2026-04-01 08:55:48'),
	(53, '71176/86-I6000', 'BRKT-FR PILLAR OTR.LH/LH', 'KS', 6, 1, 600, 5000, 4, '1200T', NULL, NULL, 0, 0, 0, 0, 3494, NULL, '2025-11-19', NULL, 'active', NULL, NULL, NULL, NULL, NULL, NULL, NULL, NULL, NULL, NULL, NULL, NULL, NULL, NULL, NULL, NULL, NULL, NULL, NULL, NULL, NULL, NULL, NULL, '2026-04-01 08:55:48', '2026-04-01 08:55:48'),
	(54, '71212-I6000/I6900', 'PILLAR-FR INR LWR,LH', 'KS', 6, 1, 600, 5000, 4, '1200T', NULL, NULL, 0, 0, 0, 0, 3375, NULL, '2025-11-04', NULL, 'active', NULL, NULL, NULL, NULL, NULL, NULL, NULL, NULL, NULL, NULL, NULL, NULL, NULL, NULL, NULL, NULL, NULL, NULL, NULL, NULL, NULL, NULL, NULL, '2026-04-01 08:55:48', '2026-04-01 08:55:48'),
	(55, '65188-I6000', 'MEMBER-CTR FLOOR SIDE UPR,RH', 'KS', 6, 1, 600, 5000, 4, '1200T', NULL, NULL, 0, 0, 0, 0, 1705, NULL, '2026-02-05', NULL, 'active', NULL, NULL, NULL, NULL, NULL, NULL, NULL, NULL, NULL, NULL, NULL, NULL, NULL, NULL, NULL, NULL, NULL, NULL, NULL, NULL, NULL, NULL, NULL, '2026-04-01 08:55:48', '2026-04-01 08:55:48'),
	(56, '65172-I6000', 'PNL-SIDE SILL INR,LH', 'KS', 6, 1, 600, 5000, 4, '1200T', NULL, NULL, 0, 0, 0, 0, 1756, NULL, '2026-02-03', NULL, 'active', NULL, NULL, NULL, NULL, NULL, NULL, NULL, NULL, NULL, NULL, NULL, NULL, NULL, NULL, NULL, NULL, NULL, NULL, NULL, NULL, NULL, NULL, NULL, '2026-04-01 08:55:48', '2026-04-01 08:55:48'),
	(57, '64312-I6000', 'PANEL DASH LHD A/T', 'KS', 6, 7, 600, 5000, 4, '1200T', NULL, NULL, 0, 0, 0, 0, 1000, NULL, '2025-10-16', NULL, 'active', NULL, NULL, NULL, NULL, NULL, NULL, NULL, NULL, NULL, NULL, NULL, NULL, NULL, NULL, NULL, NULL, NULL, NULL, NULL, NULL, NULL, NULL, NULL, '2026-04-01 08:55:48', '2026-04-01 08:55:48'),
	(58, '63131-TG4-U000-50', 'STIFF R, FR PILLAR LWR', '2VF', 21, 3, 600, 5000, 4, '1200T', NULL, NULL, 0, 0, 0, 0, 5708, NULL, '2025-12-17', NULL, 'active', NULL, NULL, NULL, NULL, NULL, NULL, NULL, NULL, NULL, NULL, NULL, NULL, NULL, NULL, NULL, NULL, NULL, NULL, NULL, NULL, NULL, NULL, NULL, '2026-04-01 08:55:48', '2026-04-01 08:55:48'),
	(59, '65112-TG1-T000-50', 'BRKT FR SEAT CTR RR', '2VF', 21, 3, 600, 5000, 4, '1200T', NULL, NULL, 0, 0, 0, 0, 5065, NULL, '2025-12-22', NULL, 'active', NULL, NULL, NULL, NULL, NULL, NULL, NULL, NULL, NULL, NULL, NULL, NULL, NULL, NULL, NULL, NULL, NULL, NULL, NULL, NULL, NULL, NULL, NULL, '2026-04-01 08:55:48', '2026-04-01 08:55:48'),
	(60, '63323-T86-K000-50', 'ADPT R,RR COMBI', '2JX (T86A)', 13, 4, 600, 7000, 7, '250T', NULL, NULL, 0, 0, 0, 0, 2816, NULL, '2025-11-06', NULL, 'active', NULL, NULL, NULL, NULL, NULL, NULL, NULL, NULL, NULL, NULL, NULL, NULL, NULL, NULL, NULL, NULL, NULL, NULL, NULL, NULL, NULL, NULL, NULL, '2026-04-01 08:55:48', '2026-04-01 08:55:48'),
	(61, '63723-T86-K000-50', 'ADPT L,RR COMBI', '2JX (T86A)', 13, 4, 600, 7000, 7, '250T', NULL, NULL, 0, 0, 0, 0, 1213, NULL, '2025-12-15', NULL, 'active', NULL, NULL, NULL, NULL, NULL, NULL, NULL, NULL, NULL, NULL, NULL, NULL, NULL, NULL, NULL, NULL, NULL, NULL, NULL, NULL, NULL, NULL, NULL, '2026-04-01 08:55:48', '2026-04-01 08:55:48'),
	(62, '65317-T86-K000-H1', 'ADPT L,RR COMBI', '2JX (T86A)', 13, 4, 600, 7000, 3, '250T', NULL, NULL, 0, 0, 0, 0, 2641, NULL, '2025-10-13', NULL, 'active', NULL, NULL, NULL, NULL, NULL, NULL, NULL, NULL, NULL, NULL, NULL, NULL, NULL, NULL, NULL, NULL, NULL, NULL, NULL, NULL, NULL, NULL, NULL, '2026-04-01 08:55:48', '2026-04-01 08:55:48'),
	(63, '65317-T86-K000-H1 Blank', 'STIFF R, FRM CTR TNL', '2JX (T86A & 3K6A)', 14, 4, 600, 7000, 1, '250T', NULL, NULL, 0, 0, 0, 0, 2641, NULL, '2025-10-13', NULL, 'active', NULL, NULL, NULL, NULL, NULL, NULL, NULL, NULL, NULL, NULL, NULL, NULL, NULL, NULL, NULL, NULL, NULL, NULL, NULL, NULL, NULL, NULL, NULL, '2026-04-01 08:55:48', '2026-04-01 08:55:48'),
	(64, '63323-3K6-K000-50', 'ADPT R, RR COMBI', '3K6A', 8, 4, 600, 7000, 7, '250T', NULL, NULL, 0, 0, 0, 0, 1181, NULL, '2025-12-03', NULL, 'active', NULL, NULL, NULL, NULL, NULL, NULL, NULL, NULL, NULL, NULL, NULL, NULL, NULL, NULL, NULL, NULL, NULL, NULL, NULL, NULL, NULL, NULL, NULL, '2026-04-01 08:55:48', '2026-04-01 08:55:48'),
	(65, '63325/725-3K6-K000-H1', 'GTR R/L, RR PLR MID', '3K6A', 8, 4, 600, 7000, 7, '250T', NULL, NULL, 0, 0, 0, 0, 2383, NULL, '2025-12-05', NULL, 'active', NULL, NULL, NULL, NULL, NULL, NULL, NULL, NULL, NULL, NULL, NULL, NULL, NULL, NULL, NULL, NULL, NULL, NULL, NULL, NULL, NULL, NULL, NULL, '2026-04-01 08:55:48', '2026-04-01 08:55:48'),
	(66, '63723-3K6-K000-50', 'ADPT L, RR COMBI', '3K6A', 8, 4, 600, 7000, 7, '250T', NULL, NULL, 0, 0, 0, 0, 1938, NULL, '2025-12-18', NULL, 'active', NULL, NULL, NULL, NULL, NULL, NULL, NULL, NULL, NULL, NULL, NULL, NULL, NULL, NULL, NULL, NULL, NULL, NULL, NULL, NULL, NULL, NULL, NULL, '2026-04-01 08:55:48', '2026-04-01 08:55:48'),
	(67, '63212/612-TG2-K000-H1 Bl', 'R/L RNFCT CTR PLR STIFF TG2', 'T64', 12, 4, 600, 7000, 1, '250T', NULL, NULL, 0, 0, 0, 0, 5850, NULL, '2025-11-24', NULL, 'active', NULL, NULL, NULL, NULL, NULL, NULL, NULL, NULL, NULL, NULL, NULL, NULL, NULL, NULL, NULL, NULL, NULL, NULL, NULL, NULL, NULL, NULL, NULL, '2026-04-01 08:55:48', '2026-04-01 08:55:48'),
	(68, '63212-TG2-K000-H1', 'R RNFCT CTR PLR STIFF TG2', 'T64', 12, 4, 600, 7000, 3, '250T', NULL, NULL, 0, 0, 0, 0, 5850, NULL, '2025-11-24', NULL, 'active', NULL, NULL, NULL, NULL, NULL, NULL, NULL, NULL, NULL, NULL, NULL, NULL, NULL, NULL, NULL, NULL, NULL, NULL, NULL, NULL, NULL, NULL, NULL, '2026-04-01 08:55:48', '2026-04-01 08:55:48'),
	(69, '63612-TG2-K000-H1', 'L RNFCT CTR PLR STIFF TG2', 'T64', 12, 4, 600, 7000, 3, '250T', NULL, NULL, 0, 0, 0, 0, 4865, NULL, '2025-11-25', NULL, 'active', NULL, NULL, NULL, NULL, NULL, NULL, NULL, NULL, NULL, NULL, NULL, NULL, NULL, NULL, NULL, NULL, NULL, NULL, NULL, NULL, NULL, NULL, NULL, '2026-04-01 08:55:48', '2026-04-01 08:55:48'),
	(70, '65318-T86-P000-H1 (blank)', 'STIFF L, FRM CTR TNL', '2JX (LHD)', 22, 4, 600, 7000, 1, '250T', NULL, NULL, 0, 0, 0, 0, 1080, NULL, '2026-01-21', NULL, 'active', NULL, NULL, NULL, NULL, NULL, NULL, NULL, NULL, NULL, NULL, NULL, NULL, NULL, NULL, NULL, NULL, NULL, NULL, NULL, NULL, NULL, NULL, NULL, '2026-04-01 08:55:48', '2026-04-01 08:55:48'),
	(71, '65318-T86-P000-H1', 'STIFF L, FRM CTR TNL', '2JX (LHD)', 22, 4, 600, 7000, 4, '250T', NULL, NULL, 0, 0, 0, 0, 1080, NULL, '2026-01-21', NULL, 'active', NULL, NULL, NULL, NULL, NULL, NULL, NULL, NULL, NULL, NULL, NULL, NULL, NULL, NULL, NULL, NULL, NULL, NULL, NULL, NULL, NULL, NULL, NULL, '2026-04-01 08:55:48', '2026-04-01 08:55:48'),
	(72, '63323-3M0-3000-50', 'ADPT R,RR COMBI', '2GN (3N1A)', 15, 4, 600, 7000, 5, '250T', NULL, NULL, 0, 0, 0, 0, 4802, NULL, '2025-12-29', NULL, 'active', NULL, NULL, NULL, NULL, NULL, NULL, NULL, NULL, NULL, NULL, NULL, NULL, NULL, NULL, NULL, NULL, NULL, NULL, NULL, NULL, NULL, NULL, NULL, '2026-04-01 08:55:48', '2026-04-01 08:55:48'),
	(73, '63723-3M0-3000-50', 'ADPT L,RR COMBI', '2GN (3N1A)', 15, 4, 600, 7000, 5, '250T', NULL, NULL, 0, 0, 0, 0, 4830, NULL, '2025-12-30', NULL, 'active', NULL, NULL, NULL, NULL, NULL, NULL, NULL, NULL, NULL, NULL, NULL, NULL, NULL, NULL, NULL, NULL, NULL, NULL, NULL, NULL, NULL, NULL, NULL, '2026-04-01 08:55:48', '2026-04-01 08:55:48'),
	(74, '77751-VT010-00', 'BRACKET, CHARCOAL CANISTER BASE', '560B', 16, 6, 600, 7000, 2, '250T', NULL, NULL, 0, 0, 0, 0, 1188, NULL, '2026-03-05', NULL, 'active', NULL, NULL, NULL, NULL, NULL, NULL, NULL, NULL, NULL, NULL, NULL, NULL, NULL, NULL, NULL, NULL, NULL, NULL, NULL, NULL, NULL, NULL, NULL, '2026-04-01 08:55:48', '2026-04-01 08:55:48'),
	(75, '77751-VT010-00 (Blank)', 'BRACKET, CHARCOAL CANISTER BASE', '560B', 16, 6, 600, 7000, 1, '250T', NULL, NULL, 0, 0, 0, 0, 1188, NULL, '2026-03-05', NULL, 'active', NULL, NULL, NULL, NULL, NULL, NULL, NULL, NULL, NULL, NULL, NULL, NULL, NULL, NULL, NULL, NULL, NULL, NULL, NULL, NULL, NULL, NULL, NULL, '2026-04-01 08:55:48', '2026-04-01 08:55:48'),
	(76, '77751-VT020-00 (Blank)', 'BRACKET, CHARCOAL CANISTER BASE', '560B', 16, 6, 600, 7000, 1, '250T', NULL, NULL, 0, 0, 0, 0, 4518, NULL, '2025-10-31', NULL, 'active', NULL, NULL, NULL, NULL, NULL, NULL, NULL, NULL, NULL, NULL, NULL, NULL, NULL, NULL, NULL, NULL, NULL, NULL, NULL, NULL, NULL, NULL, NULL, '2026-04-01 08:55:48', '2026-04-01 08:55:48'),
	(77, '77751-VT020-00', 'BRACKET, CHARCOAL CANISTER BASE', '560B', 16, 6, 600, 7000, 3, '250T', NULL, NULL, 0, 0, 0, 0, 4518, NULL, '2025-10-31', NULL, 'active', NULL, NULL, NULL, NULL, NULL, NULL, NULL, NULL, NULL, NULL, NULL, NULL, NULL, NULL, NULL, NULL, NULL, NULL, NULL, NULL, NULL, NULL, NULL, '2026-04-01 08:55:48', '2026-04-01 08:55:48'),
	(78, '77697-VT010-00', 'INSULATOR, FUEL TANK HEAT NO. 1', '560B', 16, 6, 600, 7000, 3, '250T', NULL, NULL, 0, 0, 0, 0, 1690, NULL, '2026-03-05', NULL, 'active', NULL, NULL, NULL, NULL, NULL, NULL, NULL, NULL, NULL, NULL, NULL, NULL, NULL, NULL, NULL, NULL, NULL, NULL, NULL, NULL, NULL, NULL, NULL, '2026-04-01 08:55:48', '2026-04-01 08:55:48'),
	(79, '71136-I6000', 'REINF-FR PILLAR OTR,LH', 'KS', 6, 1, 600, 7000, 6, '250T', NULL, NULL, 0, 0, 0, 0, 1200, NULL, '2026-03-02', NULL, 'active', NULL, NULL, NULL, NULL, NULL, NULL, NULL, NULL, NULL, NULL, NULL, NULL, NULL, NULL, NULL, NULL, NULL, NULL, NULL, NULL, NULL, NULL, NULL, '2026-04-01 08:55:48', '2026-04-01 08:55:48'),
	(80, '71146-I6000', 'REINF-FR PILLAR OTR,RH', 'KS', 6, 1, 600, 7000, 6, '250T', NULL, NULL, 0, 0, 0, 0, 2184, NULL, '2026-02-28', NULL, 'active', NULL, NULL, NULL, NULL, NULL, NULL, NULL, NULL, NULL, NULL, NULL, NULL, NULL, NULL, NULL, NULL, NULL, NULL, NULL, NULL, NULL, NULL, NULL, '2026-04-01 08:55:48', '2026-04-01 08:55:48'),
	(81, '71134-I6000', 'REINF-FR DR HINGE MTG UPR,LH', 'KS', 6, 1, 600, 7000, 4, '250T', NULL, NULL, 0, 0, 0, 0, 2145, NULL, '2026-01-28', NULL, 'active', NULL, NULL, NULL, NULL, NULL, NULL, NULL, NULL, NULL, NULL, NULL, NULL, NULL, NULL, NULL, NULL, NULL, NULL, NULL, NULL, NULL, NULL, NULL, '2026-04-01 08:55:48', '2026-04-01 08:55:48'),
	(82, '71144-I6000', 'REINF-FR DR HINGE MTG UPR,RH', 'KS', 6, 1, 600, 7000, 4, '250T', NULL, NULL, 0, 0, 0, 0, 600, NULL, '2026-02-16', NULL, 'active', NULL, NULL, NULL, NULL, NULL, NULL, NULL, NULL, NULL, NULL, NULL, NULL, NULL, NULL, NULL, NULL, NULL, NULL, NULL, NULL, NULL, NULL, NULL, '2026-04-01 08:55:48', '2026-04-01 08:55:48'),
	(83, '71154-I6000', 'REINF-FR DR HINGE LWR,LH', 'KS', 6, 1, 600, 7000, 5, '250T', NULL, NULL, 0, 0, 0, 0, 2708, NULL, '2025-11-20', NULL, 'active', NULL, NULL, NULL, NULL, NULL, NULL, NULL, NULL, NULL, NULL, NULL, NULL, NULL, NULL, NULL, NULL, NULL, NULL, NULL, NULL, NULL, NULL, NULL, '2026-04-01 08:55:48', '2026-04-01 08:55:48'),
	(84, '71164-I6000', 'REINF-FR DR HINGE LWR,RH', 'KS', 6, 1, 600, 7000, 5, '250T', NULL, NULL, 0, 0, 0, 0, 3510, NULL, '2025-11-14', NULL, 'active', NULL, NULL, NULL, NULL, NULL, NULL, NULL, NULL, NULL, NULL, NULL, NULL, NULL, NULL, NULL, NULL, NULL, NULL, NULL, NULL, NULL, NULL, NULL, '2026-04-01 08:55:48', '2026-04-01 08:55:48'),
	(85, '71172-I6000', 'REINF-FR DR CHECKER MTG,LH', 'KS', 6, 1, 600, 7000, 4, '250T', NULL, NULL, 0, 0, 0, 0, 3565, NULL, '2025-11-21', NULL, 'active', NULL, NULL, NULL, NULL, NULL, NULL, NULL, NULL, NULL, NULL, NULL, NULL, NULL, NULL, NULL, NULL, NULL, NULL, NULL, NULL, NULL, NULL, NULL, '2026-04-01 08:55:48', '2026-04-01 08:55:48'),
	(86, '71182-I6000', 'REINF-FR DR CHECKER MTG,RH', 'KS', 6, 1, 600, 7000, 4, '250T', NULL, NULL, 0, 0, 0, 0, 3455, NULL, '2025-11-20', NULL, 'active', NULL, NULL, NULL, NULL, NULL, NULL, NULL, NULL, NULL, NULL, NULL, NULL, NULL, NULL, NULL, NULL, NULL, NULL, NULL, NULL, NULL, NULL, NULL, '2026-04-01 08:55:48', '2026-04-01 08:55:48'),
	(87, '651C8-I6000', 'BRACE-CTR FLOOR TUNNEL', 'KS', 6, 1, 600, 7000, 4, '250T', NULL, NULL, 0, 0, 0, 0, 2361, NULL, '2025-12-22', NULL, 'active', NULL, NULL, NULL, NULL, NULL, NULL, NULL, NULL, NULL, NULL, NULL, NULL, NULL, NULL, NULL, NULL, NULL, NULL, NULL, NULL, NULL, NULL, NULL, '2026-04-01 08:55:48', '2026-04-01 08:55:48'),
	(88, '651D8-I6000', 'BRACE-CTR FLOOR TUNNEL RR', 'KS', 6, 1, 600, 7000, 4, '250T', NULL, NULL, 0, 0, 0, 0, 2403, NULL, '2025-12-23', NULL, 'active', NULL, NULL, NULL, NULL, NULL, NULL, NULL, NULL, NULL, NULL, NULL, NULL, NULL, NULL, NULL, NULL, NULL, NULL, NULL, NULL, NULL, NULL, NULL, '2026-04-01 08:55:48', '2026-04-01 08:55:48'),
	(89, '651A8-I6000', 'MBR CTR FLR SIDE UPR,RH', 'KS', 6, 1, 600, 7000, 4, '250T', NULL, NULL, 0, 0, 0, 0, 1200, NULL, '2025-12-02', NULL, 'active', NULL, NULL, NULL, NULL, NULL, NULL, NULL, NULL, NULL, NULL, NULL, NULL, NULL, NULL, NULL, NULL, NULL, NULL, NULL, NULL, NULL, NULL, NULL, '2026-04-01 08:55:48', '2026-04-01 08:55:48'),
	(90, '651F2-I6000', 'PATCH S/SILL INR REINF NO.1', 'KS', 6, 1, 600, 7000, 4, '250T', NULL, NULL, 0, 0, 0, 0, 2715, NULL, '2025-12-01', NULL, 'active', NULL, NULL, NULL, NULL, NULL, NULL, NULL, NULL, NULL, NULL, NULL, NULL, NULL, NULL, NULL, NULL, NULL, NULL, NULL, NULL, NULL, NULL, NULL, '2026-04-01 08:55:48', '2026-04-01 08:55:48'),
	(91, '651B2-I6000', 'REINF CTR FLR SIDE FR,RH', 'KS', 6, 1, 600, 7000, 3, '250T', NULL, NULL, 0, 0, 0, 0, 2673, NULL, '2025-12-04', NULL, 'active', NULL, NULL, NULL, NULL, NULL, NULL, NULL, NULL, NULL, NULL, NULL, NULL, NULL, NULL, NULL, NULL, NULL, NULL, NULL, NULL, NULL, NULL, NULL, '2026-04-01 08:55:48', '2026-04-01 08:55:48'),
	(92, '71374/84-I6000', 'REINF SIDE SILL OTR FR,LH/RH', 'KS', 6, 1, 600, 7000, 3, '250T', NULL, NULL, 0, 0, 0, 0, 1668, NULL, '2026-02-09', NULL, 'active', NULL, NULL, NULL, NULL, NULL, NULL, NULL, NULL, NULL, NULL, NULL, NULL, NULL, NULL, NULL, NULL, NULL, NULL, NULL, NULL, NULL, NULL, NULL, '2026-04-01 08:55:48', '2026-04-01 08:55:48'),
	(93, '71394-I6000', 'GUSSET SIDE SILL OTR NO.2,RH', 'KS', 6, 1, 600, 7000, 4, '250T', NULL, NULL, 0, 0, 0, 0, 1800, NULL, '2025-12-06', NULL, 'active', NULL, NULL, NULL, NULL, NULL, NULL, NULL, NULL, NULL, NULL, NULL, NULL, NULL, NULL, NULL, NULL, NULL, NULL, NULL, NULL, NULL, NULL, NULL, '2026-04-01 08:55:48', '2026-04-01 08:55:48'),
	(94, '71391-I6000', 'GUSSET SIDE SILL OTR NO.1 LH', 'KS', 6, 1, 600, 7000, 4, '250T', NULL, NULL, 0, 0, 0, 0, 6832, NULL, '2025-12-30', NULL, 'active', NULL, NULL, NULL, NULL, NULL, NULL, NULL, NULL, NULL, NULL, NULL, NULL, NULL, NULL, NULL, NULL, NULL, NULL, NULL, NULL, NULL, NULL, NULL, '2026-04-01 08:55:48', '2026-04-01 08:55:48'),
	(95, '65152-I6000', 'MBR FR SEAT CROSS,LH', 'KS', 6, 1, 600, 7000, 5, '250T', NULL, NULL, 0, 0, 0, 0, 0, NULL, '2026-03-03', NULL, 'active', NULL, NULL, NULL, NULL, NULL, NULL, NULL, NULL, NULL, NULL, NULL, NULL, NULL, NULL, NULL, NULL, NULL, NULL, NULL, NULL, NULL, NULL, NULL, '2026-04-01 08:55:48', '2026-04-01 08:55:48'),
	(96, '65162-I6000', 'MBR FR SEAT CROSS,RH', 'KS', 6, 1, 600, 7000, 5, '250T', NULL, NULL, 0, 0, 0, 0, 3614, NULL, '2025-09-23', NULL, 'active', NULL, NULL, NULL, NULL, NULL, NULL, NULL, NULL, NULL, NULL, NULL, NULL, NULL, NULL, NULL, NULL, NULL, NULL, NULL, NULL, NULL, NULL, NULL, '2026-04-01 08:55:48', '2026-04-01 08:55:48'),
	(97, '65156-I6000', 'BRKT FR ST RR OTR MTG,LH', 'KS', 6, 1, 600, 7000, 5, '250T', NULL, NULL, 0, 0, 0, 0, 0, NULL, '2026-03-04', NULL, 'active', NULL, NULL, NULL, NULL, NULL, NULL, NULL, NULL, NULL, NULL, NULL, NULL, NULL, NULL, NULL, NULL, NULL, NULL, NULL, NULL, NULL, NULL, NULL, '2026-04-01 08:55:48', '2026-04-01 08:55:48'),
	(98, '65166-I6000', 'BRKT FR ST RR OTR MTG,RH', 'KS', 6, 1, 600, 7000, 5, '250T', NULL, NULL, 0, 0, 0, 0, 0, NULL, '2026-03-09', NULL, 'active', NULL, NULL, NULL, NULL, NULL, NULL, NULL, NULL, NULL, NULL, NULL, NULL, NULL, NULL, NULL, NULL, NULL, NULL, NULL, NULL, NULL, NULL, NULL, '2026-04-01 08:55:48', '2026-04-01 08:55:48'),
	(99, '71358-I6000', 'EXTN SIDE SILL OTR FR,L', 'KS', 6, 1, 600, 7000, 5, '250T', NULL, NULL, 0, 0, 0, 0, 2783, NULL, '2025-10-23', NULL, 'active', NULL, NULL, NULL, NULL, NULL, NULL, NULL, NULL, NULL, NULL, NULL, NULL, NULL, NULL, NULL, NULL, NULL, NULL, NULL, NULL, NULL, NULL, NULL, '2026-04-01 08:55:48', '2026-04-01 08:55:48'),
	(100, '71368-I6000', 'EXTN SIDE SILL OTR FR,R', 'KS', 6, 1, 600, 7000, 4, '250T', NULL, NULL, 0, 0, 0, 0, 2005, NULL, '2025-11-12', NULL, 'active', NULL, NULL, NULL, NULL, NULL, NULL, NULL, NULL, NULL, NULL, NULL, NULL, NULL, NULL, NULL, NULL, NULL, NULL, NULL, NULL, NULL, NULL, NULL, '2026-04-01 08:55:48', '2026-04-01 08:55:48'),
	(101, '65106-I6000', 'REINF CTR FLOOR RR', 'KS', 6, 1, 600, 7000, 4, '250T', NULL, NULL, 0, 0, 0, 0, 4413, NULL, '2025-11-28', NULL, 'active', NULL, NULL, NULL, NULL, NULL, NULL, NULL, NULL, NULL, NULL, NULL, NULL, NULL, NULL, NULL, NULL, NULL, NULL, NULL, NULL, NULL, NULL, NULL, '2026-04-01 08:55:48', '2026-04-01 08:55:48'),
	(102, '65154-I6000', 'BRKT FR ST RR INR MTG,LH', 'KS', 6, 1, 600, 7000, 5, '250T', NULL, NULL, 0, 0, 0, 0, 2326, NULL, '2025-12-31', NULL, 'active', NULL, NULL, NULL, NULL, NULL, NULL, NULL, NULL, NULL, NULL, NULL, NULL, NULL, NULL, NULL, NULL, NULL, NULL, NULL, NULL, NULL, NULL, NULL, '2026-04-01 08:55:48', '2026-04-01 08:55:48'),
	(103, '65164-I6000', 'BRKT FR ST RR INR MTG,RH', 'KS', 6, 1, 600, 7000, 5, '250T', NULL, NULL, 0, 0, 0, 0, 1800, NULL, '2026-01-30', NULL, 'active', NULL, NULL, NULL, NULL, NULL, NULL, NULL, NULL, NULL, NULL, NULL, NULL, NULL, NULL, NULL, NULL, NULL, NULL, NULL, NULL, NULL, NULL, NULL, '2026-04-01 08:55:48', '2026-04-01 08:55:48'),
	(104, '65174-I6000', 'REINF SIDE SILL INR LH', 'KS', 6, 1, 600, 7000, 4, '250T', NULL, NULL, 0, 0, 0, 0, 3796, NULL, '2025-12-03', NULL, 'active', NULL, NULL, NULL, NULL, NULL, NULL, NULL, NULL, NULL, NULL, NULL, NULL, NULL, NULL, NULL, NULL, NULL, NULL, NULL, NULL, NULL, NULL, NULL, '2026-04-01 08:55:48', '2026-04-01 08:55:48'),
	(105, '65184-I6000', 'REINF SIDE SILL INR RH', 'KS', 6, 1, 600, 7000, 4, '250T', NULL, NULL, 0, 0, 0, 0, 2049, NULL, '2025-12-03', NULL, 'active', NULL, NULL, NULL, NULL, NULL, NULL, NULL, NULL, NULL, NULL, NULL, NULL, NULL, NULL, NULL, NULL, NULL, NULL, NULL, NULL, NULL, NULL, NULL, '2026-04-01 08:55:48', '2026-04-01 08:55:48'),
	(106, '71252-I6000', 'EXTN FR PILLAR UPR,LH', 'KS', 6, 1, 600, 7000, 3, '250T', NULL, NULL, 0, 0, 0, 0, 2400, NULL, '2026-01-22', NULL, 'active', NULL, NULL, NULL, NULL, NULL, NULL, NULL, NULL, NULL, NULL, NULL, NULL, NULL, NULL, NULL, NULL, NULL, NULL, NULL, NULL, NULL, NULL, NULL, '2026-04-01 08:55:48', '2026-04-01 08:55:48'),
	(107, '71262-I6000', 'EXTN FR PILLAR UPR,RH', 'KS', 6, 1, 600, 7000, 3, '250T', NULL, NULL, 0, 0, 0, 0, 2070, NULL, '2026-01-23', NULL, 'active', NULL, NULL, NULL, NULL, NULL, NULL, NULL, NULL, NULL, NULL, NULL, NULL, NULL, NULL, NULL, NULL, NULL, NULL, NULL, NULL, NULL, NULL, NULL, '2026-04-01 08:55:48', '2026-04-01 08:55:48'),
	(108, '71393-I6000', 'GUSSET SIDE SILL OTR NO.2,LH', 'KS', 6, 1, 600, 7000, 4, '250T', NULL, NULL, 0, 0, 0, 0, 2094, NULL, '2025-11-13', NULL, 'active', NULL, NULL, NULL, NULL, NULL, NULL, NULL, NULL, NULL, NULL, NULL, NULL, NULL, NULL, NULL, NULL, NULL, NULL, NULL, NULL, NULL, NULL, NULL, '2026-04-01 08:55:48', '2026-04-01 08:55:48'),
	(109, '57343-72S0A', 'REINF FRONT HOOD FRONT', 'YHA', 17, 5, 600, 7000, 5, '250T', NULL, NULL, 0, 0, 0, 0, 4290, NULL, '2025-11-21', NULL, 'active', NULL, NULL, NULL, NULL, NULL, NULL, NULL, NULL, NULL, NULL, NULL, NULL, NULL, NULL, NULL, NULL, NULL, NULL, NULL, NULL, NULL, NULL, NULL, '2026-04-01 08:55:48', '2026-04-01 08:55:48'),
	(110, '64113-72S00', 'REINF ROOF RAIL FR R', 'YHA', 17, 5, 600, 7000, 2, '250T', NULL, NULL, 0, 0, 0, 0, 2592, NULL, '2025-12-16', NULL, 'active', NULL, NULL, NULL, NULL, NULL, NULL, NULL, NULL, NULL, NULL, NULL, NULL, NULL, NULL, NULL, NULL, NULL, NULL, NULL, NULL, NULL, NULL, NULL, '2026-04-01 08:55:48', '2026-04-01 08:55:48'),
	(111, '64513-72S00', 'REINF ROOF RAIL FR L', 'YHA', 17, 5, 600, 7000, 2, '250T', NULL, NULL, 0, 0, 0, 0, 2808, NULL, '2025-12-17', NULL, 'active', NULL, NULL, NULL, NULL, NULL, NULL, NULL, NULL, NULL, NULL, NULL, NULL, NULL, NULL, NULL, NULL, NULL, NULL, NULL, NULL, NULL, NULL, NULL, '2026-04-01 08:55:48', '2026-04-01 08:55:48'),
	(112, '64114-72S00', 'REINF ROOF RAIL CTR R', 'YHA', 17, 5, 600, 7000, 4, '250T', NULL, NULL, 0, 0, 0, 0, 0, NULL, '2026-03-12', NULL, 'active', NULL, NULL, NULL, NULL, NULL, NULL, NULL, NULL, NULL, NULL, NULL, NULL, NULL, NULL, NULL, NULL, NULL, NULL, NULL, NULL, NULL, NULL, NULL, '2026-04-01 08:55:48', '2026-04-01 08:55:48'),
	(113, '64514-72S00', 'REINF ROOF RAIL CTR L', 'YHA', 17, 5, 600, 7000, 4, '250T', NULL, NULL, 0, 0, 0, 0, 0, NULL, '2026-03-13', NULL, 'active', NULL, NULL, NULL, NULL, NULL, NULL, NULL, NULL, NULL, NULL, NULL, NULL, NULL, NULL, NULL, NULL, NULL, NULL, NULL, NULL, NULL, NULL, NULL, '2026-04-01 08:55:48', '2026-04-01 08:55:48'),
	(114, '64115-72S00', 'REINF ROOF RAIL RR, R', 'YHA', 17, 5, 600, 7000, 2, '250T', NULL, NULL, 0, 0, 0, 0, 2436, NULL, '2025-11-20', NULL, 'active', NULL, NULL, NULL, NULL, NULL, NULL, NULL, NULL, NULL, NULL, NULL, NULL, NULL, NULL, NULL, NULL, NULL, NULL, NULL, NULL, NULL, NULL, NULL, '2026-04-01 08:55:48', '2026-04-01 08:55:48'),
	(115, '64515-72S00', 'REINF ROOF RAIL RR, L', 'YHA', 17, 5, 600, 7000, 2, '250T', NULL, NULL, 0, 0, 0, 0, 2592, NULL, '2025-12-19', NULL, 'active', NULL, NULL, NULL, NULL, NULL, NULL, NULL, NULL, NULL, NULL, NULL, NULL, NULL, NULL, NULL, NULL, NULL, NULL, NULL, NULL, NULL, NULL, NULL, '2026-04-01 08:55:48', '2026-04-01 08:55:48'),
	(116, '64113-72S00 (Blank)', 'REINF ROOF RAIL FR R', 'YHA', 17, 5, 600, 7000, 1, '250T', NULL, NULL, 0, 0, 0, 0, 2592, NULL, '2025-12-16', NULL, 'active', NULL, NULL, NULL, NULL, NULL, NULL, NULL, NULL, NULL, NULL, NULL, NULL, NULL, NULL, NULL, NULL, NULL, NULL, NULL, NULL, NULL, NULL, NULL, '2026-04-01 08:55:48', '2026-04-01 08:55:48'),
	(117, '64513-72S00 (Blank)', 'REINF ROOF RAIL FR L', 'YHA', 17, 5, 600, 7000, 1, '250T', NULL, NULL, 0, 0, 0, 0, 2808, NULL, '2025-12-17', NULL, 'active', NULL, NULL, NULL, NULL, NULL, NULL, NULL, NULL, NULL, NULL, NULL, NULL, NULL, NULL, NULL, NULL, NULL, NULL, NULL, NULL, NULL, NULL, NULL, '2026-04-01 08:55:48', '2026-04-01 08:55:48'),
	(118, '64114/514-72S00 (Blank)', 'REINF ROOF RAIL CTR R/L', 'YHA', 17, 5, 600, 7000, 1, '250T', NULL, NULL, 0, 0, 0, 0, 2436, NULL, '2025-11-20', NULL, 'active', NULL, NULL, NULL, NULL, NULL, NULL, NULL, NULL, NULL, NULL, NULL, NULL, NULL, NULL, NULL, NULL, NULL, NULL, NULL, NULL, NULL, NULL, NULL, '2026-04-01 08:55:48', '2026-04-01 08:55:48'),
	(119, '64115-72S00 (Blank)', 'REINF ROOF RAIL RR, R', 'YHA', 17, 5, 600, 7000, 1, '250T', NULL, NULL, 0, 0, 0, 0, 2436, NULL, '2025-11-20', NULL, 'active', NULL, NULL, NULL, NULL, NULL, NULL, NULL, NULL, NULL, NULL, NULL, NULL, NULL, NULL, NULL, NULL, NULL, NULL, NULL, NULL, NULL, NULL, NULL, '2026-04-01 08:55:48', '2026-04-01 08:55:48'),
	(120, '64515-72S00 (Blank)', 'REINF ROOF RAIL RR, L', 'YHA', 17, 5, 600, 7000, 1, '250T', NULL, NULL, 0, 0, 0, 0, 2592, NULL, '2025-12-19', NULL, 'active', NULL, NULL, NULL, NULL, NULL, NULL, NULL, NULL, NULL, NULL, NULL, NULL, NULL, NULL, NULL, NULL, NULL, NULL, NULL, NULL, NULL, NULL, NULL, '2026-04-01 08:55:48', '2026-04-01 08:55:48'),
	(121, '58821-52S20', 'BRKT COOLING UNIT', 'Y4L', 18, 5, 600, 7000, 5, '250T', NULL, NULL, 0, 0, 0, 0, 0, NULL, '2026-03-10', NULL, 'active', NULL, NULL, NULL, NULL, NULL, NULL, NULL, NULL, NULL, NULL, NULL, NULL, NULL, NULL, NULL, NULL, NULL, NULL, NULL, NULL, NULL, NULL, NULL, '2026-04-01 08:55:48', '2026-04-01 08:55:48'),
	(122, '58861-52S00', 'BRACKET, BUMPER & FR PNL, L', 'Y4L', 18, 5, 600, 7000, 2, '250T', NULL, NULL, 0, 0, 0, 0, 3936, NULL, '2026-02-12', NULL, 'active', NULL, NULL, NULL, NULL, NULL, NULL, NULL, NULL, NULL, NULL, NULL, NULL, NULL, NULL, NULL, NULL, NULL, NULL, NULL, NULL, NULL, NULL, NULL, '2026-04-01 08:55:48', '2026-04-01 08:55:48'),
	(123, '58851-52S00', 'BRACKET, BUMPER & FR PNL, R', 'Y4L', 18, 5, 600, 7000, 2, '250T', NULL, NULL, 0, 0, 0, 0, 4320, NULL, '2026-02-13', NULL, 'active', NULL, NULL, NULL, NULL, NULL, NULL, NULL, NULL, NULL, NULL, NULL, NULL, NULL, NULL, NULL, NULL, NULL, NULL, NULL, NULL, NULL, NULL, NULL, '2026-04-01 08:55:48', '2026-04-01 08:55:48'),
	(124, '58321-52S00', 'BRACE, HEADLAMP SUPPORT, R', 'Y4L', 18, 5, 600, 7000, 3, '250T', NULL, NULL, 0, 0, 0, 0, 1603, NULL, '2026-03-02', NULL, 'active', NULL, NULL, NULL, NULL, NULL, NULL, NULL, NULL, NULL, NULL, NULL, NULL, NULL, NULL, NULL, NULL, NULL, NULL, NULL, NULL, NULL, NULL, NULL, '2026-04-01 08:55:48', '2026-04-01 08:55:48'),
	(125, '58331-52S00', 'BRACE, HEADLAMP SUPPORT, L', 'Y4L', 18, 5, 600, 7000, 3, '250T', NULL, NULL, 0, 0, 0, 0, 1400, NULL, '2026-03-06', NULL, 'active', NULL, NULL, NULL, NULL, NULL, NULL, NULL, NULL, NULL, NULL, NULL, NULL, NULL, NULL, NULL, NULL, NULL, NULL, NULL, NULL, NULL, NULL, NULL, '2026-04-01 08:55:48', '2026-04-01 08:55:48'),
	(126, '58815-52S00', 'BRACKET,BUMPER & FR PNL CTR', 'Y4L', 18, 5, 600, 7000, 4, '250T', NULL, NULL, 0, 0, 0, 0, 0, NULL, '2026-03-11', NULL, 'active', NULL, NULL, NULL, NULL, NULL, NULL, NULL, NULL, NULL, NULL, NULL, NULL, NULL, NULL, NULL, NULL, NULL, NULL, NULL, NULL, NULL, NULL, NULL, '2026-04-01 08:55:48', '2026-04-01 08:55:48'),
	(127, '58322-74T00', 'BRACKET FR FENDER LWR R', 'YTB', 19, 5, 600, 7000, 3, '250T', NULL, NULL, 0, 0, 0, 0, 5420, NULL, '2025-12-24', NULL, 'active', NULL, NULL, NULL, NULL, NULL, NULL, NULL, NULL, NULL, NULL, NULL, NULL, NULL, NULL, NULL, NULL, NULL, NULL, NULL, NULL, NULL, NULL, NULL, '2026-04-01 08:55:48', '2026-04-01 08:55:48'),
	(128, '58422-74T00', 'BRACKET FR FENDER LWR L', 'YTB', 19, 5, 600, 7000, 3, '250T', NULL, NULL, 0, 0, 0, 0, 4440, NULL, '2025-12-29', NULL, 'active', NULL, NULL, NULL, NULL, NULL, NULL, NULL, NULL, NULL, NULL, NULL, NULL, NULL, NULL, NULL, NULL, NULL, NULL, NULL, NULL, NULL, NULL, NULL, '2026-04-01 08:55:48', '2026-04-01 08:55:48'),
	(129, '64717-3M0A-3000', 'BHD L, RR PLR', '3M0A', 20, 3, 600, 7000, 3, '250T', NULL, NULL, 0, 0, 0, 0, 1840, NULL, '2025-12-29', NULL, 'active', NULL, NULL, NULL, NULL, NULL, NULL, NULL, NULL, NULL, NULL, NULL, NULL, NULL, NULL, NULL, NULL, NULL, NULL, NULL, NULL, NULL, NULL, NULL, '2026-04-01 08:55:48', '2026-04-01 08:55:48'),
	(130, '64717-3M0A-3000 (Blank)', 'BHD L, RR PLR', '3M0A', 20, 3, 600, 7000, 1, '250T', NULL, NULL, 0, 0, 0, 0, 1840, NULL, '2025-12-29', NULL, 'active', NULL, NULL, NULL, NULL, NULL, NULL, NULL, NULL, NULL, NULL, NULL, NULL, NULL, NULL, NULL, NULL, NULL, NULL, NULL, NULL, NULL, NULL, NULL, '2026-04-01 08:55:48', '2026-04-01 08:55:48'),
	(131, '64317-3M0A-3000', 'BHD R, RR PLR', '3M0A', 20, 3, 600, 7000, 3, '250T', NULL, NULL, 0, 0, 0, 0, 1920, NULL, '2025-11-18', NULL, 'active', NULL, NULL, NULL, NULL, NULL, NULL, NULL, NULL, NULL, NULL, NULL, NULL, NULL, NULL, NULL, NULL, NULL, NULL, NULL, NULL, NULL, NULL, NULL, '2026-04-01 08:55:48', '2026-04-01 08:55:48'),
	(132, '64317-3M0A-3000 (Blank)', 'BHD R, RR PLR', '3M0A', 20, 3, 600, 7000, 1, '250T', NULL, NULL, 0, 0, 0, 0, 1840, NULL, '2025-11-18', NULL, 'active', NULL, NULL, NULL, NULL, NULL, NULL, NULL, NULL, NULL, NULL, NULL, NULL, NULL, NULL, NULL, NULL, NULL, NULL, NULL, NULL, NULL, NULL, NULL, '2026-04-01 08:55:48', '2026-04-01 08:55:48'),
	(133, '62741-74U00', 'BRACKET , FUEL TANK REAR , L', 'YTB', 19, 5, 600, 7000, 3, '250T', NULL, NULL, 0, 0, 0, 0, 4875, NULL, '2025-11-20', NULL, 'active', NULL, NULL, NULL, NULL, NULL, NULL, NULL, NULL, NULL, NULL, NULL, NULL, NULL, NULL, NULL, NULL, NULL, NULL, NULL, NULL, NULL, NULL, NULL, '2026-04-01 08:55:48', '2026-04-01 08:55:48'),
	(134, '71372/82-I6000 (Blank)', 'REINF RR DR CHKR MTG LH/RH', 'KS', 6, 1, 600, 10000, 1, 'Progressive', NULL, NULL, 0, 0, 0, 0, 1498, NULL, '2025-11-03', NULL, 'active', NULL, NULL, NULL, NULL, NULL, NULL, NULL, NULL, NULL, NULL, NULL, NULL, NULL, NULL, NULL, NULL, NULL, NULL, NULL, NULL, NULL, NULL, NULL, '2026-04-01 08:55:48', '2026-04-01 08:55:48'),
	(135, '71216-I6900 (Blank)', 'BRKT-COWL CROSS MEMBER GD,LH', 'KS', 6, 1, 600, 10000, 1, 'Progressive', NULL, NULL, 0, 0, 0, 0, 2300, NULL, '2025-12-16', NULL, 'active', NULL, NULL, NULL, NULL, NULL, NULL, NULL, NULL, NULL, NULL, NULL, NULL, NULL, NULL, NULL, NULL, NULL, NULL, NULL, NULL, NULL, NULL, NULL, '2026-04-01 08:55:48', '2026-04-01 08:55:48'),
	(136, '71216-I6000 (Blank)', 'BRKT-COWL CROSS MEMBER GD,LH', 'KS', 6, 1, 600, 10000, 1, 'Progressive', NULL, NULL, 0, 0, 0, 0, 3634, NULL, '2025-11-17', NULL, 'active', NULL, NULL, NULL, NULL, NULL, NULL, NULL, NULL, NULL, NULL, NULL, NULL, NULL, NULL, NULL, NULL, NULL, NULL, NULL, NULL, NULL, NULL, NULL, '2026-04-01 08:55:48', '2026-04-01 08:55:48'),
	(137, '71478/88-I6000 (Blank)', 'BRKT FR SEAT BELT LWR MTG,LH/RH', 'KS', 6, 1, 600, 10000, 1, 'Progressive', NULL, NULL, 0, 0, 0, 0, 2518, NULL, '2026-02-02', NULL, 'active', NULL, NULL, NULL, NULL, NULL, NULL, NULL, NULL, NULL, NULL, NULL, NULL, NULL, NULL, NULL, NULL, NULL, NULL, NULL, NULL, NULL, NULL, NULL, '2026-04-01 08:55:48', '2026-04-01 08:55:48'),
	(138, '71226-I6900 (Blank)', 'BRKT-COWL CROSS MEMBER GDE,RH', 'KS', 6, 1, 600, 10000, 1, 'Progressive', NULL, NULL, 0, 0, 0, 0, 1200, NULL, '2025-11-04', NULL, 'active', NULL, NULL, NULL, NULL, NULL, NULL, NULL, NULL, NULL, NULL, NULL, NULL, NULL, NULL, NULL, NULL, NULL, NULL, NULL, NULL, NULL, NULL, NULL, '2026-04-01 08:55:48', '2026-04-01 08:55:48'),
	(139, '71226-I6000 (Blank)', 'BRKT-COWL CROSS MEMBER GDE,RH', 'KS', 6, 1, 600, 10000, 1, 'Progressive', NULL, NULL, 0, 0, 0, 0, 1855, NULL, '2025-11-10', NULL, 'active', NULL, NULL, NULL, NULL, NULL, NULL, NULL, NULL, NULL, NULL, NULL, NULL, NULL, NULL, NULL, NULL, NULL, NULL, NULL, NULL, NULL, NULL, NULL, '2026-04-01 08:55:48', '2026-04-01 08:55:48'),
	(140, '71474/84-I6000 (Blank)', 'REINF CTR PLR INR UPR,LH/RH', 'KS', 6, 1, 600, 10000, 1, 'Progressive', NULL, NULL, 0, 0, 0, 0, 4448, NULL, '2025-11-04', NULL, 'active', NULL, NULL, NULL, NULL, NULL, NULL, NULL, NULL, NULL, NULL, NULL, NULL, NULL, NULL, NULL, NULL, NULL, NULL, NULL, NULL, NULL, NULL, NULL, '2026-04-01 08:55:48', '2026-04-01 08:55:48'),
	(141, '651C2/D2-I6000 (Blank)', 'REINF-FR SEAT FR INR MTG,LH/RH', 'KS', 6, 1, 600, 10000, 1, 'Progressive', NULL, NULL, 0, 0, 0, 0, 6046, NULL, '2025-11-05', NULL, 'active', NULL, NULL, NULL, NULL, NULL, NULL, NULL, NULL, NULL, NULL, NULL, NULL, NULL, NULL, NULL, NULL, NULL, NULL, NULL, NULL, NULL, NULL, NULL, '2026-04-01 08:55:48', '2026-04-01 08:55:48'),
	(142, '71432-I6000 (Blank)', 'BRKT ASSIST HDL FR,LH', 'KS', 6, 1, 600, 10000, 1, 'Progressive', NULL, NULL, 0, 0, 0, 0, 1200, NULL, '2025-12-31', NULL, 'active', NULL, NULL, NULL, NULL, NULL, NULL, NULL, NULL, NULL, NULL, NULL, NULL, NULL, NULL, NULL, NULL, NULL, NULL, NULL, NULL, NULL, NULL, NULL, '2026-04-01 08:55:48', '2026-04-01 08:55:48'),
	(143, '71434-I6000 (Blank)', 'BRKT ASSIST HDL RR,LH', 'KS', 6, 1, 600, 10000, 1, 'Progressive', NULL, NULL, 0, 0, 0, 0, 1200, NULL, '2025-12-31', NULL, 'active', NULL, NULL, NULL, NULL, NULL, NULL, NULL, NULL, NULL, NULL, NULL, NULL, NULL, NULL, NULL, NULL, NULL, NULL, NULL, NULL, NULL, NULL, NULL, '2026-04-01 08:55:48', '2026-04-01 08:55:48'),
	(144, '65138-I6000 (Blank)', 'REINF P/BRAKE LVR MTG', 'KS', 6, 1, 600, 10000, 1, 'Progressive', NULL, NULL, 0, 0, 0, 0, 3810, NULL, '2025-12-29', NULL, 'active', NULL, NULL, NULL, NULL, NULL, NULL, NULL, NULL, NULL, NULL, NULL, NULL, NULL, NULL, NULL, NULL, NULL, NULL, NULL, NULL, NULL, NULL, NULL, '2026-04-01 08:55:48', '2026-04-01 08:55:48'),
	(145, '65195-I6000 (Blank)', 'REINF P/BRAKE CBL MTG', 'KS', 6, 1, 600, 10000, 1, 'Progressive', NULL, NULL, 0, 0, 0, 0, 2600, NULL, '2025-12-24', NULL, 'active', NULL, NULL, NULL, NULL, NULL, NULL, NULL, NULL, NULL, NULL, NULL, NULL, NULL, NULL, NULL, NULL, NULL, NULL, NULL, NULL, NULL, NULL, NULL, '2026-04-01 08:55:48', '2026-04-01 08:55:48'),
	(146, '651F2-I6000 (Blank)', 'PATCH S/SILL INR REINF NO.1', 'KS', 6, 1, 600, 10000, 1, 'Progressive', NULL, NULL, 0, 0, 0, 0, 2715, NULL, '2025-12-01', NULL, 'active', NULL, NULL, NULL, NULL, NULL, NULL, NULL, NULL, NULL, NULL, NULL, NULL, NULL, NULL, NULL, NULL, NULL, NULL, NULL, NULL, NULL, NULL, NULL, '2026-04-01 08:55:48', '2026-04-01 08:55:48'),
	(147, '651A8-I6000 (Blank)', 'MBR CTR FLR SIDE UPR,RH', 'KS', 6, 1, 600, 10000, 1, 'Progressive', NULL, NULL, 0, 0, 0, 0, 1200, NULL, '2025-12-02', NULL, 'active', NULL, NULL, NULL, NULL, NULL, NULL, NULL, NULL, NULL, NULL, NULL, NULL, NULL, NULL, NULL, NULL, NULL, NULL, NULL, NULL, NULL, NULL, NULL, '2026-04-01 08:55:48', '2026-04-01 08:55:48'),
	(148, '651B2-I6000 (Blank)', 'REINF CTR FLR SIDE FR,RH', 'KS', 6, 1, 600, 10000, 1, 'Progressive', NULL, NULL, 0, 0, 0, 0, 2673, NULL, '2025-12-04', NULL, 'active', NULL, NULL, NULL, NULL, NULL, NULL, NULL, NULL, NULL, NULL, NULL, NULL, NULL, NULL, NULL, NULL, NULL, NULL, NULL, NULL, NULL, NULL, NULL, '2026-04-01 08:55:48', '2026-04-01 08:55:48'),
	(149, '65156/66-I6000 (Blank)', 'BRKT FR ST RR OTR MTG,LH/RH', 'KS', 6, 1, 600, 10000, 1, 'Progressive', NULL, NULL, 0, 0, 0, 0, 0, NULL, '2026-03-04', NULL, 'active', NULL, NULL, NULL, NULL, NULL, NULL, NULL, NULL, NULL, NULL, NULL, NULL, NULL, NULL, NULL, NULL, NULL, NULL, NULL, NULL, NULL, NULL, NULL, '2026-04-01 08:55:48', '2026-04-01 08:55:48'),
	(150, '71134/44-I6000 (Blank)', 'REINF-FR DR HINGE MTG UPR,LH/RH', 'KS', 6, 1, 600, 10000, 1, 'Progressive', NULL, NULL, 0, 0, 0, 0, 2145, NULL, '2026-01-28', NULL, 'active', NULL, NULL, NULL, NULL, NULL, NULL, NULL, NULL, NULL, NULL, NULL, NULL, NULL, NULL, NULL, NULL, NULL, NULL, NULL, NULL, NULL, NULL, NULL, '2026-04-01 08:55:48', '2026-04-01 08:55:48'),
	(151, '71136/46-I6000 (Blank)', 'REINF-FR PILLAR OTR,LH/RH', 'KS', 6, 1, 600, 10000, 1, 'Progressive', NULL, NULL, 0, 0, 0, 0, 1200, NULL, '2026-03-02', NULL, 'active', NULL, NULL, NULL, NULL, NULL, NULL, NULL, NULL, NULL, NULL, NULL, NULL, NULL, NULL, NULL, NULL, NULL, NULL, NULL, NULL, NULL, NULL, NULL, '2026-04-01 08:55:48', '2026-04-01 08:55:48'),
	(152, '71391-I6000 (Blank)', 'GUSSET SIDE SILL OTR NO.1 LH', 'KS', 6, 1, 600, 10000, 1, 'Progressive', NULL, NULL, 0, 0, 0, 0, 6832, NULL, '2025-12-30', NULL, 'active', NULL, NULL, NULL, NULL, NULL, NULL, NULL, NULL, NULL, NULL, NULL, NULL, NULL, NULL, NULL, NULL, NULL, NULL, NULL, NULL, NULL, NULL, NULL, '2026-04-01 08:55:48', '2026-04-01 08:55:48'),
	(153, '71358/68-I6000 (Blank)', 'EXTN SIDE SILL OTR FR,LH/RH', 'KS', 6, 1, 600, 10000, 1, 'Progressive', NULL, NULL, 0, 0, 0, 0, 2783, NULL, '2025-10-23', NULL, 'active', NULL, NULL, NULL, NULL, NULL, NULL, NULL, NULL, NULL, NULL, NULL, NULL, NULL, NULL, NULL, NULL, NULL, NULL, NULL, NULL, NULL, NULL, NULL, '2026-04-01 08:55:48', '2026-04-01 08:55:48'),
	(154, '71476/86-I6000 (Blank)', 'BRKT FR S/BELT UPR MTG,LH/RH', 'KS', 6, 1, 600, 10000, 1, 'Progressive', NULL, NULL, 0, 0, 0, 0, 2400, NULL, '2026-01-27', NULL, 'active', NULL, NULL, NULL, NULL, NULL, NULL, NULL, NULL, NULL, NULL, NULL, NULL, NULL, NULL, NULL, NULL, NULL, NULL, NULL, NULL, NULL, NULL, NULL, '2026-04-01 08:55:48', '2026-04-01 08:55:48'),
	(155, '71154/64-I6000 (Blank)', 'REINF-FR DR HINGE LWR,LH/RH', 'KS', 6, 1, 600, 10000, 1, 'Progressive', NULL, NULL, 0, 0, 0, 0, 2708, NULL, '2025-11-20', NULL, 'active', NULL, NULL, NULL, NULL, NULL, NULL, NULL, NULL, NULL, NULL, NULL, NULL, NULL, NULL, NULL, NULL, NULL, NULL, NULL, NULL, NULL, NULL, NULL, '2026-04-01 08:55:48', '2026-04-01 08:55:48'),
	(156, '65158/68-I6000 (Blank)', 'REINF-FR SEAT FR OTR MTG,LH/RH', 'KS', 6, 1, 600, 10000, 1, 'Progressive', NULL, NULL, 0, 0, 0, 0, 1500, NULL, '2026-01-26', NULL, 'active', NULL, NULL, NULL, NULL, NULL, NULL, NULL, NULL, NULL, NULL, NULL, NULL, NULL, NULL, NULL, NULL, NULL, NULL, NULL, NULL, NULL, NULL, NULL, '2026-04-01 08:55:48', '2026-04-01 08:55:48'),
	(157, '65106-I6000 (Blank)', 'REINF CTR FLOOR RR', 'KS', 6, 1, 600, 10000, 1, 'Progressive', NULL, NULL, 0, 0, 0, 0, 4413, NULL, '2025-11-28', NULL, 'active', NULL, NULL, NULL, NULL, NULL, NULL, NULL, NULL, NULL, NULL, NULL, NULL, NULL, NULL, NULL, NULL, NULL, NULL, NULL, NULL, NULL, NULL, NULL, '2026-04-01 08:55:48', '2026-04-01 08:55:48'),
	(158, '65154/64-I6000 (Blank)', 'BRKT FR ST RR INR MTG,LH/RH', 'KS', 6, 1, 600, 10000, 1, 'Progressive', NULL, NULL, 0, 0, 0, 0, 2326, NULL, '2025-12-31', NULL, 'active', NULL, NULL, NULL, NULL, NULL, NULL, NULL, NULL, NULL, NULL, NULL, NULL, NULL, NULL, NULL, NULL, NULL, NULL, NULL, NULL, NULL, NULL, NULL, '2026-04-01 08:55:48', '2026-04-01 08:55:48'),
	(159, '65174/84-I6000 (Blank)', 'REINF SIDE SILL INR LH/RH', 'KS', 6, 1, 600, 10000, 1, 'Progressive', NULL, NULL, 0, 0, 0, 0, 3796, NULL, '2025-12-03', NULL, 'active', NULL, NULL, NULL, NULL, NULL, NULL, NULL, NULL, NULL, NULL, NULL, NULL, NULL, NULL, NULL, NULL, NULL, NULL, NULL, NULL, NULL, NULL, NULL, '2026-04-01 08:55:48', '2026-04-01 08:55:48'),
	(160, '71172/82-I6000 (Blank)', 'REINF-FR DR CHECKER MTG,LH', 'KS', 6, 1, 600, 10000, 1, 'Progressive', NULL, NULL, 0, 0, 0, 0, 3565, NULL, '2025-11-21', NULL, 'active', NULL, NULL, NULL, NULL, NULL, NULL, NULL, NULL, NULL, NULL, NULL, NULL, NULL, NULL, NULL, NULL, NULL, NULL, NULL, NULL, NULL, NULL, NULL, '2026-04-01 08:55:48', '2026-04-01 08:55:48'),
	(161, '71393/94-I6000 (Blank)', 'GUSSET SIDE SILL OTR NO.2,LH/RH', 'KS', 6, 1, 600, 10000, 1, 'Progressive', NULL, NULL, 0, 0, 0, 0, 2094, NULL, '2025-11-13', NULL, 'active', NULL, NULL, NULL, NULL, NULL, NULL, NULL, NULL, NULL, NULL, NULL, NULL, NULL, NULL, NULL, NULL, NULL, NULL, NULL, NULL, NULL, NULL, NULL, '2026-04-01 08:55:48', '2026-04-01 08:55:48'),
	(162, '71252/62-I6000 (Blank)', 'EXTN FR PILLAR UPR,RH/LH', 'KS', 6, 1, 600, 10000, 1, 'Progressive', NULL, NULL, 0, 0, 0, 0, 2400, NULL, '2026-01-22', NULL, 'active', NULL, NULL, NULL, NULL, NULL, NULL, NULL, NULL, NULL, NULL, NULL, NULL, NULL, NULL, NULL, NULL, NULL, NULL, NULL, NULL, NULL, NULL, NULL, '2026-04-01 08:55:48', '2026-04-01 08:55:48'),
	(163, '71477/87-I6000 (Blank)', 'BRKT FR SEAT BELT LWR MTG,LH/RH', 'KS', 6, 1, 600, 10000, 1, 'Progressive', NULL, NULL, 0, 0, 0, 0, 0, NULL, '2025-12-04', NULL, 'active', NULL, NULL, NULL, NULL, NULL, NULL, NULL, NULL, NULL, NULL, NULL, NULL, NULL, NULL, NULL, NULL, NULL, NULL, NULL, NULL, NULL, NULL, NULL, '2026-04-01 08:55:48', '2026-04-01 08:55:48'),
	(164, '71374/84-I6000 (Blank Sheet)', 'REINF SIDE SILL OTR FR,LH/RH', 'KS', 6, 1, 600, 10000, 1, 'Progressive', NULL, NULL, 0, 0, 0, 0, 1668, NULL, '2026-02-09', NULL, 'active', NULL, NULL, NULL, NULL, NULL, NULL, NULL, NULL, NULL, NULL, NULL, NULL, NULL, NULL, NULL, NULL, NULL, NULL, NULL, NULL, NULL, NULL, NULL, '2026-04-01 08:55:48', '2026-04-01 08:55:48'),
	(165, '651C8-I6000 (Blank Sheet)', 'BRACE CTR FLR TUNNEL RR', 'KS', 6, 1, 600, 10000, 1, 'Progressive', NULL, NULL, 0, 0, 0, 0, 2361, NULL, '2025-12-22', NULL, 'active', NULL, NULL, NULL, NULL, NULL, NULL, NULL, NULL, NULL, NULL, NULL, NULL, NULL, NULL, NULL, NULL, NULL, NULL, NULL, NULL, NULL, NULL, NULL, '2026-04-01 08:55:48', '2026-04-01 08:55:48'),
	(166, '651D8-I6000 (Blank Sheet)', 'BRACE CTR FLR TUNNEL', 'KS', 6, 1, 600, 10000, 1, 'Progressive', NULL, NULL, 0, 0, 0, 0, 2403, NULL, '2025-12-23', NULL, 'active', NULL, NULL, NULL, NULL, NULL, NULL, NULL, NULL, NULL, NULL, NULL, NULL, NULL, NULL, NULL, NULL, NULL, NULL, NULL, NULL, NULL, NULL, NULL, '2026-04-01 08:55:48', '2026-04-01 08:55:48'),
	(167, '65152-I6000 (Blank Sheet)', 'MEMBER-FR SEAT CROSS,LH', 'KS', 6, 1, 600, 10000, 1, 'Progressive', NULL, NULL, 0, 0, 0, 0, 0, NULL, '2026-03-03', NULL, 'active', NULL, NULL, NULL, NULL, NULL, NULL, NULL, NULL, NULL, NULL, NULL, NULL, NULL, NULL, NULL, NULL, NULL, NULL, NULL, NULL, NULL, NULL, NULL, '2026-04-01 08:55:48', '2026-04-01 08:55:48'),
	(168, '65162-I6000 (Blank Sheet)', 'MEMBER-FR SEAT CROSS,RH', 'KS', 6, 1, 600, 10000, 1, 'Progressive', NULL, NULL, 0, 0, 0, 0, 3614, NULL, '2025-09-23', NULL, 'active', NULL, NULL, NULL, NULL, NULL, NULL, NULL, NULL, NULL, NULL, NULL, NULL, NULL, NULL, NULL, NULL, NULL, NULL, NULL, NULL, NULL, NULL, NULL, '2026-04-01 08:55:48', '2026-04-01 08:55:48'),
	(169, '58331-52S00 (Blank)', 'BRACE HEAD LAMP SUPPORT LH', 'Y4L', 18, 5, 600, 10000, 1, 'Progressive', NULL, NULL, 0, 0, 0, 0, 1400, NULL, '2026-03-06', NULL, 'active', NULL, NULL, NULL, NULL, NULL, NULL, NULL, NULL, NULL, NULL, NULL, NULL, NULL, NULL, NULL, NULL, NULL, NULL, NULL, NULL, NULL, NULL, NULL, '2026-04-01 08:55:48', '2026-04-01 08:55:48'),
	(170, '58321-52S00 (Blank)', 'BRACE HEAD LAMP SUPPORT RH', 'Y4L', 18, 5, 600, 10000, 1, 'Progressive', NULL, NULL, 0, 0, 0, 0, 1603, NULL, '2026-03-02', NULL, 'active', NULL, NULL, NULL, NULL, NULL, NULL, NULL, NULL, NULL, NULL, NULL, NULL, NULL, NULL, NULL, NULL, NULL, NULL, NULL, NULL, NULL, NULL, NULL, '2026-04-01 08:55:48', '2026-04-01 08:55:48'),
	(171, '58851-52S00 (Blank)', 'BRKT BMPR & FR FNL R', 'Y4L', 18, 5, 600, 10000, 1, 'Progressive', NULL, NULL, 0, 0, 0, 0, 4320, NULL, '2025-11-26', NULL, 'active', NULL, NULL, NULL, NULL, NULL, NULL, NULL, NULL, NULL, NULL, NULL, NULL, NULL, NULL, NULL, NULL, NULL, NULL, NULL, NULL, NULL, NULL, NULL, '2026-04-01 08:55:48', '2026-04-01 08:55:48'),
	(172, '58861-52S00 (Blank)', 'BRKT BMPR & FR FNL L', 'Y4L', 18, 5, 600, 10000, 1, 'Progressive', NULL, NULL, 0, 0, 0, 0, 3936, NULL, '2026-02-12', NULL, 'active', NULL, NULL, NULL, NULL, NULL, NULL, NULL, NULL, NULL, NULL, NULL, NULL, NULL, NULL, NULL, NULL, NULL, NULL, NULL, NULL, NULL, NULL, NULL, '2026-04-01 08:55:48', '2026-04-01 08:55:48'),
	(173, '58815-52S00 (Blank)', 'BRKT BMPR & FR FNL CTR', 'Y4L', 18, 5, 600, 10000, 1, 'Progressive', NULL, NULL, 0, 0, 0, 0, 0, NULL, '2026-03-11', NULL, 'active', NULL, NULL, NULL, NULL, NULL, NULL, NULL, NULL, NULL, NULL, NULL, NULL, NULL, NULL, NULL, NULL, NULL, NULL, NULL, NULL, NULL, NULL, NULL, '2026-04-01 08:55:48', '2026-04-01 08:55:48'),
	(174, '58322/422-74T00 (Blank)', 'BRACKET FR FENDER LWR R/L', 'YTB', 19, 5, 600, 10000, 1, 'Progressive', NULL, NULL, 0, 0, 0, 0, 5420, NULL, '2025-12-24', NULL, 'active', NULL, NULL, NULL, NULL, NULL, NULL, NULL, NULL, NULL, NULL, NULL, NULL, NULL, NULL, NULL, NULL, NULL, NULL, NULL, NULL, NULL, NULL, NULL, '2026-04-01 08:55:48', '2026-04-01 08:55:48'),
	(175, '64348-TVS-K010-H1 (Blank)', 'ANCHOR PLATE CTR INN', '2JX (3K6A)', 23, 3, 600, 10000, 1, 'Progressive', NULL, NULL, 0, 0, 0, 0, 5000, NULL, '2025-11-19', NULL, 'active', NULL, NULL, NULL, NULL, NULL, NULL, NULL, NULL, NULL, NULL, NULL, NULL, NULL, NULL, NULL, NULL, NULL, NULL, NULL, NULL, NULL, NULL, NULL, '2026-04-01 08:55:48', '2026-04-01 08:55:48'),
	(176, '65314-T86-K000-H1 (Blank)', 'BRACKET CANISTER', '2JX', 7, 3, 600, 10000, 1, 'Progressive', NULL, NULL, 0, 0, 0, 0, 3250, NULL, '2025-11-19', NULL, 'active', NULL, NULL, NULL, NULL, NULL, NULL, NULL, NULL, NULL, NULL, NULL, NULL, NULL, NULL, NULL, NULL, NULL, NULL, NULL, NULL, NULL, NULL, NULL, '2026-04-01 08:55:48', '2026-04-01 08:55:48'),
	(177, '65613-SCD-3000 (Blank)', 'BASE SPRING', '2JX', 7, 3, 600, 10000, 1, 'Progressive', NULL, NULL, 0, 0, 0, 0, 4200, NULL, '2025-11-28', NULL, 'active', NULL, NULL, NULL, NULL, NULL, NULL, NULL, NULL, NULL, NULL, NULL, NULL, NULL, NULL, NULL, NULL, NULL, NULL, NULL, NULL, NULL, NULL, NULL, '2026-04-01 08:55:48', '2026-04-01 08:55:48'),
	(178, '65705-T86-K000-H1 (Blank)', 'BHD MID FLOOR C/ MBR', '2JX', 7, 3, 600, 10000, 1, 'Progressive', NULL, NULL, 0, 0, 0, 0, 1500, NULL, '2025-12-22', NULL, 'active', NULL, NULL, NULL, NULL, NULL, NULL, NULL, NULL, NULL, NULL, NULL, NULL, NULL, NULL, NULL, NULL, NULL, NULL, NULL, NULL, NULL, NULL, NULL, '2026-04-01 08:55:48', '2026-04-01 08:55:48'),
	(179, '65706-T86-K000-H1 (Blank)', 'BRKT L, RR F/ TANK STOPPER', '2JX', 7, 3, 600, 10000, 1, 'Progressive', NULL, NULL, 0, 0, 0, 0, 5200, NULL, '2025-11-28', NULL, 'active', NULL, NULL, NULL, NULL, NULL, NULL, NULL, NULL, NULL, NULL, NULL, NULL, NULL, NULL, NULL, NULL, NULL, NULL, NULL, NULL, NULL, NULL, NULL, '2026-04-01 08:55:48', '2026-04-01 08:55:48'),
	(180, '65743/93-T86A-K000-H1 (Blank)', 'STIFF R/L, EXTN S/ SILL', '2JX (LHD)', 22, 3, 600, 10000, 1, 'Progressive', NULL, NULL, 0, 0, 0, 0, 2400, NULL, '2025-11-13', NULL, 'active', NULL, NULL, NULL, NULL, NULL, NULL, NULL, NULL, NULL, NULL, NULL, NULL, NULL, NULL, NULL, NULL, NULL, NULL, NULL, NULL, NULL, NULL, NULL, '2026-04-01 08:55:48', '2026-04-01 08:55:48'),
	(181, '65748-T86-K000-H1 (Blank)', 'BRKT, BREATHER TUBE', '2JX', 7, 3, 600, 10000, 1, 'Progressive', NULL, NULL, 0, 0, 0, 0, 4500, NULL, '2025-11-13', NULL, 'active', NULL, NULL, NULL, NULL, NULL, NULL, NULL, NULL, NULL, NULL, NULL, NULL, NULL, NULL, NULL, NULL, NULL, NULL, NULL, NULL, NULL, NULL, NULL, '2026-04-01 08:55:48', '2026-04-01 08:55:48'),
	(182, '64743-T7A-3000 (Blank)', 'BRKT, SECURITY HORN', '3M0A', 20, 3, 600, 10000, 1, 'Progressive', NULL, NULL, 0, 0, 0, 0, 1700, NULL, '2025-12-09', NULL, 'active', NULL, NULL, NULL, NULL, NULL, NULL, NULL, NULL, NULL, NULL, NULL, NULL, NULL, NULL, NULL, NULL, NULL, NULL, NULL, NULL, NULL, NULL, NULL, '2026-04-01 08:55:48', '2026-04-01 08:55:48'),
	(183, '61541-3M0-3000 (Blank)', 'STPR, ACCEL PEDAL', '2GN (3N1A)', 15, 4, 600, 10000, 1, 'Progressive', NULL, NULL, 0, 0, 0, 0, 3760, NULL, '2025-10-27', NULL, 'active', NULL, NULL, NULL, NULL, NULL, NULL, NULL, NULL, NULL, NULL, NULL, NULL, NULL, NULL, NULL, NULL, NULL, NULL, NULL, NULL, NULL, NULL, NULL, '2026-04-01 08:55:48', '2026-04-01 08:55:48'),
	(184, '77751-VT050 (Blank)', 'BRACKET, CHARCOAL CANISTER NO. 1', '560B', 16, 6, 600, 10000, 1, 'Progressive', NULL, NULL, 0, 0, 0, 0, 0, NULL, '2026-02-10', NULL, 'active', NULL, NULL, NULL, NULL, NULL, NULL, NULL, NULL, NULL, NULL, NULL, NULL, NULL, NULL, NULL, NULL, NULL, NULL, NULL, NULL, NULL, NULL, NULL, '2026-04-01 08:55:48', '2026-04-01 08:55:48'),
	(185, '62741-74U00 (Blank)', 'BRACKET , FUEL TANK REAR , L', 'YTB', 19, 5, 600, 10000, 1, 'Progressive', NULL, NULL, 0, 0, 0, 0, 4875, NULL, '2025-11-20', NULL, 'active', NULL, NULL, NULL, NULL, NULL, NULL, NULL, NULL, NULL, NULL, NULL, NULL, NULL, NULL, NULL, NULL, NULL, NULL, NULL, NULL, NULL, NULL, NULL, '2026-04-01 08:55:48', '2026-04-01 08:55:48');

-- Dumping structure for table ppm_dies_monitoring.die_processes
CREATE TABLE IF NOT EXISTS `die_processes` (
  `id` bigint(20) unsigned NOT NULL AUTO_INCREMENT,
  `die_id` bigint(20) unsigned NOT NULL,
  `process_type` varchar(50) COLLATE utf8mb4_unicode_ci NOT NULL,
  `process_order` tinyint(3) unsigned NOT NULL DEFAULT '1',
  `ppm_status` enum('pending','in_progress','completed') COLLATE utf8mb4_unicode_ci NOT NULL DEFAULT 'pending',
  `ppm_started_at` timestamp NULL DEFAULT NULL,
  `ppm_completed_at` timestamp NULL DEFAULT NULL,
  `ppm_history_id` bigint(20) unsigned DEFAULT NULL,
  `completed_by` varchar(255) COLLATE utf8mb4_unicode_ci DEFAULT NULL,
  `notes` text COLLATE utf8mb4_unicode_ci,
  `created_at` timestamp NULL DEFAULT NULL,
  `updated_at` timestamp NULL DEFAULT NULL,
  PRIMARY KEY (`id`),
  UNIQUE KEY `die_processes_die_id_process_type_process_order_unique` (`die_id`,`process_type`,`process_order`),
  KEY `die_processes_ppm_history_id_foreign` (`ppm_history_id`),
  KEY `die_processes_die_id_ppm_status_index` (`die_id`,`ppm_status`),
  CONSTRAINT `die_processes_die_id_foreign` FOREIGN KEY (`die_id`) REFERENCES `dies` (`id`) ON DELETE CASCADE,
  CONSTRAINT `die_processes_ppm_history_id_foreign` FOREIGN KEY (`ppm_history_id`) REFERENCES `ppm_histories` (`id`) ON DELETE SET NULL
) ENGINE=InnoDB DEFAULT CHARSET=utf8mb4 COLLATE=utf8mb4_unicode_ci;

-- Dumping data for table ppm_dies_monitoring.die_processes: ~0 rows (approximately)

-- Dumping structure for table ppm_dies_monitoring.failed_jobs
CREATE TABLE IF NOT EXISTS `failed_jobs` (
  `id` bigint(20) unsigned NOT NULL AUTO_INCREMENT,
  `uuid` varchar(255) COLLATE utf8mb4_unicode_ci NOT NULL,
  `connection` text COLLATE utf8mb4_unicode_ci NOT NULL,
  `queue` text COLLATE utf8mb4_unicode_ci NOT NULL,
  `payload` longtext COLLATE utf8mb4_unicode_ci NOT NULL,
  `exception` longtext COLLATE utf8mb4_unicode_ci NOT NULL,
  `failed_at` timestamp NOT NULL DEFAULT CURRENT_TIMESTAMP,
  PRIMARY KEY (`id`),
  UNIQUE KEY `failed_jobs_uuid_unique` (`uuid`)
) ENGINE=InnoDB DEFAULT CHARSET=utf8mb4 COLLATE=utf8mb4_unicode_ci;

-- Dumping data for table ppm_dies_monitoring.failed_jobs: ~0 rows (approximately)

-- Dumping structure for table ppm_dies_monitoring.import_logs
CREATE TABLE IF NOT EXISTS `import_logs` (
  `id` bigint(20) unsigned NOT NULL AUTO_INCREMENT,
  `type` varchar(255) COLLATE utf8mb4_unicode_ci NOT NULL,
  `file_name` varchar(255) COLLATE utf8mb4_unicode_ci NOT NULL,
  `status` enum('success','failed') COLLATE utf8mb4_unicode_ci NOT NULL DEFAULT 'success',
  `imported_count` int(11) NOT NULL DEFAULT '0',
  `skipped_count` int(11) NOT NULL DEFAULT '0',
  `accumulated_count` int(11) NOT NULL DEFAULT '0',
  `skipped_rows` json DEFAULT NULL,
  `error_message` text COLLATE utf8mb4_unicode_ci,
  `user_id` bigint(20) unsigned DEFAULT NULL,
  `created_at` timestamp NULL DEFAULT NULL,
  `updated_at` timestamp NULL DEFAULT NULL,
  PRIMARY KEY (`id`),
  KEY `import_logs_user_id_foreign` (`user_id`),
  CONSTRAINT `import_logs_user_id_foreign` FOREIGN KEY (`user_id`) REFERENCES `users` (`id`) ON DELETE SET NULL
) ENGINE=InnoDB DEFAULT CHARSET=utf8mb4 COLLATE=utf8mb4_unicode_ci;

-- Dumping data for table ppm_dies_monitoring.import_logs: ~0 rows (approximately)

-- Dumping structure for table ppm_dies_monitoring.jobs
CREATE TABLE IF NOT EXISTS `jobs` (
  `id` bigint(20) unsigned NOT NULL AUTO_INCREMENT,
  `queue` varchar(255) COLLATE utf8mb4_unicode_ci NOT NULL,
  `payload` longtext COLLATE utf8mb4_unicode_ci NOT NULL,
  `attempts` tinyint(3) unsigned NOT NULL,
  `reserved_at` int(10) unsigned DEFAULT NULL,
  `available_at` int(10) unsigned NOT NULL,
  `created_at` int(10) unsigned NOT NULL,
  PRIMARY KEY (`id`),
  KEY `jobs_queue_index` (`queue`)
) ENGINE=InnoDB DEFAULT CHARSET=utf8mb4 COLLATE=utf8mb4_unicode_ci;

-- Dumping data for table ppm_dies_monitoring.jobs: ~0 rows (approximately)

-- Dumping structure for table ppm_dies_monitoring.job_batches
CREATE TABLE IF NOT EXISTS `job_batches` (
  `id` varchar(255) COLLATE utf8mb4_unicode_ci NOT NULL,
  `name` varchar(255) COLLATE utf8mb4_unicode_ci NOT NULL,
  `total_jobs` int(11) NOT NULL,
  `pending_jobs` int(11) NOT NULL,
  `failed_jobs` int(11) NOT NULL,
  `failed_job_ids` longtext COLLATE utf8mb4_unicode_ci NOT NULL,
  `options` mediumtext COLLATE utf8mb4_unicode_ci,
  `cancelled_at` int(11) DEFAULT NULL,
  `created_at` int(11) NOT NULL,
  `finished_at` int(11) DEFAULT NULL,
  PRIMARY KEY (`id`)
) ENGINE=InnoDB DEFAULT CHARSET=utf8mb4 COLLATE=utf8mb4_unicode_ci;

-- Dumping data for table ppm_dies_monitoring.job_batches: ~0 rows (approximately)

-- Dumping structure for table ppm_dies_monitoring.machine_models
CREATE TABLE IF NOT EXISTS `machine_models` (
  `id` bigint(20) unsigned NOT NULL AUTO_INCREMENT,
  `code` varchar(30) COLLATE utf8mb4_unicode_ci NOT NULL,
  `name` varchar(100) COLLATE utf8mb4_unicode_ci NOT NULL,
  `tonnage_standard_id` bigint(20) unsigned NOT NULL,
  `description` text COLLATE utf8mb4_unicode_ci,
  `is_active` tinyint(1) NOT NULL DEFAULT '1',
  `created_at` timestamp NULL DEFAULT NULL,
  `updated_at` timestamp NULL DEFAULT NULL,
  PRIMARY KEY (`id`),
  UNIQUE KEY `machine_models_code_unique` (`code`),
  KEY `machine_models_tonnage_standard_id_index` (`tonnage_standard_id`),
  CONSTRAINT `machine_models_tonnage_standard_id_foreign` FOREIGN KEY (`tonnage_standard_id`) REFERENCES `tonnage_standards` (`id`)
) ENGINE=InnoDB AUTO_INCREMENT=24 DEFAULT CHARSET=utf8mb4 COLLATE=utf8mb4_unicode_ci;

-- Dumping data for table ppm_dies_monitoring.machine_models: ~23 rows (approximately)
REPLACE INTO `machine_models` (`id`, `code`, `name`, `tonnage_standard_id`, `description`, `is_active`, `created_at`, `updated_at`) VALUES
	(1, '20QX', '20QX Series', 2, NULL, 1, '2026-04-01 08:55:48', '2026-04-01 08:55:48'),
	(2, 'RNE', 'RNE Series', 2, NULL, 1, '2026-04-01 08:55:48', '2026-04-01 08:55:48'),
	(3, '5H45 (RV)', '5H45 RV Series', 2, NULL, 1, '2026-04-01 08:55:48', '2026-04-01 08:55:48'),
	(4, '5H45 (RX)', '5H45 RX Series', 2, NULL, 1, '2026-04-01 08:55:48', '2026-04-01 08:55:48'),
	(5, '5H45 (RVE)', '5H45 RVE Series', 2, NULL, 1, '2026-04-01 08:55:48', '2026-04-01 08:55:48'),
	(6, 'KS', 'KS Series', 2, NULL, 1, '2026-04-01 08:55:48', '2026-04-01 08:55:48'),
	(7, '2JX', '2JX Series', 4, NULL, 1, '2026-04-01 08:55:48', '2026-04-01 08:55:48'),
	(8, '3K6A', '3K6A Series', 4, NULL, 1, '2026-04-01 08:55:48', '2026-04-01 08:55:48'),
	(9, '2GN', '2GN Series', 4, NULL, 1, '2026-04-01 08:55:48', '2026-04-01 08:55:48'),
	(10, '4L45W', '4L45W Series', 1, NULL, 1, '2026-04-01 08:55:48', '2026-04-01 08:55:48'),
	(11, 'QX', 'QX Series', 1, NULL, 1, '2026-04-01 08:55:48', '2026-04-01 08:55:48'),
	(12, 'T64', 'T64 Series', 4, NULL, 1, '2026-04-01 08:55:48', '2026-04-01 08:55:48'),
	(13, '2JX (T86A)', '2JX T86A Series', 4, NULL, 1, '2026-04-01 08:55:48', '2026-04-01 08:55:48'),
	(14, '2JX (T86A & 3K6A)', '2JX T86A & 3K6A Series', 4, NULL, 1, '2026-04-01 08:55:48', '2026-04-01 08:55:48'),
	(15, '2GN (3N1A)', '2GN 3N1A Series', 4, NULL, 1, '2026-04-01 08:55:48', '2026-04-01 08:55:48'),
	(16, '560B', '560B Series', 4, NULL, 1, '2026-04-01 08:55:48', '2026-04-01 08:55:48'),
	(17, 'YHA', 'YHA Series', 4, NULL, 1, '2026-04-01 08:55:48', '2026-04-01 08:55:48'),
	(18, 'Y4L', 'Y4L Series', 4, NULL, 1, '2026-04-01 08:55:48', '2026-04-01 08:55:48'),
	(19, 'YTB', 'YTB Series', 4, NULL, 1, '2026-04-01 08:55:48', '2026-04-01 08:55:48'),
	(20, '3M0A', '3M0A Series', 4, NULL, 1, '2026-04-01 08:55:48', '2026-04-01 08:55:48'),
	(21, '2VF', '2VF Series', 1, NULL, 1, '2026-04-01 08:55:48', '2026-04-01 08:55:48'),
	(22, '2JX (LHD)', '2JX LHD Series', 4, NULL, 1, '2026-04-01 08:55:48', '2026-04-01 08:55:48'),
	(23, '2JX (3K6A)', '2JX 3K6A Series', 4, NULL, 1, '2026-04-01 08:55:48', '2026-04-01 08:55:48');

-- Dumping structure for table ppm_dies_monitoring.migrations
CREATE TABLE IF NOT EXISTS `migrations` (
  `id` int(10) unsigned NOT NULL AUTO_INCREMENT,
  `migration` varchar(255) COLLATE utf8mb4_unicode_ci NOT NULL,
  `batch` int(11) NOT NULL,
  PRIMARY KEY (`id`)
) ENGINE=InnoDB AUTO_INCREMENT=33 DEFAULT CHARSET=utf8mb4 COLLATE=utf8mb4_unicode_ci;

-- Dumping data for table ppm_dies_monitoring.migrations: ~32 rows (approximately)
REPLACE INTO `migrations` (`id`, `migration`, `batch`) VALUES
	(1, '0001_01_01_000000_create_users_table', 1),
	(2, '0001_01_01_000001_create_cache_table', 1),
	(3, '0001_01_01_000002_create_jobs_table', 1),
	(4, '2026_01_21_085400_create_customers_table', 1),
	(5, '2026_01_21_085400_create_machine_models_table', 1),
	(6, '2026_01_21_085400_create_tonnage_standards_table', 1),
	(7, '2026_01_21_085401_create_dies_table', 1),
	(8, '2026_01_21_085401_create_ppm_schedules_table', 1),
	(9, '2026_01_21_085401_create_production_logs_table', 1),
	(10, '2026_01_21_085402_add_machine_models_tonnage_standard_fk', 1),
	(11, '2026_01_21_085407_create_ppm_histories_table', 1),
	(12, '2026_01_22_100000_add_role_and_photo_to_users_table', 1),
	(13, '2026_01_28_073733_update_dies_table_fields', 1),
	(14, '2026_01_28_100000_add_ppm_alert_status_to_dies_table', 1),
	(15, '2026_01_28_120000_add_model_qty_die_to_production_logs_table', 1),
	(16, '2026_01_28_130000_remove_qty_die_from_production_logs_table', 1),
	(17, '2026_01_29_064725_create_notifications_table', 1),
	(18, '2026_02_01_100000_add_ppm_tracking_to_dies_table', 1),
	(19, '2026_02_01_100001_add_ppm_number_to_ppm_histories_table', 1),
	(20, '2026_02_16_100000_add_ppic_prod_features_to_dies_table', 1),
	(21, '2026_02_23_065641_add_schedule_dates_to_dies_table', 1),
	(22, '2026_02_23_065649_add_schedule_dates_to_dies_table', 1),
	(23, '2026_02_23_072947_add_created_by_to_ppm_schedules_table', 1),
	(24, '2026_02_23_100000_create_special_dies_repairs_table', 1),
	(25, '2026_02_23_100001_add_ppm_timeline_and_group_to_dies_table', 1),
	(26, '2026_02_25_100000_add_process_type_and_checklist_to_dies_and_ppm_histories', 1),
	(27, '2026_02_26_100000_add_is_4lot_check_to_dies_table', 1),
	(28, '2026_03_09_011648_add_nik_to_users_table', 1),
	(29, '2026_03_12_100000_create_die_processes_table', 1),
	(30, '2026_03_12_100001_create_user_messages_table', 1),
	(31, '2026_03_12_100002_add_schedule_remarks_to_dies_table', 1),
	(32, '2026_03_31_100000_create_import_logs_table', 1);

-- Dumping structure for table ppm_dies_monitoring.notifications
CREATE TABLE IF NOT EXISTS `notifications` (
  `id` char(36) COLLATE utf8mb4_unicode_ci NOT NULL,
  `type` varchar(255) COLLATE utf8mb4_unicode_ci NOT NULL,
  `notifiable_type` varchar(255) COLLATE utf8mb4_unicode_ci NOT NULL,
  `notifiable_id` bigint(20) unsigned NOT NULL,
  `data` text COLLATE utf8mb4_unicode_ci NOT NULL,
  `read_at` timestamp NULL DEFAULT NULL,
  `created_at` timestamp NULL DEFAULT NULL,
  `updated_at` timestamp NULL DEFAULT NULL,
  PRIMARY KEY (`id`),
  KEY `notifications_notifiable_type_notifiable_id_index` (`notifiable_type`,`notifiable_id`)
) ENGINE=InnoDB DEFAULT CHARSET=utf8mb4 COLLATE=utf8mb4_unicode_ci;

-- Dumping data for table ppm_dies_monitoring.notifications: ~0 rows (approximately)

-- Dumping structure for table ppm_dies_monitoring.password_reset_tokens
CREATE TABLE IF NOT EXISTS `password_reset_tokens` (
  `email` varchar(255) COLLATE utf8mb4_unicode_ci NOT NULL,
  `token` varchar(255) COLLATE utf8mb4_unicode_ci NOT NULL,
  `created_at` timestamp NULL DEFAULT NULL,
  PRIMARY KEY (`email`)
) ENGINE=InnoDB DEFAULT CHARSET=utf8mb4 COLLATE=utf8mb4_unicode_ci;

-- Dumping data for table ppm_dies_monitoring.password_reset_tokens: ~0 rows (approximately)

-- Dumping structure for table ppm_dies_monitoring.ppm_histories
CREATE TABLE IF NOT EXISTS `ppm_histories` (
  `id` bigint(20) unsigned NOT NULL AUTO_INCREMENT,
  `die_id` bigint(20) unsigned NOT NULL,
  `ppm_date` date NOT NULL,
  `stroke_at_ppm` int(11) NOT NULL,
  `ppm_number` int(11) NOT NULL DEFAULT '1' COMMENT 'Which PPM number this is (1st, 2nd, 3rd, etc)',
  `process_type` varchar(30) COLLATE utf8mb4_unicode_ci DEFAULT NULL COMMENT 'Process type used during this PPM inspection',
  `checklist_results` json DEFAULT NULL COMMENT 'JSON array of checklist inspection results',
  `pic` varchar(100) COLLATE utf8mb4_unicode_ci NOT NULL,
  `status` enum('done','pending','cancelled','partial') COLLATE utf8mb4_unicode_ci NOT NULL DEFAULT 'done',
  `maintenance_type` enum('routine','repair','overhaul','emergency') COLLATE utf8mb4_unicode_ci NOT NULL DEFAULT 'routine',
  `work_performed` text COLLATE utf8mb4_unicode_ci,
  `parts_replaced` text COLLATE utf8mb4_unicode_ci,
  `findings` text COLLATE utf8mb4_unicode_ci,
  `recommendations` text COLLATE utf8mb4_unicode_ci,
  `checked_by` varchar(100) COLLATE utf8mb4_unicode_ci DEFAULT NULL,
  `approved_by` varchar(100) COLLATE utf8mb4_unicode_ci DEFAULT NULL,
  `created_by` bigint(20) unsigned DEFAULT NULL,
  `created_at` timestamp NULL DEFAULT NULL,
  `updated_at` timestamp NULL DEFAULT NULL,
  PRIMARY KEY (`id`),
  KEY `ppm_histories_created_by_foreign` (`created_by`),
  KEY `ppm_histories_die_id_ppm_date_index` (`die_id`,`ppm_date`),
  CONSTRAINT `ppm_histories_created_by_foreign` FOREIGN KEY (`created_by`) REFERENCES `users` (`id`) ON DELETE SET NULL,
  CONSTRAINT `ppm_histories_die_id_foreign` FOREIGN KEY (`die_id`) REFERENCES `dies` (`id`) ON DELETE CASCADE
) ENGINE=InnoDB DEFAULT CHARSET=utf8mb4 COLLATE=utf8mb4_unicode_ci;

-- Dumping data for table ppm_dies_monitoring.ppm_histories: ~0 rows (approximately)

-- Dumping structure for table ppm_dies_monitoring.ppm_schedules
CREATE TABLE IF NOT EXISTS `ppm_schedules` (
  `id` bigint(20) unsigned NOT NULL AUTO_INCREMENT,
  `die_id` bigint(20) unsigned NOT NULL,
  `year` int(11) NOT NULL,
  `month` tinyint(4) NOT NULL,
  `week` tinyint(4) NOT NULL,
  `forecast_stroke` int(11) DEFAULT NULL,
  `plan_week` tinyint(4) DEFAULT NULL,
  `is_done` tinyint(1) NOT NULL DEFAULT '0',
  `actual_stroke` int(11) DEFAULT NULL,
  `ppm_date` date DEFAULT NULL,
  `pic` varchar(100) COLLATE utf8mb4_unicode_ci DEFAULT NULL,
  `notes` text COLLATE utf8mb4_unicode_ci,
  `updated_by` varchar(100) COLLATE utf8mb4_unicode_ci DEFAULT NULL,
  `created_at` timestamp NULL DEFAULT NULL,
  `updated_at` timestamp NULL DEFAULT NULL,
  PRIMARY KEY (`id`),
  UNIQUE KEY `ppm_schedules_die_id_year_month_week_unique` (`die_id`,`year`,`month`,`week`),
  CONSTRAINT `ppm_schedules_die_id_foreign` FOREIGN KEY (`die_id`) REFERENCES `dies` (`id`) ON DELETE CASCADE
) ENGINE=InnoDB DEFAULT CHARSET=utf8mb4 COLLATE=utf8mb4_unicode_ci;

-- Dumping data for table ppm_dies_monitoring.ppm_schedules: ~0 rows (approximately)

-- Dumping structure for table ppm_dies_monitoring.production_logs
CREATE TABLE IF NOT EXISTS `production_logs` (
  `id` bigint(20) unsigned NOT NULL AUTO_INCREMENT,
  `die_id` bigint(20) unsigned NOT NULL,
  `model` varchar(20) COLLATE utf8mb4_unicode_ci DEFAULT NULL,
  `production_date` date NOT NULL,
  `shift` tinyint(4) NOT NULL,
  `line` varchar(20) COLLATE utf8mb4_unicode_ci DEFAULT NULL,
  `running_process` enum('Auto','Manual','Blanking') COLLATE utf8mb4_unicode_ci DEFAULT 'Auto',
  `start_time` time DEFAULT NULL,
  `finish_time` time DEFAULT NULL,
  `total_hours` decimal(5,2) DEFAULT NULL,
  `total_minutes` int(11) DEFAULT NULL,
  `break_time` int(11) DEFAULT NULL,
  `output_qty` int(11) NOT NULL,
  `month` varchar(10) COLLATE utf8mb4_unicode_ci DEFAULT NULL,
  `created_by` bigint(20) unsigned DEFAULT NULL,
  `created_at` timestamp NULL DEFAULT NULL,
  `updated_at` timestamp NULL DEFAULT NULL,
  PRIMARY KEY (`id`),
  KEY `production_logs_created_by_foreign` (`created_by`),
  KEY `production_logs_production_date_index` (`production_date`),
  KEY `production_logs_die_id_production_date_index` (`die_id`,`production_date`),
  CONSTRAINT `production_logs_created_by_foreign` FOREIGN KEY (`created_by`) REFERENCES `users` (`id`) ON DELETE SET NULL,
  CONSTRAINT `production_logs_die_id_foreign` FOREIGN KEY (`die_id`) REFERENCES `dies` (`id`) ON DELETE CASCADE
) ENGINE=InnoDB DEFAULT CHARSET=utf8mb4 COLLATE=utf8mb4_unicode_ci;

-- Dumping data for table ppm_dies_monitoring.production_logs: ~0 rows (approximately)

-- Dumping structure for table ppm_dies_monitoring.sessions
CREATE TABLE IF NOT EXISTS `sessions` (
  `id` varchar(255) COLLATE utf8mb4_unicode_ci NOT NULL,
  `user_id` bigint(20) unsigned DEFAULT NULL,
  `ip_address` varchar(45) COLLATE utf8mb4_unicode_ci DEFAULT NULL,
  `user_agent` text COLLATE utf8mb4_unicode_ci,
  `payload` longtext COLLATE utf8mb4_unicode_ci NOT NULL,
  `last_activity` int(11) NOT NULL,
  PRIMARY KEY (`id`),
  KEY `sessions_user_id_index` (`user_id`),
  KEY `sessions_last_activity_index` (`last_activity`)
) ENGINE=InnoDB DEFAULT CHARSET=utf8mb4 COLLATE=utf8mb4_unicode_ci;

-- Dumping data for table ppm_dies_monitoring.sessions: ~1 rows (approximately)
REPLACE INTO `sessions` (`id`, `user_id`, `ip_address`, `user_agent`, `payload`, `last_activity`) VALUES
	('UWdag2pjYJsl2gsKjdaQl6cCNvNL5binvFAnqugg', NULL, '127.0.0.1', 'Mozilla/5.0 (Windows NT 10.0; Win64; x64) AppleWebKit/537.36 (KHTML, like Gecko) Chrome/146.0.0.0 Safari/537.36', 'YToyOntzOjY6Il90b2tlbiI7czo0MDoiTUhYQjVsY3dkMDZIS0sxbmFTcGZIUUl4Zmo2bnM2bmtDZGt0VnZtMCI7czo2OiJfZmxhc2giO2E6Mjp7czozOiJvbGQiO2E6MDp7fXM6MzoibmV3IjthOjA6e319fQ==', 1775034626);

-- Dumping structure for table ppm_dies_monitoring.special_dies_repairs
CREATE TABLE IF NOT EXISTS `special_dies_repairs` (
  `id` bigint(20) unsigned NOT NULL AUTO_INCREMENT,
  `die_id` bigint(20) unsigned NOT NULL,
  `repair_type` varchar(50) COLLATE utf8mb4_unicode_ci NOT NULL,
  `priority` varchar(20) COLLATE utf8mb4_unicode_ci NOT NULL DEFAULT 'high',
  `status` varchar(30) COLLATE utf8mb4_unicode_ci NOT NULL DEFAULT 'pending',
  `reason` text COLLATE utf8mb4_unicode_ci NOT NULL,
  `description` text COLLATE utf8mb4_unicode_ci,
  `requested_by` varchar(100) COLLATE utf8mb4_unicode_ci DEFAULT NULL,
  `approved_by` varchar(100) COLLATE utf8mb4_unicode_ci DEFAULT NULL,
  `requested_at` timestamp NULL DEFAULT NULL,
  `approved_at` timestamp NULL DEFAULT NULL,
  `started_at` timestamp NULL DEFAULT NULL,
  `completed_at` timestamp NULL DEFAULT NULL,
  `pic` varchar(100) COLLATE utf8mb4_unicode_ci DEFAULT NULL,
  `work_performed` text COLLATE utf8mb4_unicode_ci,
  `parts_replaced` text COLLATE utf8mb4_unicode_ci,
  `findings` text COLLATE utf8mb4_unicode_ci,
  `recommendations` text COLLATE utf8mb4_unicode_ci,
  `is_ppm_interrupted` tinyint(1) NOT NULL DEFAULT '0',
  `is_urgent_delivery` tinyint(1) NOT NULL DEFAULT '0',
  `delivery_deadline` date DEFAULT NULL,
  `customer_po` varchar(100) COLLATE utf8mb4_unicode_ci DEFAULT NULL,
  `estimated_hours` int(11) DEFAULT NULL,
  `actual_hours` int(11) DEFAULT NULL,
  `previous_ppm_status` varchar(50) COLLATE utf8mb4_unicode_ci DEFAULT NULL,
  `previous_location` varchar(100) COLLATE utf8mb4_unicode_ci DEFAULT NULL,
  `notes` text COLLATE utf8mb4_unicode_ci,
  `created_by` bigint(20) unsigned DEFAULT NULL,
  `created_at` timestamp NULL DEFAULT NULL,
  `updated_at` timestamp NULL DEFAULT NULL,
  PRIMARY KEY (`id`),
  KEY `special_dies_repairs_die_id_foreign` (`die_id`),
  KEY `special_dies_repairs_created_by_foreign` (`created_by`),
  CONSTRAINT `special_dies_repairs_created_by_foreign` FOREIGN KEY (`created_by`) REFERENCES `users` (`id`),
  CONSTRAINT `special_dies_repairs_die_id_foreign` FOREIGN KEY (`die_id`) REFERENCES `dies` (`id`) ON DELETE CASCADE
) ENGINE=InnoDB DEFAULT CHARSET=utf8mb4 COLLATE=utf8mb4_unicode_ci;

-- Dumping data for table ppm_dies_monitoring.special_dies_repairs: ~0 rows (approximately)

-- Dumping structure for table ppm_dies_monitoring.tonnage_standards
CREATE TABLE IF NOT EXISTS `tonnage_standards` (
  `id` bigint(20) unsigned NOT NULL AUTO_INCREMENT,
  `tonnage` varchar(20) COLLATE utf8mb4_unicode_ci NOT NULL,
  `grade` varchar(10) COLLATE utf8mb4_unicode_ci NOT NULL,
  `type` varchar(50) COLLATE utf8mb4_unicode_ci DEFAULT NULL,
  `standard_stroke` int(11) NOT NULL,
  `lot_size` int(11) NOT NULL DEFAULT '2500',
  `description` text COLLATE utf8mb4_unicode_ci,
  `created_at` timestamp NULL DEFAULT NULL,
  `updated_at` timestamp NULL DEFAULT NULL,
  PRIMARY KEY (`id`)
) ENGINE=InnoDB AUTO_INCREMENT=6 DEFAULT CHARSET=utf8mb4 COLLATE=utf8mb4_unicode_ci;

-- Dumping data for table ppm_dies_monitoring.tonnage_standards: ~4 rows (approximately)
REPLACE INTO `tonnage_standards` (`id`, `tonnage`, `grade`, `type`, `standard_stroke`, `lot_size`, `description`, `created_at`, `updated_at`) VALUES
	(1, '1200T', 'D', 'Tandem Auto', 5000, 600, '1200 Ton Press - Grade D', '2026-01-21 10:41:16', '2026-03-03 19:48:57'),
	(3, '250T Progressive', 'A', 'Progressive', 10000, 600, '250T Progressive - Grade A', '2026-01-21 10:41:16', '2026-03-03 19:54:35'),
	(4, '250T', 'B', 'Tandem', 7000, 600, '250 Ton Press - Grade B (Tandem)', '2026-01-21 10:41:16', '2026-03-03 19:55:22'),
	(5, '800T', 'C', 'Tandem Auto', 7000, 600, NULL, '2026-03-03 19:45:17', '2026-03-03 19:45:17');

-- Dumping structure for table ppm_dies_monitoring.users
CREATE TABLE IF NOT EXISTS `users` (
  `id` bigint(20) unsigned NOT NULL AUTO_INCREMENT,
  `name` varchar(255) COLLATE utf8mb4_unicode_ci NOT NULL,
  `nik` varchar(20) COLLATE utf8mb4_unicode_ci DEFAULT NULL,
  `email` varchar(255) COLLATE utf8mb4_unicode_ci NOT NULL,
  `role` varchar(20) COLLATE utf8mb4_unicode_ci NOT NULL DEFAULT 'production',
  `photo` varchar(255) COLLATE utf8mb4_unicode_ci DEFAULT NULL,
  `is_active` tinyint(1) NOT NULL DEFAULT '1',
  `email_verified_at` timestamp NULL DEFAULT NULL,
  `password` varchar(255) COLLATE utf8mb4_unicode_ci NOT NULL,
  `remember_token` varchar(100) COLLATE utf8mb4_unicode_ci DEFAULT NULL,
  `created_at` timestamp NULL DEFAULT NULL,
  `updated_at` timestamp NULL DEFAULT NULL,
  PRIMARY KEY (`id`),
  UNIQUE KEY `users_email_unique` (`email`),
  UNIQUE KEY `users_nik_unique` (`nik`)
) ENGINE=InnoDB AUTO_INCREMENT=12 DEFAULT CHARSET=utf8mb4 COLLATE=utf8mb4_unicode_ci;

-- Dumping data for table ppm_dies_monitoring.users: ~10 rows (approximately)
REPLACE INTO `users` (`id`, `name`, `nik`, `email`, `role`, `photo`, `is_active`, `email_verified_at`, `password`, `remember_token`, `created_at`, `updated_at`) VALUES
	(1, 'Administrator', '000.00.00', 'admin@gmail.com', 'admin', 'photos/users/BOlil4n4GgP1sh3RupmbDJQehjlNsUhS1dgGCpxH.jpg', 1, NULL, '$2y$12$AZRbOyrHCJIzJMkef/OC4OOokyjCG8IxSrRgFKx8iIE.M.zKv5n7C', NULL, '2026-01-21 10:42:09', '2026-03-09 23:53:20'),
	(2, 'Rydha Ramlan Gunawan', '243.09.10', 'maintenance.dies@thaisummit.co.id', 'mtn_dies', NULL, 1, NULL, '$2y$12$x.59xKVhZKzu3mrMQepGKupPeAwH2LJLEOZ88N6VfhyEg96ww5rc.', 'RvT62uxl0EtbSlihll6keg9Ljc94FJJNkiXAbOT61R6ofjIbubKrxaSItahC', '2026-01-21 20:14:36', '2026-03-13 01:48:23'),
	(3, 'Yadi Heryadi', '072.05.08', 'production.eng@thaisummit.co.id', 'pe', NULL, 1, NULL, '$2y$12$AZRbOyrHCJIzJMkef/OC4OOokyjCG8IxSrRgFKx8iIE.M.zKv5n7C', NULL, '2026-01-21 20:25:16', '2026-04-01 09:06:51'),
	(4, 'Pakpoom Luedee', '838.01.23', 'testing@thaisummit.co.id', 'md', NULL, 1, NULL, '$2y$12$j1mhiV7NfS6YTuiqZYZx..2G4GeF9UERKsVdDTl2AAB88S7ZLcTEa', NULL, '2026-01-30 01:16:02', '2026-03-11 19:34:11'),
	(5, 'Sakti Oktaviani', '941.03.25', 'ppic-09@thaisummit.co.id', 'ppic', NULL, 1, NULL, '$2y$12$UYydkLbn7.Xq70IyR6LweeZmlIyH9471Jr8NQ2psGKoJtKPaeiQmK', NULL, '2026-02-15 20:46:47', '2026-03-16 05:04:43'),
	(7, 'Indriani', '578.09.13', 'production-02@thaisummit.co.id', 'production', NULL, 1, NULL, '$2y$12$0MPww6BCw/Imaj.pr1hekOKCo5UbHg.w7/vFSOFw4tyU1CZOTvO5y', 'jUZooD9gtwwG2AAbb3e2Vsy7cBwRs0YCj7ee1VN1NDJIPHgik00lBcR7wZI9', '2026-03-09 00:24:55', '2026-04-01 09:06:46'),
	(8, 'Didin Jahrudin', '630.07.14', 'it-01@thaisummit.co.id', 'admin', NULL, 1, NULL, '$2y$12$5vAWuSSz5skbf5mHnQTxx.b2dutyVzW9hUbvphwftn8FrgiJwIik6', NULL, '2026-03-09 00:26:13', '2026-03-09 00:26:13'),
	(9, 'Wildan Fathur Rohman', '943.04.25', 'it-03@thaisummit.co.id', 'production', NULL, 1, NULL, '$2y$12$f3Izh661VP9L1fScmsBDN.WnnaXM.YhpJUvni3QzeDV8kIhF5tQ3G', NULL, '2026-03-09 23:22:23', '2026-04-01 09:06:41'),
	(10, 'Idham Basir', '631.08.14', 'testing2@thaisummit.co.id', 'mgr_gm', NULL, 1, NULL, '$2y$12$IY0VQm2l5aARhY0IE602Zuq/iC0PZFPNvErStqsWbDP5DHN.2rKma', NULL, '2026-03-09 23:46:36', '2026-04-01 09:06:26'),
	(11, 'Iyan Supadiyanto', '606.10.13', 'production-01@thaisummit.co.id', 'pe', NULL, 1, NULL, '$2y$12$XHZkKfEQHLgYK196./TPr..vxaDFq3oR7HxLo/VZafYI2NvsKQb9y', NULL, '2026-03-09 23:48:16', '2026-04-01 09:06:21');

-- Dumping structure for table ppm_dies_monitoring.user_messages
CREATE TABLE IF NOT EXISTS `user_messages` (
  `id` bigint(20) unsigned NOT NULL AUTO_INCREMENT,
  `sender_id` bigint(20) unsigned NOT NULL,
  `receiver_id` bigint(20) unsigned DEFAULT NULL,
  `receiver_role` varchar(20) COLLATE utf8mb4_unicode_ci DEFAULT NULL,
  `die_id` bigint(20) unsigned DEFAULT NULL,
  `subject` varchar(200) COLLATE utf8mb4_unicode_ci NOT NULL,
  `message` text COLLATE utf8mb4_unicode_ci NOT NULL,
  `priority` enum('normal','urgent','critical') COLLATE utf8mb4_unicode_ci NOT NULL DEFAULT 'normal',
  `category` enum('coordination','schedule_change','urgent_issue','ppm_update','general') COLLATE utf8mb4_unicode_ci NOT NULL DEFAULT 'general',
  `parent_id` bigint(20) unsigned DEFAULT NULL,
  `is_read` tinyint(1) NOT NULL DEFAULT '0',
  `read_at` timestamp NULL DEFAULT NULL,
  `created_at` timestamp NULL DEFAULT NULL,
  `updated_at` timestamp NULL DEFAULT NULL,
  PRIMARY KEY (`id`),
  KEY `user_messages_parent_id_foreign` (`parent_id`),
  KEY `user_messages_receiver_id_is_read_index` (`receiver_id`,`is_read`),
  KEY `user_messages_receiver_role_is_read_index` (`receiver_role`,`is_read`),
  KEY `user_messages_sender_id_created_at_index` (`sender_id`,`created_at`),
  KEY `user_messages_die_id_index` (`die_id`),
  CONSTRAINT `user_messages_die_id_foreign` FOREIGN KEY (`die_id`) REFERENCES `dies` (`id`) ON DELETE SET NULL,
  CONSTRAINT `user_messages_parent_id_foreign` FOREIGN KEY (`parent_id`) REFERENCES `user_messages` (`id`) ON DELETE SET NULL,
  CONSTRAINT `user_messages_receiver_id_foreign` FOREIGN KEY (`receiver_id`) REFERENCES `users` (`id`) ON DELETE SET NULL,
  CONSTRAINT `user_messages_sender_id_foreign` FOREIGN KEY (`sender_id`) REFERENCES `users` (`id`) ON DELETE CASCADE
) ENGINE=InnoDB DEFAULT CHARSET=utf8mb4 COLLATE=utf8mb4_unicode_ci;

-- Dumping data for table ppm_dies_monitoring.user_messages: ~0 rows (approximately)

/*!40103 SET TIME_ZONE=IFNULL(@OLD_TIME_ZONE, 'system') */;
/*!40101 SET SQL_MODE=IFNULL(@OLD_SQL_MODE, '') */;
/*!40014 SET FOREIGN_KEY_CHECKS=IFNULL(@OLD_FOREIGN_KEY_CHECKS, 1) */;
/*!40101 SET CHARACTER_SET_CLIENT=@OLD_CHARACTER_SET_CLIENT */;
/*!40111 SET SQL_NOTES=IFNULL(@OLD_SQL_NOTES, 1) */;
